-- phpMyAdmin SQL Dump
-- version 4.9.0.1
-- https://www.phpmyadmin.net/
--
-- Host: 127.0.0.1
-- Generation Time: Apr 29, 2020 at 02:03 PM
-- Server version: 10.3.16-MariaDB
-- PHP Version: 7.3.7

SET SQL_MODE = "NO_AUTO_VALUE_ON_ZERO";
SET AUTOCOMMIT = 0;
START TRANSACTION;
SET time_zone = "+00:00";


/*!40101 SET @OLD_CHARACTER_SET_CLIENT=@@CHARACTER_SET_CLIENT */;
/*!40101 SET @OLD_CHARACTER_SET_RESULTS=@@CHARACTER_SET_RESULTS */;
/*!40101 SET @OLD_COLLATION_CONNECTION=@@COLLATION_CONNECTION */;
/*!40101 SET NAMES utf8mb4 */;

--
-- Database: `quizzy_database`
--

-- --------------------------------------------------------

--
-- Table structure for table `administrators`
--

CREATE TABLE `administrators` (
  `id` bigint(20) UNSIGNED NOT NULL,
  `name` varchar(255) COLLATE utf8mb4_unicode_ci NOT NULL,
  `surname` varchar(255) COLLATE utf8mb4_unicode_ci NOT NULL,
  `patronymic` varchar(255) COLLATE utf8mb4_unicode_ci NOT NULL,
  `email` varchar(127) COLLATE utf8mb4_unicode_ci NOT NULL,
  `email_verified_at` timestamp NULL DEFAULT NULL,
  `password` varchar(255) COLLATE utf8mb4_unicode_ci NOT NULL,
  `password_changed` tinyint(1) NOT NULL DEFAULT 0,
  `remember_token` varchar(100) COLLATE utf8mb4_unicode_ci DEFAULT NULL,
  `created_at` timestamp NULL DEFAULT NULL,
  `updated_at` timestamp NULL DEFAULT NULL
) ENGINE=InnoDB DEFAULT CHARSET=utf8mb4 COLLATE=utf8mb4_unicode_ci;

--
-- Dumping data for table `administrators`
--

INSERT INTO `administrators` (`id`, `name`, `surname`, `patronymic`, `email`, `email_verified_at`, `password`, `password_changed`, `remember_token`, `created_at`, `updated_at`) VALUES
(1, 'system', 'system', 'system', 'system', NULL, '$2y$10$LlCG1xMzoNDd/HkmF8CZT.mn03cB8oWlQncFJELplJFuN2q5rQCPq', 0, NULL, '2020-04-25 06:15:34', '2020-04-25 06:15:34'),
(2, 'Євген', 'Григоровський', 'Сергійович', 'admin', NULL, '$2y$10$E.Un5TUvtQ1WhBQ4UYF86uOb8uJoEIiLE9qahdtURtmrvfxm49ntK', 0, NULL, '2020-04-25 06:15:34', '2020-04-25 06:15:34'),
(3, 'Ірина', 'Гутник', 'Іванівна', 'iryna-hutnyk', NULL, '$2y$10$7XinZDBt7LHJZ.tH/1VnPeWnfcdCuQC71cWhlOEZSyn39FdSgJYBu', 0, NULL, '2020-04-25 06:15:34', '2020-04-25 06:15:34'),
(4, 'Олександр', 'Моїк', 'Ігорович', 'sand', NULL, '$2y$10$8/wUCCzkX9Xwkp2hvfzLi.caVXGCxEQeMDWi7fZ89wq4UZF5r.O7.', 0, NULL, '2020-04-25 06:15:35', '2020-04-25 06:15:35');

-- --------------------------------------------------------

--
-- Table structure for table `answers`
--

CREATE TABLE `answers` (
  `id` bigint(20) UNSIGNED NOT NULL,
  `answer_option_id` bigint(20) UNSIGNED NOT NULL,
  `asked_question_id` bigint(20) UNSIGNED NOT NULL,
  `is_chosen` tinyint(4) NOT NULL DEFAULT 0
) ENGINE=InnoDB DEFAULT CHARSET=utf8mb4 COLLATE=utf8mb4_unicode_ci;

--
-- Dumping data for table `answers`
--

INSERT INTO `answers` (`id`, `answer_option_id`, `asked_question_id`, `is_chosen`) VALUES
(1, 144, 1, 1),
(2, 145, 1, 0),
(3, 146, 1, 1),
(4, 147, 2, 0),
(5, 148, 2, 1),
(6, 127, 3, 1),
(7, 128, 3, 0),
(8, 129, 3, 1),
(9, 88, 4, 1),
(10, 89, 4, 1),
(11, 90, 4, 1),
(12, 47, 5, 0),
(13, 48, 5, 0),
(14, 49, 5, 0),
(15, 50, 5, 1),
(16, 121, 6, 1),
(17, 122, 6, 1),
(18, 61, 7, 1),
(19, 62, 7, 0),
(20, 19, 8, 1),
(21, 20, 8, 0),
(22, 21, 8, 1),
(23, 22, 8, 1),
(24, 23, 8, 1),
(25, 63, 9, 1),
(26, 64, 9, 0),
(27, 65, 9, 1),
(28, 66, 9, 1),
(29, 67, 9, 1),
(30, 34, 10, 1),
(31, 35, 10, 0),
(32, 36, 10, 0),
(33, 6, 11, 1),
(34, 7, 11, 0),
(35, 8, 11, 0),
(36, 9, 11, 1),
(37, 10, 11, 0),
(38, 37, 12, 1),
(39, 38, 12, 0),
(40, 39, 12, 0),
(41, 51, 13, 0),
(42, 52, 13, 0),
(43, 53, 13, 0),
(44, 54, 13, 1),
(45, 55, 13, 1),
(46, 97, 14, 1),
(47, 98, 14, 0),
(48, 99, 14, 1),
(49, 100, 14, 0),
(50, 101, 14, 1),
(51, 130, 15, 1),
(52, 131, 15, 1),
(53, 132, 15, 0),
(54, 133, 15, 0),
(55, 134, 15, 1),
(56, 91, 16, 1),
(57, 92, 16, 1),
(58, 85, 17, 1),
(59, 86, 17, 1),
(60, 87, 17, 1),
(61, 73, 18, 1),
(62, 74, 18, 0),
(63, 75, 18, 1),
(64, 14, 19, 1),
(65, 15, 19, 1),
(66, 76, 20, 1),
(67, 77, 20, 0),
(68, 139, 21, 1),
(69, 140, 21, 1),
(70, 141, 21, 0),
(71, 142, 21, 1),
(72, 143, 21, 1),
(73, 106, 22, 1),
(74, 107, 22, 0),
(75, 108, 22, 0),
(76, 109, 22, 0),
(77, 56, 23, 1),
(78, 57, 23, 1),
(79, 112, 24, 1),
(80, 113, 24, 0),
(81, 114, 24, 1),
(82, 115, 24, 1),
(83, 116, 24, 0),
(84, 102, 25, 1),
(85, 103, 25, 1),
(86, 104, 25, 1),
(87, 105, 25, 1),
(88, 88, 26, 1),
(89, 89, 26, 1),
(90, 90, 26, 0),
(91, 19, 27, 1),
(92, 20, 27, 0),
(93, 21, 27, 1),
(94, 22, 27, 0),
(95, 23, 27, 0),
(96, 127, 28, 1),
(97, 128, 28, 1),
(98, 129, 28, 1),
(99, 121, 29, 1),
(100, 122, 29, 1),
(101, 47, 30, 0),
(102, 48, 30, 0),
(103, 49, 30, 0),
(104, 50, 30, 0),
(105, 61, 31, 1),
(106, 62, 31, 0),
(107, 29, 32, 1),
(108, 30, 32, 1),
(109, 31, 32, 0),
(110, 32, 32, 1),
(111, 33, 32, 1),
(112, 135, 33, 1),
(113, 136, 33, 1),
(114, 137, 33, 0),
(115, 138, 33, 1),
(116, 81, 34, 1),
(117, 82, 34, 1),
(118, 83, 34, 0),
(119, 84, 34, 0),
(120, 58, 35, 1),
(121, 59, 35, 1),
(122, 60, 35, 1),
(123, 123, 36, 1),
(124, 124, 36, 1),
(125, 125, 36, 1),
(126, 126, 36, 1),
(127, 16, 37, 1),
(128, 17, 37, 0),
(129, 18, 37, 0),
(130, 58, 38, 1),
(131, 59, 38, 1),
(132, 60, 38, 1),
(133, 135, 39, 0),
(134, 136, 39, 1),
(135, 137, 39, 1),
(136, 138, 39, 1),
(137, 16, 40, 1),
(138, 17, 40, 0),
(139, 18, 40, 0),
(140, 29, 41, 1),
(141, 30, 41, 0),
(142, 31, 41, 1),
(143, 32, 41, 0),
(144, 33, 41, 1),
(145, 123, 42, 1),
(146, 124, 42, 1),
(147, 125, 42, 1),
(148, 126, 42, 1),
(149, 81, 43, 1),
(150, 82, 43, 1),
(151, 83, 43, 1),
(152, 84, 43, 0),
(153, 121, 44, 1),
(154, 122, 44, 1),
(155, 127, 45, 1),
(156, 128, 45, 1),
(157, 129, 45, 1),
(158, 19, 46, 1),
(159, 20, 46, 0),
(160, 21, 46, 1),
(161, 22, 46, 0),
(162, 23, 46, 1),
(163, 47, 47, 0),
(164, 48, 47, 0),
(165, 49, 47, 1),
(166, 50, 47, 1),
(167, 61, 48, 1),
(168, 62, 48, 0),
(169, 88, 49, 1),
(170, 89, 49, 1),
(171, 90, 49, 0),
(172, 73, 50, 1),
(173, 74, 50, 0),
(174, 75, 50, 1),
(175, 102, 51, 1),
(176, 103, 51, 0),
(177, 104, 51, 0),
(178, 105, 51, 1),
(179, 112, 52, 1),
(180, 113, 52, 0),
(181, 114, 52, 1),
(182, 115, 52, 1),
(183, 116, 52, 1),
(184, 14, 53, 1),
(185, 15, 53, 1),
(186, 97, 54, 0),
(187, 98, 54, 1),
(188, 99, 54, 1),
(189, 100, 54, 1),
(190, 101, 54, 1),
(191, 76, 55, 1),
(192, 77, 55, 0),
(193, 139, 56, 1),
(194, 140, 56, 1),
(195, 141, 56, 0),
(196, 142, 56, 1),
(197, 143, 56, 0),
(198, 106, 57, 1),
(199, 107, 57, 0),
(200, 108, 57, 1),
(201, 109, 57, 1),
(202, 91, 58, 1),
(203, 92, 58, 0),
(204, 130, 59, 1),
(205, 131, 59, 1),
(206, 132, 59, 1),
(207, 133, 59, 0),
(208, 134, 59, 1),
(209, 85, 60, 1),
(210, 86, 60, 1),
(211, 87, 60, 0),
(212, 56, 61, 1),
(213, 57, 61, 1),
(214, 58, 62, 1),
(215, 59, 62, 1),
(216, 60, 62, 0),
(217, 81, 63, 1),
(218, 82, 63, 1),
(219, 83, 63, 1),
(220, 84, 63, 0),
(221, 16, 64, 1),
(222, 17, 64, 0),
(223, 18, 64, 0),
(224, 135, 65, 1),
(225, 136, 65, 1),
(226, 137, 65, 1),
(227, 138, 65, 1),
(228, 29, 66, 1),
(229, 30, 66, 1),
(230, 31, 66, 0),
(231, 32, 66, 1),
(232, 33, 66, 1),
(233, 123, 67, 1),
(234, 124, 67, 1),
(235, 125, 67, 1),
(236, 126, 67, 1),
(237, 88, 68, 1),
(238, 89, 68, 0),
(239, 90, 68, 1),
(240, 47, 69, 1),
(241, 48, 69, 0),
(242, 49, 69, 1),
(243, 50, 69, 1),
(244, 19, 70, 1),
(245, 20, 70, 1),
(246, 21, 70, 1),
(247, 22, 70, 0),
(248, 23, 70, 1),
(249, 61, 71, 0),
(250, 62, 71, 0),
(251, 121, 72, 1),
(252, 122, 72, 1),
(253, 127, 73, 1),
(254, 128, 73, 1),
(255, 129, 73, 1),
(256, 144, 74, 1),
(257, 145, 74, 0),
(258, 146, 74, 1),
(259, 147, 75, 0),
(260, 148, 75, 1),
(261, 37, 76, 1),
(262, 38, 76, 0),
(263, 39, 76, 0),
(264, 6, 77, 1),
(265, 7, 77, 0),
(266, 8, 77, 1),
(267, 9, 77, 0),
(268, 10, 77, 1),
(269, 34, 78, 1),
(270, 35, 78, 0),
(271, 36, 78, 0),
(272, 51, 79, 1),
(273, 52, 79, 0),
(274, 53, 79, 0),
(275, 54, 79, 1),
(276, 55, 79, 0),
(277, 63, 80, 1),
(278, 64, 80, 1),
(279, 65, 80, 1),
(280, 66, 80, 1),
(281, 67, 80, 0),
(282, 106, 81, 0),
(283, 107, 81, 0),
(284, 108, 81, 1),
(285, 109, 81, 1),
(286, 14, 82, 1),
(287, 15, 82, 1),
(288, 76, 83, 1),
(289, 77, 83, 0),
(290, 85, 84, 1),
(291, 86, 84, 1),
(292, 87, 84, 0),
(293, 97, 85, 1),
(294, 98, 85, 0),
(295, 99, 85, 1),
(296, 100, 85, 1),
(297, 101, 85, 1),
(298, 102, 86, 1),
(299, 103, 86, 1),
(300, 104, 86, 1),
(301, 105, 86, 1),
(302, 56, 87, 1),
(303, 57, 87, 0),
(304, 130, 88, 1),
(305, 131, 88, 1),
(306, 132, 88, 0),
(307, 133, 88, 1),
(308, 134, 88, 1),
(309, 112, 89, 1),
(310, 113, 89, 1),
(311, 114, 89, 1),
(312, 115, 89, 1),
(313, 116, 89, 1),
(314, 73, 90, 1),
(315, 74, 90, 0),
(316, 75, 90, 0),
(317, 139, 91, 1),
(318, 140, 91, 1),
(319, 141, 91, 0),
(320, 142, 91, 1),
(321, 143, 91, 1),
(322, 91, 92, 1),
(323, 92, 92, 1),
(324, 117, 93, 1),
(325, 118, 93, 1),
(326, 119, 93, 0),
(327, 120, 93, 1),
(328, 40, 94, 0),
(329, 41, 94, 1),
(330, 42, 94, 1),
(331, 110, 95, 1),
(332, 111, 95, 1),
(333, 93, 96, 1),
(334, 94, 96, 0),
(335, 95, 96, 1),
(336, 96, 96, 0),
(337, 11, 97, 1),
(338, 12, 97, 1),
(339, 13, 97, 0),
(340, 43, 98, 1),
(341, 44, 98, 1),
(342, 45, 98, 1),
(343, 46, 98, 0),
(344, 24, 99, 1),
(345, 25, 99, 1),
(346, 26, 99, 0),
(347, 27, 99, 1),
(348, 28, 99, 1),
(349, 68, 100, 1),
(350, 69, 100, 1),
(351, 70, 100, 1),
(352, 71, 100, 0),
(353, 72, 100, 0),
(354, 78, 101, 0),
(355, 79, 101, 0),
(356, 80, 101, 1),
(357, 6, 102, 1),
(358, 7, 102, 0),
(359, 8, 102, 0),
(360, 9, 102, 0),
(361, 10, 102, 1),
(362, 37, 103, 1),
(363, 38, 103, 0),
(364, 39, 103, 0),
(365, 63, 104, 1),
(366, 64, 104, 0),
(367, 65, 104, 0),
(368, 66, 104, 1),
(369, 67, 104, 1),
(370, 34, 105, 1),
(371, 35, 105, 0),
(372, 36, 105, 0),
(373, 51, 106, 1),
(374, 52, 106, 0),
(375, 53, 106, 0),
(376, 54, 106, 1),
(377, 55, 106, 1),
(378, 117, 107, 0),
(379, 118, 107, 1),
(380, 119, 107, 1),
(381, 120, 107, 1),
(382, 40, 108, 1),
(383, 41, 108, 0),
(384, 42, 108, 1),
(385, 11, 109, 1),
(386, 12, 109, 1),
(387, 13, 109, 1),
(388, 78, 110, 1),
(389, 79, 110, 0),
(390, 80, 110, 0),
(391, 68, 111, 1),
(392, 69, 111, 1),
(393, 70, 111, 1),
(394, 71, 111, 0),
(395, 72, 111, 1),
(396, 93, 112, 1),
(397, 94, 112, 0),
(398, 95, 112, 0),
(399, 96, 112, 0),
(400, 110, 113, 0),
(401, 111, 113, 0),
(402, 43, 114, 1),
(403, 44, 114, 0),
(404, 45, 114, 1),
(405, 46, 114, 0),
(406, 24, 115, 1),
(407, 25, 115, 1),
(408, 26, 115, 1),
(409, 27, 115, 1),
(410, 28, 115, 0),
(411, 19, 116, 1),
(412, 20, 116, 0),
(413, 21, 116, 1),
(414, 22, 116, 0),
(415, 23, 116, 1),
(416, 127, 117, 1),
(417, 128, 117, 1),
(418, 129, 117, 1),
(419, 47, 118, 1),
(420, 48, 118, 0),
(421, 49, 118, 1),
(422, 50, 118, 1),
(423, 88, 119, 1),
(424, 89, 119, 0),
(425, 90, 119, 1),
(426, 121, 120, 1),
(427, 122, 120, 1),
(428, 61, 121, 0),
(429, 62, 121, 0),
(430, 106, 122, 0),
(431, 107, 122, 0),
(432, 108, 122, 1),
(433, 109, 122, 1),
(434, 14, 123, 1),
(435, 15, 123, 0),
(436, 85, 124, 1),
(437, 86, 124, 1),
(438, 87, 124, 0),
(439, 102, 125, 1),
(440, 103, 125, 0),
(441, 104, 125, 1),
(442, 105, 125, 1),
(443, 112, 126, 0),
(444, 113, 126, 1),
(445, 114, 126, 1),
(446, 115, 126, 1),
(447, 116, 126, 1),
(448, 76, 127, 0),
(449, 77, 127, 0),
(450, 130, 128, 1),
(451, 131, 128, 0),
(452, 132, 128, 0),
(453, 133, 128, 0),
(454, 134, 128, 1),
(455, 56, 129, 1),
(456, 57, 129, 1),
(457, 73, 130, 1),
(458, 74, 130, 0),
(459, 75, 130, 1),
(460, 91, 131, 1),
(461, 92, 131, 1),
(462, 139, 132, 1),
(463, 140, 132, 1),
(464, 141, 132, 1),
(465, 142, 132, 0),
(466, 143, 132, 1),
(467, 97, 133, 1),
(468, 98, 133, 1),
(469, 99, 133, 1),
(470, 100, 133, 1),
(471, 101, 133, 1),
(472, 147, 134, 0),
(473, 148, 134, 1),
(474, 144, 135, 1),
(475, 145, 135, 0),
(476, 146, 135, 1),
(477, 16, 136, 1),
(478, 17, 136, 0),
(479, 18, 136, 0),
(480, 29, 137, 1),
(481, 30, 137, 1),
(482, 31, 137, 0),
(483, 32, 137, 1),
(484, 33, 137, 1),
(485, 81, 138, 1),
(486, 82, 138, 1),
(487, 83, 138, 1),
(488, 84, 138, 0),
(489, 123, 139, 1),
(490, 124, 139, 1),
(491, 125, 139, 1),
(492, 126, 139, 1),
(493, 58, 140, 1),
(494, 59, 140, 0),
(495, 60, 140, 1),
(496, 135, 141, 1),
(497, 136, 141, 1),
(498, 137, 141, 1),
(499, 138, 141, 1),
(500, 110, 142, 0),
(501, 111, 142, 1),
(502, 40, 143, 1),
(503, 41, 143, 0),
(504, 42, 143, 1),
(505, 68, 144, 1),
(506, 69, 144, 1),
(507, 70, 144, 1),
(508, 71, 144, 1),
(509, 72, 144, 1),
(510, 93, 145, 1),
(511, 94, 145, 0),
(512, 95, 145, 1),
(513, 96, 145, 0),
(514, 117, 146, 1),
(515, 118, 146, 1),
(516, 119, 146, 0),
(517, 120, 146, 1),
(518, 43, 147, 0),
(519, 44, 147, 0),
(520, 45, 147, 0),
(521, 46, 147, 0),
(522, 24, 148, 1),
(523, 25, 148, 1),
(524, 26, 148, 0),
(525, 27, 148, 0),
(526, 28, 148, 1),
(527, 78, 149, 1),
(528, 79, 149, 0),
(529, 80, 149, 1),
(530, 11, 150, 1),
(531, 12, 150, 1),
(532, 13, 150, 1),
(533, 29, 151, 1),
(534, 30, 151, 1),
(535, 31, 151, 0),
(536, 32, 151, 1),
(537, 33, 151, 1),
(538, 16, 152, 1),
(539, 17, 152, 0),
(540, 18, 152, 0),
(541, 135, 153, 1),
(542, 136, 153, 1),
(543, 137, 153, 0),
(544, 138, 153, 1),
(545, 81, 154, 1),
(546, 82, 154, 1),
(547, 83, 154, 0),
(548, 84, 154, 0),
(549, 123, 155, 1),
(550, 124, 155, 1),
(551, 125, 155, 1),
(552, 126, 155, 1),
(553, 58, 156, 1),
(554, 59, 156, 1),
(555, 60, 156, 1),
(556, 144, 157, 1),
(557, 145, 157, 0),
(558, 146, 157, 0),
(559, 147, 158, 0),
(560, 148, 158, 1),
(561, 37, 159, 1),
(562, 38, 159, 0),
(563, 39, 159, 0),
(564, 34, 160, 1),
(565, 35, 160, 1),
(566, 36, 160, 0),
(567, 51, 161, 1),
(568, 52, 161, 0),
(569, 53, 161, 1),
(570, 54, 161, 1),
(571, 55, 161, 1),
(572, 6, 162, 0),
(573, 7, 162, 0),
(574, 8, 162, 0),
(575, 9, 162, 1),
(576, 10, 162, 1),
(577, 63, 163, 1),
(578, 64, 163, 0),
(579, 65, 163, 1),
(580, 66, 163, 1),
(581, 67, 163, 1),
(582, 144, 164, 0),
(583, 145, 164, 0),
(584, 146, 164, 1),
(585, 147, 165, 1),
(586, 148, 165, 1),
(587, 81, 166, 1),
(588, 82, 166, 1),
(589, 83, 166, 1),
(590, 84, 166, 0),
(591, 58, 167, 1),
(592, 59, 167, 1),
(593, 60, 167, 1),
(594, 135, 168, 1),
(595, 136, 168, 1),
(596, 137, 168, 1),
(597, 138, 168, 1),
(598, 16, 169, 1),
(599, 17, 169, 0),
(600, 18, 169, 0),
(601, 123, 170, 1),
(602, 124, 170, 1),
(603, 125, 170, 1),
(604, 126, 170, 1),
(605, 29, 171, 1),
(606, 30, 171, 1),
(607, 31, 171, 0),
(608, 32, 171, 0),
(609, 33, 171, 0),
(610, 147, 172, 0),
(611, 148, 172, 1),
(612, 144, 173, 1),
(613, 145, 173, 0),
(614, 146, 173, 1),
(615, 51, 174, 1),
(616, 52, 174, 0),
(617, 53, 174, 0),
(618, 54, 174, 1),
(619, 55, 174, 1),
(620, 63, 175, 1),
(621, 64, 175, 0),
(622, 65, 175, 1),
(623, 66, 175, 0),
(624, 67, 175, 1),
(625, 6, 176, 1),
(626, 7, 176, 0),
(627, 8, 176, 0),
(628, 9, 176, 0),
(629, 10, 176, 0),
(630, 34, 177, 1),
(631, 35, 177, 1),
(632, 36, 177, 0),
(633, 37, 178, 1),
(634, 38, 178, 1),
(635, 39, 178, 1),
(636, 147, 179, 0),
(637, 148, 179, 0),
(638, 144, 180, 1),
(639, 145, 180, 0),
(640, 146, 180, 1),
(641, 121, 181, 1),
(642, 122, 181, 1),
(643, 61, 182, 1),
(644, 62, 182, 0),
(645, 19, 183, 1),
(646, 20, 183, 1),
(647, 21, 183, 1),
(648, 22, 183, 0),
(649, 23, 183, 1),
(650, 127, 184, 1),
(651, 128, 184, 1),
(652, 129, 184, 1),
(653, 88, 185, 1),
(654, 89, 185, 1),
(655, 90, 185, 1),
(656, 47, 186, 0),
(657, 48, 186, 0),
(658, 49, 186, 1),
(659, 50, 186, 1),
(660, 147, 187, 0),
(661, 148, 187, 1),
(662, 144, 188, 1),
(663, 145, 188, 0),
(664, 146, 188, 1),
(665, 16, 189, 1),
(666, 17, 189, 0),
(667, 18, 189, 0),
(668, 29, 190, 1),
(669, 30, 190, 1),
(670, 31, 190, 0),
(671, 32, 190, 1),
(672, 33, 190, 1),
(673, 123, 191, 1),
(674, 124, 191, 1),
(675, 125, 191, 1),
(676, 126, 191, 1),
(677, 135, 192, 1),
(678, 136, 192, 1),
(679, 137, 192, 1),
(680, 138, 192, 1),
(681, 81, 193, 1),
(682, 82, 193, 0),
(683, 83, 193, 1),
(684, 84, 193, 1),
(685, 58, 194, 1),
(686, 59, 194, 1),
(687, 60, 194, 1),
(688, 51, 195, 1),
(689, 52, 195, 0),
(690, 53, 195, 0),
(691, 54, 195, 1),
(692, 55, 195, 0),
(693, 34, 196, 1),
(694, 35, 196, 0),
(695, 36, 196, 0),
(696, 6, 197, 1),
(697, 7, 197, 1),
(698, 8, 197, 0),
(699, 9, 197, 0),
(700, 10, 197, 1),
(701, 63, 198, 0),
(702, 64, 198, 0),
(703, 65, 198, 1),
(704, 66, 198, 1),
(705, 67, 198, 1),
(706, 37, 199, 1),
(707, 38, 199, 0),
(708, 39, 199, 0),
(709, 58, 200, 1),
(710, 59, 200, 1),
(711, 60, 200, 1),
(712, 123, 201, 1),
(713, 124, 201, 1),
(714, 125, 201, 0),
(715, 126, 201, 1),
(716, 135, 202, 1),
(717, 136, 202, 1),
(718, 137, 202, 1),
(719, 138, 202, 1),
(720, 29, 203, 1),
(721, 30, 203, 0),
(722, 31, 203, 0),
(723, 32, 203, 1),
(724, 33, 203, 1),
(725, 16, 204, 0),
(726, 17, 204, 0),
(727, 18, 204, 1),
(728, 81, 205, 1),
(729, 82, 205, 1),
(730, 83, 205, 1),
(731, 84, 205, 0),
(732, 144, 206, 1),
(733, 145, 206, 0),
(734, 146, 206, 1),
(735, 147, 207, 0),
(736, 148, 207, 1),
(737, 147, 208, 0),
(738, 148, 208, 1),
(739, 144, 209, 1),
(740, 145, 209, 0),
(741, 146, 209, 1),
(742, 34, 210, 0),
(743, 35, 210, 0),
(744, 36, 210, 0),
(745, 6, 211, 1),
(746, 7, 211, 0),
(747, 8, 211, 0),
(748, 9, 211, 0),
(749, 10, 211, 1),
(750, 63, 212, 1),
(751, 64, 212, 0),
(752, 65, 212, 1),
(753, 66, 212, 1),
(754, 67, 212, 1),
(755, 51, 213, 1),
(756, 52, 213, 0),
(757, 53, 213, 0),
(758, 54, 213, 1),
(759, 55, 213, 1),
(760, 37, 214, 1),
(761, 38, 214, 0),
(762, 39, 214, 0),
(763, 106, 215, 1),
(764, 107, 215, 0),
(765, 108, 215, 1),
(766, 109, 215, 0),
(767, 139, 216, 1),
(768, 140, 216, 0),
(769, 141, 216, 0),
(770, 142, 216, 1),
(771, 143, 216, 1),
(772, 85, 217, 1),
(773, 86, 217, 1),
(774, 87, 217, 0),
(775, 56, 218, 1),
(776, 57, 218, 0),
(777, 91, 219, 0),
(778, 92, 219, 1),
(779, 102, 220, 1),
(780, 103, 220, 0),
(781, 104, 220, 1),
(782, 105, 220, 1),
(783, 112, 221, 1),
(784, 113, 221, 0),
(785, 114, 221, 1),
(786, 115, 221, 1),
(787, 116, 221, 1),
(788, 130, 222, 1),
(789, 131, 222, 1),
(790, 132, 222, 0),
(791, 133, 222, 0),
(792, 134, 222, 1),
(793, 76, 223, 0),
(794, 77, 223, 0),
(795, 14, 224, 1),
(796, 15, 224, 1),
(797, 73, 225, 0),
(798, 74, 225, 0),
(799, 75, 225, 1),
(800, 97, 226, 0),
(801, 98, 226, 1),
(802, 99, 226, 1),
(803, 100, 226, 1),
(804, 101, 226, 1),
(805, 63, 227, 1),
(806, 64, 227, 1),
(807, 65, 227, 1),
(808, 66, 227, 1),
(809, 67, 227, 1),
(810, 34, 228, 1),
(811, 35, 228, 0),
(812, 36, 228, 0),
(813, 51, 229, 1),
(814, 52, 229, 1),
(815, 53, 229, 0),
(816, 54, 229, 0),
(817, 55, 229, 1),
(818, 6, 230, 1),
(819, 7, 230, 0),
(820, 8, 230, 0),
(821, 9, 230, 0),
(822, 10, 230, 1),
(823, 37, 231, 1),
(824, 38, 231, 1),
(825, 39, 231, 0),
(826, 81, 232, 1),
(827, 82, 232, 1),
(828, 83, 232, 0),
(829, 84, 232, 1),
(830, 135, 233, 0),
(831, 136, 233, 1),
(832, 137, 233, 1),
(833, 138, 233, 1),
(834, 123, 234, 1),
(835, 124, 234, 1),
(836, 125, 234, 0),
(837, 126, 234, 1),
(838, 29, 235, 1),
(839, 30, 235, 1),
(840, 31, 235, 0),
(841, 32, 235, 1),
(842, 33, 235, 1),
(843, 16, 236, 1),
(844, 17, 236, 0),
(845, 18, 236, 0),
(846, 58, 237, 1),
(847, 59, 237, 1),
(848, 60, 237, 1),
(849, 139, 238, 1),
(850, 140, 238, 1),
(851, 141, 238, 0),
(852, 142, 238, 0),
(853, 143, 238, 1),
(854, 85, 239, 1),
(855, 86, 239, 0),
(856, 87, 239, 0),
(857, 112, 240, 0),
(858, 113, 240, 0),
(859, 114, 240, 1),
(860, 115, 240, 1),
(861, 116, 240, 1),
(862, 106, 241, 1),
(863, 107, 241, 0),
(864, 108, 241, 0),
(865, 109, 241, 1),
(866, 97, 242, 1),
(867, 98, 242, 1),
(868, 99, 242, 1),
(869, 100, 242, 1),
(870, 101, 242, 1),
(871, 56, 243, 1),
(872, 57, 243, 1),
(873, 102, 244, 1),
(874, 103, 244, 0),
(875, 104, 244, 1),
(876, 105, 244, 1),
(877, 73, 245, 1),
(878, 74, 245, 0),
(879, 75, 245, 1),
(880, 14, 246, 1),
(881, 15, 246, 1),
(882, 91, 247, 1),
(883, 92, 247, 1),
(884, 76, 248, 1),
(885, 77, 248, 0),
(886, 130, 249, 1),
(887, 131, 249, 1),
(888, 132, 249, 0),
(889, 133, 249, 0),
(890, 134, 249, 0),
(891, 97, 250, 1),
(892, 98, 250, 1),
(893, 99, 250, 1),
(894, 100, 250, 0),
(895, 101, 250, 1),
(896, 73, 251, 1),
(897, 74, 251, 0),
(898, 75, 251, 1),
(899, 85, 252, 1),
(900, 86, 252, 1),
(901, 87, 252, 0),
(902, 106, 253, 1),
(903, 107, 253, 1),
(904, 108, 253, 1),
(905, 109, 253, 1),
(906, 102, 254, 1),
(907, 103, 254, 0),
(908, 104, 254, 1),
(909, 105, 254, 1),
(910, 14, 255, 1),
(911, 15, 255, 0),
(912, 56, 256, 1),
(913, 57, 256, 0),
(914, 112, 257, 0),
(915, 113, 257, 0),
(916, 114, 257, 0),
(917, 115, 257, 1),
(918, 116, 257, 0),
(919, 91, 258, 0),
(920, 92, 258, 1),
(921, 139, 259, 1),
(922, 140, 259, 0),
(923, 141, 259, 1),
(924, 142, 259, 0),
(925, 143, 259, 1),
(926, 76, 260, 1),
(927, 77, 260, 0),
(928, 130, 261, 1),
(929, 131, 261, 1),
(930, 132, 261, 0),
(931, 133, 261, 0),
(932, 134, 261, 1),
(933, 63, 262, 0),
(934, 64, 262, 0),
(935, 65, 262, 0),
(936, 66, 262, 1),
(937, 67, 262, 1),
(938, 6, 263, 1),
(939, 7, 263, 0),
(940, 8, 263, 0),
(941, 9, 263, 0),
(942, 10, 263, 1),
(943, 37, 264, 0),
(944, 38, 264, 0),
(945, 39, 264, 0),
(946, 51, 265, 1),
(947, 52, 265, 0),
(948, 53, 265, 0),
(949, 54, 265, 1),
(950, 55, 265, 1),
(951, 34, 266, 1),
(952, 35, 266, 0),
(953, 36, 266, 0),
(954, 37, 267, 1),
(955, 38, 267, 0),
(956, 39, 267, 0),
(957, 51, 268, 0),
(958, 52, 268, 0),
(959, 53, 268, 0),
(960, 54, 268, 1),
(961, 55, 268, 1),
(962, 34, 269, 1),
(963, 35, 269, 0),
(964, 36, 269, 1),
(965, 6, 270, 0),
(966, 7, 270, 0),
(967, 8, 270, 1),
(968, 9, 270, 1),
(969, 10, 270, 1),
(970, 63, 271, 1),
(971, 64, 271, 0),
(972, 65, 271, 1),
(973, 66, 271, 0),
(974, 67, 271, 1),
(975, 6, 272, 1),
(976, 7, 272, 0),
(977, 8, 272, 0),
(978, 9, 272, 0),
(979, 10, 272, 0),
(980, 37, 273, 1),
(981, 38, 273, 0),
(982, 39, 273, 1),
(983, 63, 274, 1),
(984, 64, 274, 0),
(985, 65, 274, 1),
(986, 66, 274, 1),
(987, 67, 274, 1),
(988, 51, 275, 1),
(989, 52, 275, 1),
(990, 53, 275, 0),
(991, 54, 275, 1),
(992, 55, 275, 1),
(993, 34, 276, 1),
(994, 35, 276, 0),
(995, 36, 276, 0),
(996, 19, 277, 1),
(997, 20, 277, 1),
(998, 21, 277, 1),
(999, 22, 277, 0),
(1000, 23, 277, 1),
(1001, 47, 278, 1),
(1002, 48, 278, 0),
(1003, 49, 278, 1),
(1004, 50, 278, 1),
(1005, 127, 279, 1),
(1006, 128, 279, 1),
(1007, 129, 279, 0),
(1008, 88, 280, 0),
(1009, 89, 280, 1),
(1010, 90, 280, 1),
(1011, 61, 281, 1),
(1012, 62, 281, 0),
(1013, 121, 282, 1),
(1014, 122, 282, 1),
(1015, 29, 283, 1),
(1016, 30, 283, 1),
(1017, 31, 283, 0),
(1018, 32, 283, 1),
(1019, 33, 283, 1),
(1020, 58, 284, 1),
(1021, 59, 284, 0),
(1022, 60, 284, 0),
(1023, 123, 285, 1),
(1024, 124, 285, 1),
(1025, 125, 285, 0),
(1026, 126, 285, 1),
(1027, 81, 286, 1),
(1028, 82, 286, 1),
(1029, 83, 286, 1),
(1030, 84, 286, 0),
(1031, 16, 287, 1),
(1032, 17, 287, 0),
(1033, 18, 287, 0),
(1034, 135, 288, 1),
(1035, 136, 288, 1),
(1036, 137, 288, 1),
(1037, 138, 288, 0),
(1038, 88, 289, 1),
(1039, 89, 289, 1),
(1040, 90, 289, 1),
(1041, 121, 290, 1),
(1042, 122, 290, 1),
(1043, 47, 291, 1),
(1044, 48, 291, 0),
(1045, 49, 291, 0),
(1046, 50, 291, 1),
(1047, 127, 292, 1),
(1048, 128, 292, 1),
(1049, 129, 292, 0),
(1050, 61, 293, 1),
(1051, 62, 293, 0),
(1052, 19, 294, 1),
(1053, 20, 294, 0),
(1054, 21, 294, 1),
(1055, 22, 294, 0),
(1056, 23, 294, 1),
(1057, 40, 295, 1),
(1058, 41, 295, 1),
(1059, 42, 295, 1),
(1060, 43, 296, 1),
(1061, 44, 296, 1),
(1062, 45, 296, 1),
(1063, 46, 296, 0),
(1064, 110, 297, 1),
(1065, 111, 297, 1),
(1066, 78, 298, 1),
(1067, 79, 298, 0),
(1068, 80, 298, 1),
(1069, 93, 299, 1),
(1070, 94, 299, 0),
(1071, 95, 299, 1),
(1072, 96, 299, 0),
(1073, 117, 300, 1),
(1074, 118, 300, 1),
(1075, 119, 300, 1),
(1076, 120, 300, 0),
(1077, 24, 301, 1),
(1078, 25, 301, 1),
(1079, 26, 301, 0),
(1080, 27, 301, 1),
(1081, 28, 301, 1),
(1082, 68, 302, 1),
(1083, 69, 302, 1),
(1084, 70, 302, 1),
(1085, 71, 302, 0),
(1086, 72, 302, 1),
(1087, 11, 303, 1),
(1088, 12, 303, 1),
(1089, 13, 303, 0),
(1090, 29, 304, 1),
(1091, 30, 304, 1),
(1092, 31, 304, 0),
(1093, 32, 304, 1),
(1094, 33, 304, 1),
(1095, 81, 305, 0),
(1096, 82, 305, 1),
(1097, 83, 305, 1),
(1098, 84, 305, 0),
(1099, 58, 306, 1),
(1100, 59, 306, 1),
(1101, 60, 306, 1),
(1102, 135, 307, 0),
(1103, 136, 307, 1),
(1104, 137, 307, 1),
(1105, 138, 307, 0),
(1106, 123, 308, 1),
(1107, 124, 308, 1),
(1108, 125, 308, 1),
(1109, 126, 308, 1),
(1110, 16, 309, 1),
(1111, 17, 309, 0),
(1112, 18, 309, 0),
(1113, 127, 310, 1),
(1114, 128, 310, 1),
(1115, 129, 310, 1),
(1116, 88, 311, 1),
(1117, 89, 311, 0),
(1118, 90, 311, 1),
(1119, 47, 312, 1),
(1120, 48, 312, 0),
(1121, 49, 312, 1),
(1122, 50, 312, 1),
(1123, 19, 313, 1),
(1124, 20, 313, 0),
(1125, 21, 313, 1),
(1126, 22, 313, 0),
(1127, 23, 313, 1),
(1128, 121, 314, 1),
(1129, 122, 314, 1),
(1130, 61, 315, 0),
(1131, 62, 315, 0),
(1132, 147, 316, 0),
(1133, 148, 316, 1),
(1134, 144, 317, 1),
(1135, 145, 317, 0),
(1136, 146, 317, 0),
(1137, 147, 318, 0),
(1138, 148, 318, 0),
(1139, 144, 319, 0),
(1140, 145, 319, 0),
(1141, 146, 319, 1),
(1142, 43, 320, 1),
(1143, 44, 320, 0),
(1144, 45, 320, 1),
(1145, 46, 320, 0),
(1146, 110, 321, 1),
(1147, 111, 321, 1),
(1148, 78, 322, 1),
(1149, 79, 322, 0),
(1150, 80, 322, 1),
(1151, 24, 323, 1),
(1152, 25, 323, 1),
(1153, 26, 323, 0),
(1154, 27, 323, 1),
(1155, 28, 323, 1),
(1156, 40, 324, 1),
(1157, 41, 324, 1),
(1158, 42, 324, 1),
(1159, 93, 325, 1),
(1160, 94, 325, 0),
(1161, 95, 325, 1),
(1162, 96, 325, 0),
(1163, 68, 326, 1),
(1164, 69, 326, 1),
(1165, 70, 326, 1),
(1166, 71, 326, 0),
(1167, 72, 326, 1),
(1168, 117, 327, 1),
(1169, 118, 327, 1),
(1170, 119, 327, 0),
(1171, 120, 327, 1),
(1172, 11, 328, 1),
(1173, 12, 328, 1),
(1174, 13, 328, 1),
(1175, 14, 329, 1),
(1176, 15, 329, 1),
(1177, 56, 330, 1),
(1178, 57, 330, 0),
(1179, 102, 331, 1),
(1180, 103, 331, 0),
(1181, 104, 331, 1),
(1182, 105, 331, 1),
(1183, 76, 332, 1),
(1184, 77, 332, 0),
(1185, 112, 333, 1),
(1186, 113, 333, 0),
(1187, 114, 333, 1),
(1188, 115, 333, 1),
(1189, 116, 333, 1),
(1190, 73, 334, 1),
(1191, 74, 334, 0),
(1192, 75, 334, 1),
(1193, 97, 335, 0),
(1194, 98, 335, 1),
(1195, 99, 335, 1),
(1196, 100, 335, 1),
(1197, 101, 335, 1),
(1198, 130, 336, 1),
(1199, 131, 336, 1),
(1200, 132, 336, 1),
(1201, 133, 336, 0),
(1202, 134, 336, 0),
(1203, 91, 337, 1),
(1204, 92, 337, 1),
(1205, 139, 338, 1),
(1206, 140, 338, 1),
(1207, 141, 338, 1),
(1208, 142, 338, 1),
(1209, 143, 338, 1),
(1210, 106, 339, 1),
(1211, 107, 339, 0),
(1212, 108, 339, 0),
(1213, 109, 339, 1),
(1214, 85, 340, 1),
(1215, 86, 340, 1),
(1216, 87, 340, 0),
(1217, 144, 341, 1),
(1218, 145, 341, 0),
(1219, 146, 341, 1),
(1220, 147, 342, 0),
(1221, 148, 342, 1),
(1222, 6, 343, 1),
(1223, 7, 343, 0),
(1224, 8, 343, 0),
(1225, 9, 343, 1),
(1226, 10, 343, 1),
(1227, 34, 344, 1),
(1228, 35, 344, 0),
(1229, 36, 344, 0),
(1230, 51, 345, 1),
(1231, 52, 345, 0),
(1232, 53, 345, 0),
(1233, 54, 345, 1),
(1234, 55, 345, 1),
(1235, 63, 346, 1),
(1236, 64, 346, 0),
(1237, 65, 346, 0),
(1238, 66, 346, 1),
(1239, 67, 346, 1),
(1240, 37, 347, 0),
(1241, 38, 347, 0),
(1242, 39, 347, 0),
(1243, 147, 348, 0),
(1244, 148, 348, 0),
(1245, 144, 349, 1),
(1246, 145, 349, 0),
(1247, 146, 349, 1),
(1248, 61, 350, 1),
(1249, 62, 350, 0),
(1250, 19, 351, 1),
(1251, 20, 351, 0),
(1252, 21, 351, 1),
(1253, 22, 351, 0),
(1254, 23, 351, 1),
(1255, 127, 352, 1),
(1256, 128, 352, 1),
(1257, 129, 352, 1),
(1258, 47, 353, 1),
(1259, 48, 353, 0),
(1260, 49, 353, 1),
(1261, 50, 353, 1),
(1262, 88, 354, 1),
(1263, 89, 354, 1),
(1264, 90, 354, 1),
(1265, 121, 355, 1),
(1266, 122, 355, 1),
(1267, 76, 356, 1),
(1268, 77, 356, 1),
(1269, 139, 357, 1),
(1270, 140, 357, 1),
(1271, 141, 357, 1),
(1272, 142, 357, 1),
(1273, 143, 357, 1),
(1274, 14, 358, 1),
(1275, 15, 358, 1),
(1276, 56, 359, 1),
(1277, 57, 359, 1),
(1278, 97, 360, 0),
(1279, 98, 360, 1),
(1280, 99, 360, 1),
(1281, 100, 360, 1),
(1282, 101, 360, 1),
(1283, 91, 361, 1),
(1284, 92, 361, 1),
(1285, 73, 362, 1),
(1286, 74, 362, 0),
(1287, 75, 362, 1),
(1288, 85, 363, 0),
(1289, 86, 363, 1),
(1290, 87, 363, 1),
(1291, 130, 364, 1),
(1292, 131, 364, 1),
(1293, 132, 364, 0),
(1294, 133, 364, 1),
(1295, 134, 364, 1),
(1296, 112, 365, 1),
(1297, 113, 365, 0),
(1298, 114, 365, 1),
(1299, 115, 365, 1),
(1300, 116, 365, 1),
(1301, 102, 366, 1),
(1302, 103, 366, 1),
(1303, 104, 366, 0),
(1304, 105, 366, 1),
(1305, 106, 367, 1),
(1306, 107, 367, 0),
(1307, 108, 367, 1),
(1308, 109, 367, 1),
(1309, 16, 368, 1),
(1310, 17, 368, 1),
(1311, 18, 368, 0),
(1312, 29, 369, 1),
(1313, 30, 369, 1),
(1314, 31, 369, 0),
(1315, 32, 369, 1),
(1316, 33, 369, 1),
(1317, 135, 370, 1),
(1318, 136, 370, 0),
(1319, 137, 370, 1),
(1320, 138, 370, 1),
(1321, 81, 371, 1),
(1322, 82, 371, 1),
(1323, 83, 371, 1),
(1324, 84, 371, 0),
(1325, 123, 372, 1),
(1326, 124, 372, 1),
(1327, 125, 372, 0),
(1328, 126, 372, 1),
(1329, 58, 373, 1),
(1330, 59, 373, 1),
(1331, 60, 373, 1),
(1332, 88, 374, 1),
(1333, 89, 374, 0),
(1334, 90, 374, 1),
(1335, 61, 375, 1),
(1336, 62, 375, 1),
(1337, 19, 376, 1),
(1338, 20, 376, 0),
(1339, 21, 376, 0),
(1340, 22, 376, 0),
(1341, 23, 376, 1),
(1342, 127, 377, 0),
(1343, 128, 377, 0),
(1344, 129, 377, 1),
(1345, 121, 378, 1),
(1346, 122, 378, 1),
(1347, 47, 379, 1),
(1348, 48, 379, 0),
(1349, 49, 379, 1),
(1350, 50, 379, 1),
(1351, 135, 380, 1),
(1352, 136, 380, 1),
(1353, 137, 380, 0),
(1354, 138, 380, 1),
(1355, 16, 381, 1),
(1356, 17, 381, 0),
(1357, 18, 381, 0),
(1358, 58, 382, 1),
(1359, 59, 382, 1),
(1360, 60, 382, 0),
(1361, 123, 383, 1),
(1362, 124, 383, 1),
(1363, 125, 383, 1),
(1364, 126, 383, 1),
(1365, 29, 384, 1),
(1366, 30, 384, 1),
(1367, 31, 384, 0),
(1368, 32, 384, 1),
(1369, 33, 384, 1),
(1370, 81, 385, 1),
(1371, 82, 385, 1),
(1372, 83, 385, 1),
(1373, 84, 385, 0),
(1374, 40, 386, 1),
(1375, 41, 386, 0),
(1376, 42, 386, 1),
(1377, 117, 387, 1),
(1378, 118, 387, 1),
(1379, 119, 387, 1),
(1380, 120, 387, 0),
(1381, 93, 388, 1),
(1382, 94, 388, 0),
(1383, 95, 388, 1),
(1384, 96, 388, 0),
(1385, 78, 389, 1),
(1386, 79, 389, 0),
(1387, 80, 389, 1),
(1388, 110, 390, 1),
(1389, 111, 390, 1),
(1390, 43, 391, 0),
(1391, 44, 391, 0),
(1392, 45, 391, 1),
(1393, 46, 391, 0),
(1394, 68, 392, 1),
(1395, 69, 392, 1),
(1396, 70, 392, 1),
(1397, 71, 392, 0),
(1398, 72, 392, 1),
(1399, 24, 393, 1),
(1400, 25, 393, 1),
(1401, 26, 393, 0),
(1402, 27, 393, 1),
(1403, 28, 393, 1),
(1404, 11, 394, 1),
(1405, 12, 394, 1),
(1406, 13, 394, 1),
(1407, 144, 395, 0),
(1408, 145, 395, 0),
(1409, 146, 395, 1),
(1410, 147, 396, 0),
(1411, 148, 396, 1),
(1412, 61, 397, 1),
(1413, 62, 397, 1),
(1414, 121, 398, 1),
(1415, 122, 398, 1),
(1416, 127, 399, 1),
(1417, 128, 399, 1),
(1418, 129, 399, 1),
(1419, 88, 400, 1),
(1420, 89, 400, 0),
(1421, 90, 400, 1),
(1422, 19, 401, 1),
(1423, 20, 401, 0),
(1424, 21, 401, 1),
(1425, 22, 401, 0),
(1426, 23, 401, 1),
(1427, 47, 402, 1),
(1428, 48, 402, 0),
(1429, 49, 402, 1),
(1430, 50, 402, 0),
(1431, 56, 403, 1),
(1432, 57, 403, 0),
(1433, 85, 404, 1),
(1434, 86, 404, 1),
(1435, 87, 404, 0),
(1436, 112, 405, 1),
(1437, 113, 405, 0),
(1438, 114, 405, 1),
(1439, 115, 405, 1),
(1440, 116, 405, 0),
(1441, 76, 406, 1),
(1442, 77, 406, 0),
(1443, 130, 407, 0),
(1444, 131, 407, 1),
(1445, 132, 407, 0),
(1446, 133, 407, 0),
(1447, 134, 407, 1),
(1448, 106, 408, 1),
(1449, 107, 408, 0),
(1450, 108, 408, 1),
(1451, 109, 408, 1),
(1452, 102, 409, 1),
(1453, 103, 409, 0),
(1454, 104, 409, 1),
(1455, 105, 409, 1),
(1456, 139, 410, 0),
(1457, 140, 410, 0),
(1458, 141, 410, 0),
(1459, 142, 410, 1),
(1460, 143, 410, 1),
(1461, 14, 411, 0),
(1462, 15, 411, 1),
(1463, 97, 412, 0),
(1464, 98, 412, 1),
(1465, 99, 412, 1),
(1466, 100, 412, 1),
(1467, 101, 412, 1),
(1468, 91, 413, 1),
(1469, 92, 413, 1),
(1470, 73, 414, 1),
(1471, 74, 414, 0),
(1472, 75, 414, 1),
(1473, 37, 415, 1),
(1474, 38, 415, 0),
(1475, 39, 415, 0),
(1476, 34, 416, 1),
(1477, 35, 416, 0),
(1478, 36, 416, 1),
(1479, 51, 417, 1),
(1480, 52, 417, 0),
(1481, 53, 417, 1),
(1482, 54, 417, 1),
(1483, 55, 417, 1),
(1484, 63, 418, 1),
(1485, 64, 418, 0),
(1486, 65, 418, 1),
(1487, 66, 418, 1),
(1488, 67, 418, 1),
(1489, 6, 419, 1),
(1490, 7, 419, 1),
(1491, 8, 419, 0),
(1492, 9, 419, 0),
(1493, 10, 419, 1),
(1494, 127, 420, 1),
(1495, 128, 420, 1),
(1496, 129, 420, 0),
(1497, 121, 421, 1),
(1498, 122, 421, 1),
(1499, 47, 422, 1),
(1500, 48, 422, 0),
(1501, 49, 422, 1),
(1502, 50, 422, 1),
(1503, 19, 423, 1),
(1504, 20, 423, 0),
(1505, 21, 423, 1),
(1506, 22, 423, 0),
(1507, 23, 423, 1),
(1508, 88, 424, 1),
(1509, 89, 424, 1),
(1510, 90, 424, 1),
(1511, 61, 425, 1),
(1512, 62, 425, 0),
(1513, 81, 426, 1),
(1514, 82, 426, 0),
(1515, 83, 426, 1),
(1516, 84, 426, 0),
(1517, 58, 427, 1),
(1518, 59, 427, 1),
(1519, 60, 427, 1),
(1520, 135, 428, 1),
(1521, 136, 428, 1),
(1522, 137, 428, 1),
(1523, 138, 428, 0),
(1524, 16, 429, 0),
(1525, 17, 429, 0),
(1526, 18, 429, 0),
(1527, 29, 430, 1),
(1528, 30, 430, 1),
(1529, 31, 430, 0),
(1530, 32, 430, 1),
(1531, 33, 430, 1),
(1532, 123, 431, 1),
(1533, 124, 431, 1),
(1534, 125, 431, 1),
(1535, 126, 431, 1),
(1536, 85, 432, 1),
(1537, 86, 432, 1),
(1538, 87, 432, 0),
(1539, 112, 433, 1),
(1540, 113, 433, 0),
(1541, 114, 433, 1),
(1542, 115, 433, 1),
(1543, 116, 433, 1),
(1544, 130, 434, 1),
(1545, 131, 434, 1),
(1546, 132, 434, 1),
(1547, 133, 434, 0),
(1548, 134, 434, 1),
(1549, 76, 435, 1),
(1550, 77, 435, 0),
(1551, 106, 436, 1),
(1552, 107, 436, 0),
(1553, 108, 436, 1),
(1554, 109, 436, 1),
(1555, 91, 437, 1),
(1556, 92, 437, 1),
(1557, 56, 438, 1),
(1558, 57, 438, 1),
(1559, 102, 439, 0),
(1560, 103, 439, 0),
(1561, 104, 439, 1),
(1562, 105, 439, 1),
(1563, 73, 440, 1),
(1564, 74, 440, 0),
(1565, 75, 440, 1),
(1566, 14, 441, 0),
(1567, 15, 441, 1),
(1568, 97, 442, 1),
(1569, 98, 442, 1),
(1570, 99, 442, 1),
(1571, 100, 442, 1),
(1572, 101, 442, 1),
(1573, 139, 443, 0),
(1574, 140, 443, 0),
(1575, 141, 443, 0),
(1576, 142, 443, 1),
(1577, 143, 443, 1),
(1578, 144, 444, 1),
(1579, 145, 444, 0),
(1580, 146, 444, 1),
(1581, 147, 445, 0),
(1582, 148, 445, 1),
(1583, 34, 446, 0),
(1584, 35, 446, 0),
(1585, 36, 446, 0),
(1586, 37, 447, 0),
(1587, 38, 447, 0),
(1588, 39, 447, 0),
(1589, 63, 448, 1),
(1590, 64, 448, 0),
(1591, 65, 448, 1),
(1592, 66, 448, 1),
(1593, 67, 448, 1),
(1594, 6, 449, 1),
(1595, 7, 449, 0),
(1596, 8, 449, 0),
(1597, 9, 449, 0),
(1598, 10, 449, 1),
(1599, 51, 450, 1),
(1600, 52, 450, 0),
(1601, 53, 450, 0),
(1602, 54, 450, 1),
(1603, 55, 450, 1),
(1604, 6, 451, 1),
(1605, 7, 451, 0),
(1606, 8, 451, 1),
(1607, 9, 451, 1),
(1608, 10, 451, 0),
(1609, 51, 452, 1),
(1610, 52, 452, 0),
(1611, 53, 452, 0),
(1612, 54, 452, 1),
(1613, 55, 452, 1),
(1614, 34, 453, 1),
(1615, 35, 453, 1),
(1616, 36, 453, 0),
(1617, 37, 454, 1),
(1618, 38, 454, 0),
(1619, 39, 454, 1),
(1620, 63, 455, 0),
(1621, 64, 455, 0),
(1622, 65, 455, 1),
(1623, 66, 455, 1),
(1624, 67, 455, 1),
(1625, 29, 456, 1),
(1626, 30, 456, 1),
(1627, 31, 456, 1),
(1628, 32, 456, 1),
(1629, 33, 456, 1),
(1630, 16, 457, 1),
(1631, 17, 457, 0),
(1632, 18, 457, 0),
(1633, 123, 458, 1),
(1634, 124, 458, 1),
(1635, 125, 458, 1),
(1636, 126, 458, 1),
(1637, 81, 459, 0),
(1638, 82, 459, 1),
(1639, 83, 459, 1),
(1640, 84, 459, 0),
(1641, 58, 460, 1),
(1642, 59, 460, 1),
(1643, 60, 460, 1),
(1644, 135, 461, 1),
(1645, 136, 461, 1),
(1646, 137, 461, 1),
(1647, 138, 461, 1),
(1648, 37, 462, 1),
(1649, 38, 462, 0),
(1650, 39, 462, 1),
(1651, 51, 463, 1),
(1652, 52, 463, 1),
(1653, 53, 463, 0),
(1654, 54, 463, 1),
(1655, 55, 463, 1),
(1656, 63, 464, 1),
(1657, 64, 464, 1),
(1658, 65, 464, 1),
(1659, 66, 464, 1),
(1660, 67, 464, 1),
(1661, 6, 465, 0),
(1662, 7, 465, 0),
(1663, 8, 465, 0),
(1664, 9, 465, 0),
(1665, 10, 465, 1),
(1666, 34, 466, 1),
(1667, 35, 466, 0),
(1668, 36, 466, 1),
(1669, 130, 467, 1),
(1670, 131, 467, 1),
(1671, 132, 467, 0),
(1672, 133, 467, 0),
(1673, 134, 467, 1),
(1674, 102, 468, 1),
(1675, 103, 468, 0),
(1676, 104, 468, 0),
(1677, 105, 468, 1),
(1678, 85, 469, 1),
(1679, 86, 469, 1),
(1680, 87, 469, 0),
(1681, 56, 470, 1),
(1682, 57, 470, 0),
(1683, 112, 471, 0),
(1684, 113, 471, 0),
(1685, 114, 471, 1),
(1686, 115, 471, 1),
(1687, 116, 471, 1),
(1688, 97, 472, 1),
(1689, 98, 472, 1),
(1690, 99, 472, 1),
(1691, 100, 472, 0),
(1692, 101, 472, 1),
(1693, 76, 473, 1),
(1694, 77, 473, 0),
(1695, 14, 474, 1),
(1696, 15, 474, 1),
(1697, 73, 475, 1),
(1698, 74, 475, 0),
(1699, 75, 475, 1),
(1700, 106, 476, 0),
(1701, 107, 476, 0),
(1702, 108, 476, 1),
(1703, 109, 476, 1),
(1704, 139, 477, 1),
(1705, 140, 477, 1),
(1706, 141, 477, 0),
(1707, 142, 477, 0),
(1708, 143, 477, 1),
(1709, 91, 478, 1),
(1710, 92, 478, 0),
(1711, 24, 479, 1),
(1712, 25, 479, 1),
(1713, 26, 479, 0),
(1714, 27, 479, 1),
(1715, 28, 479, 1),
(1716, 78, 480, 0),
(1717, 79, 480, 0),
(1718, 80, 480, 1),
(1719, 117, 481, 1),
(1720, 118, 481, 0),
(1721, 119, 481, 1),
(1722, 120, 481, 1),
(1723, 40, 482, 0),
(1724, 41, 482, 0),
(1725, 42, 482, 1),
(1726, 11, 483, 1),
(1727, 12, 483, 1),
(1728, 13, 483, 1),
(1729, 43, 484, 1),
(1730, 44, 484, 0),
(1731, 45, 484, 1),
(1732, 46, 484, 1),
(1733, 68, 485, 1),
(1734, 69, 485, 1),
(1735, 70, 485, 1),
(1736, 71, 485, 0),
(1737, 72, 485, 1),
(1738, 110, 486, 1),
(1739, 111, 486, 1),
(1740, 93, 487, 1),
(1741, 94, 487, 0),
(1742, 95, 487, 1),
(1743, 96, 487, 0),
(1744, 14, 488, 1),
(1745, 15, 488, 1),
(1746, 56, 489, 1),
(1747, 57, 489, 0),
(1748, 73, 490, 1),
(1749, 74, 490, 0),
(1750, 75, 490, 1),
(1751, 85, 491, 1),
(1752, 86, 491, 1),
(1753, 87, 491, 0),
(1754, 102, 492, 1),
(1755, 103, 492, 0),
(1756, 104, 492, 0),
(1757, 105, 492, 1),
(1758, 76, 493, 1),
(1759, 77, 493, 0),
(1760, 112, 494, 1),
(1761, 113, 494, 0),
(1762, 114, 494, 1),
(1763, 115, 494, 1),
(1764, 116, 494, 0),
(1765, 91, 495, 0),
(1766, 92, 495, 1),
(1767, 130, 496, 0),
(1768, 131, 496, 1),
(1769, 132, 496, 0),
(1770, 133, 496, 0),
(1771, 134, 496, 1),
(1772, 97, 497, 0),
(1773, 98, 497, 1),
(1774, 99, 497, 1),
(1775, 100, 497, 1),
(1776, 101, 497, 1),
(1777, 139, 498, 0),
(1778, 140, 498, 1),
(1779, 141, 498, 0),
(1780, 142, 498, 0),
(1781, 143, 498, 1),
(1782, 106, 499, 1),
(1783, 107, 499, 0),
(1784, 108, 499, 1),
(1785, 109, 499, 1),
(1786, 144, 500, 1),
(1787, 145, 500, 0),
(1788, 146, 500, 1),
(1789, 147, 501, 0),
(1790, 148, 501, 1),
(1791, 121, 502, 1),
(1792, 122, 502, 1),
(1793, 127, 503, 1),
(1794, 128, 503, 1),
(1795, 129, 503, 1),
(1796, 19, 504, 1),
(1797, 20, 504, 0),
(1798, 21, 504, 1),
(1799, 22, 504, 0),
(1800, 23, 504, 1),
(1801, 47, 505, 1),
(1802, 48, 505, 0),
(1803, 49, 505, 1),
(1804, 50, 505, 1),
(1805, 61, 506, 1),
(1806, 62, 506, 0),
(1807, 88, 507, 1),
(1808, 89, 507, 1),
(1809, 90, 507, 0),
(1810, 144, 508, 1),
(1811, 145, 508, 0),
(1812, 146, 508, 1),
(1813, 147, 509, 0),
(1814, 148, 509, 1),
(1815, 121, 510, 1),
(1816, 122, 510, 1),
(1817, 61, 511, 1),
(1818, 62, 511, 0),
(1819, 127, 512, 1),
(1820, 128, 512, 1),
(1821, 129, 512, 1),
(1822, 88, 513, 1),
(1823, 89, 513, 1),
(1824, 90, 513, 1),
(1825, 19, 514, 1),
(1826, 20, 514, 0),
(1827, 21, 514, 1),
(1828, 22, 514, 1),
(1829, 23, 514, 1),
(1830, 47, 515, 1),
(1831, 48, 515, 0),
(1832, 49, 515, 1),
(1833, 50, 515, 1),
(1834, 29, 516, 1),
(1835, 30, 516, 1),
(1836, 31, 516, 0),
(1837, 32, 516, 1),
(1838, 33, 516, 1),
(1839, 135, 517, 1),
(1840, 136, 517, 1),
(1841, 137, 517, 1),
(1842, 138, 517, 1),
(1843, 58, 518, 1),
(1844, 59, 518, 1),
(1845, 60, 518, 0),
(1846, 123, 519, 1),
(1847, 124, 519, 1),
(1848, 125, 519, 1),
(1849, 126, 519, 1),
(1850, 16, 520, 1),
(1851, 17, 520, 1),
(1852, 18, 520, 0),
(1853, 81, 521, 1),
(1854, 82, 521, 1),
(1855, 83, 521, 1),
(1856, 84, 521, 0),
(1857, 93, 522, 1),
(1858, 94, 522, 0),
(1859, 95, 522, 1),
(1860, 96, 522, 0),
(1861, 43, 523, 1),
(1862, 44, 523, 1),
(1863, 45, 523, 1),
(1864, 46, 523, 1),
(1865, 11, 524, 1),
(1866, 12, 524, 1),
(1867, 13, 524, 1),
(1868, 78, 525, 1),
(1869, 79, 525, 0),
(1870, 80, 525, 1),
(1871, 68, 526, 1),
(1872, 69, 526, 0),
(1873, 70, 526, 1),
(1874, 71, 526, 0),
(1875, 72, 526, 1),
(1876, 24, 527, 1),
(1877, 25, 527, 1),
(1878, 26, 527, 0),
(1879, 27, 527, 1),
(1880, 28, 527, 1),
(1881, 110, 528, 1),
(1882, 111, 528, 1),
(1883, 117, 529, 1),
(1884, 118, 529, 1),
(1885, 119, 529, 1),
(1886, 120, 529, 1),
(1887, 40, 530, 1),
(1888, 41, 530, 1),
(1889, 42, 530, 1),
(1890, 16, 531, 1),
(1891, 17, 531, 1),
(1892, 18, 531, 0),
(1893, 123, 532, 1),
(1894, 124, 532, 0),
(1895, 125, 532, 1),
(1896, 126, 532, 1),
(1897, 135, 533, 1),
(1898, 136, 533, 1),
(1899, 137, 533, 1),
(1900, 138, 533, 1),
(1901, 29, 534, 1),
(1902, 30, 534, 1),
(1903, 31, 534, 0),
(1904, 32, 534, 1),
(1905, 33, 534, 0),
(1906, 81, 535, 1),
(1907, 82, 535, 1),
(1908, 83, 535, 1),
(1909, 84, 535, 0),
(1910, 58, 536, 1),
(1911, 59, 536, 0),
(1912, 60, 536, 1),
(1913, 88, 537, 1),
(1914, 89, 537, 1),
(1915, 90, 537, 1),
(1916, 19, 538, 1),
(1917, 20, 538, 0),
(1918, 21, 538, 1),
(1919, 22, 538, 0),
(1920, 23, 538, 1),
(1921, 61, 539, 1),
(1922, 62, 539, 0),
(1923, 121, 540, 1),
(1924, 122, 540, 1),
(1925, 127, 541, 1),
(1926, 128, 541, 1),
(1927, 129, 541, 1),
(1928, 47, 542, 0),
(1929, 48, 542, 0),
(1930, 49, 542, 1),
(1931, 50, 542, 1),
(1932, 47, 543, 1),
(1933, 48, 543, 0),
(1934, 49, 543, 1),
(1935, 50, 543, 1),
(1936, 121, 544, 0),
(1937, 122, 544, 1),
(1938, 88, 545, 1),
(1939, 89, 545, 1),
(1940, 90, 545, 1),
(1941, 61, 546, 1),
(1942, 62, 546, 0),
(1943, 127, 547, 1),
(1944, 128, 547, 1),
(1945, 129, 547, 1),
(1946, 19, 548, 1),
(1947, 20, 548, 1),
(1948, 21, 548, 1),
(1949, 22, 548, 1),
(1950, 23, 548, 0),
(1951, 47, 549, 1),
(1952, 48, 549, 0),
(1953, 49, 549, 1),
(1954, 50, 549, 1),
(1955, 61, 550, 1),
(1956, 62, 550, 0),
(1957, 19, 551, 1),
(1958, 20, 551, 0),
(1959, 21, 551, 1),
(1960, 22, 551, 0),
(1961, 23, 551, 1),
(1962, 127, 552, 1),
(1963, 128, 552, 0),
(1964, 129, 552, 1),
(1965, 88, 553, 1),
(1966, 89, 553, 0),
(1967, 90, 553, 1),
(1968, 121, 554, 1),
(1969, 122, 554, 0),
(1970, 127, 555, 1),
(1971, 128, 555, 1),
(1972, 129, 555, 1),
(1973, 61, 556, 1),
(1974, 62, 556, 0),
(1975, 121, 557, 1),
(1976, 122, 557, 1),
(1977, 19, 558, 1),
(1978, 20, 558, 0),
(1979, 21, 558, 0),
(1980, 22, 558, 1),
(1981, 23, 558, 1),
(1982, 47, 559, 1),
(1983, 48, 559, 0),
(1984, 49, 559, 1),
(1985, 50, 559, 1),
(1986, 88, 560, 1),
(1987, 89, 560, 0),
(1988, 90, 560, 1),
(1989, 6, 561, 1),
(1990, 7, 561, 0),
(1991, 8, 561, 0),
(1992, 9, 561, 0),
(1993, 10, 561, 1),
(1994, 37, 562, 1),
(1995, 38, 562, 1),
(1996, 39, 562, 0),
(1997, 34, 563, 1),
(1998, 35, 563, 1),
(1999, 36, 563, 0),
(2000, 63, 564, 1),
(2001, 64, 564, 1),
(2002, 65, 564, 0),
(2003, 66, 564, 1),
(2004, 67, 564, 1),
(2005, 51, 565, 1),
(2006, 52, 565, 0),
(2007, 53, 565, 0),
(2008, 54, 565, 1),
(2009, 55, 565, 1),
(2010, 43, 566, 1),
(2011, 44, 566, 0),
(2012, 45, 566, 1),
(2013, 46, 566, 0),
(2014, 117, 567, 0),
(2015, 118, 567, 1),
(2016, 119, 567, 1),
(2017, 120, 567, 1),
(2018, 11, 568, 1),
(2019, 12, 568, 1),
(2020, 13, 568, 1),
(2021, 110, 569, 1),
(2022, 111, 569, 1),
(2023, 24, 570, 1),
(2024, 25, 570, 0),
(2025, 26, 570, 1),
(2026, 27, 570, 1),
(2027, 28, 570, 0),
(2028, 68, 571, 0),
(2029, 69, 571, 1),
(2030, 70, 571, 0),
(2031, 71, 571, 1),
(2032, 72, 571, 1),
(2033, 78, 572, 1),
(2034, 79, 572, 0),
(2035, 80, 572, 1),
(2036, 93, 573, 1),
(2037, 94, 573, 0),
(2038, 95, 573, 1),
(2039, 96, 573, 0),
(2040, 40, 574, 1),
(2041, 41, 574, 0),
(2042, 42, 574, 1),
(2043, 127, 575, 1),
(2044, 128, 575, 0),
(2045, 129, 575, 1),
(2046, 61, 576, 1),
(2047, 62, 576, 0),
(2048, 88, 577, 1),
(2049, 89, 577, 1),
(2050, 90, 577, 0),
(2051, 47, 578, 1),
(2052, 48, 578, 0),
(2053, 49, 578, 1),
(2054, 50, 578, 1),
(2055, 19, 579, 1),
(2056, 20, 579, 0),
(2057, 21, 579, 1),
(2058, 22, 579, 0),
(2059, 23, 579, 1),
(2060, 121, 580, 0),
(2061, 122, 580, 1),
(2062, 144, 581, 1),
(2063, 145, 581, 0),
(2064, 146, 581, 1),
(2065, 147, 582, 0),
(2066, 148, 582, 0),
(2067, 144, 583, 1),
(2068, 145, 583, 0),
(2069, 146, 583, 1),
(2070, 147, 584, 0),
(2071, 148, 584, 1),
(2072, 144, 585, 1),
(2073, 145, 585, 0),
(2074, 146, 585, 1),
(2075, 147, 586, 1),
(2076, 148, 586, 1),
(2077, 11, 587, 1),
(2078, 12, 587, 0),
(2079, 13, 587, 1),
(2080, 117, 588, 0),
(2081, 118, 588, 1),
(2082, 119, 588, 0),
(2083, 120, 588, 1),
(2084, 93, 589, 1),
(2085, 94, 589, 0),
(2086, 95, 589, 1),
(2087, 96, 589, 0),
(2088, 78, 590, 1),
(2089, 79, 590, 0),
(2090, 80, 590, 1),
(2091, 110, 591, 1),
(2092, 111, 591, 1),
(2093, 40, 592, 1),
(2094, 41, 592, 0),
(2095, 42, 592, 1),
(2096, 24, 593, 1),
(2097, 25, 593, 1),
(2098, 26, 593, 0),
(2099, 27, 593, 1),
(2100, 28, 593, 0),
(2101, 68, 594, 1),
(2102, 69, 594, 1),
(2103, 70, 594, 1),
(2104, 71, 594, 0),
(2105, 72, 594, 1),
(2106, 43, 595, 0),
(2107, 44, 595, 0),
(2108, 45, 595, 1),
(2109, 46, 595, 0),
(2110, 147, 596, 0),
(2111, 148, 596, 1),
(2112, 144, 597, 1),
(2113, 145, 597, 0),
(2114, 146, 597, 1),
(2115, 123, 598, 1),
(2116, 124, 598, 1),
(2117, 125, 598, 1),
(2118, 126, 598, 0),
(2119, 16, 599, 1),
(2120, 17, 599, 0),
(2121, 18, 599, 0),
(2122, 58, 600, 1),
(2123, 59, 600, 1),
(2124, 60, 600, 1),
(2125, 81, 601, 1),
(2126, 82, 601, 1),
(2127, 83, 601, 1),
(2128, 84, 601, 0),
(2129, 29, 602, 1),
(2130, 30, 602, 1),
(2131, 31, 602, 1),
(2132, 32, 602, 1),
(2133, 33, 602, 1),
(2134, 135, 603, 1),
(2135, 136, 603, 1),
(2136, 137, 603, 1),
(2137, 138, 603, 1),
(2138, 88, 604, 1),
(2139, 89, 604, 1),
(2140, 90, 604, 1),
(2141, 121, 605, 1),
(2142, 122, 605, 0),
(2143, 19, 606, 0),
(2144, 20, 606, 0),
(2145, 21, 606, 1),
(2146, 22, 606, 0),
(2147, 23, 606, 1),
(2148, 61, 607, 1),
(2149, 62, 607, 0),
(2150, 47, 608, 1),
(2151, 48, 608, 0),
(2152, 49, 608, 1),
(2153, 50, 608, 1),
(2154, 127, 609, 1),
(2155, 128, 609, 1),
(2156, 129, 609, 1),
(2157, 127, 610, 1),
(2158, 128, 610, 0),
(2159, 129, 610, 1),
(2160, 121, 611, 1),
(2161, 122, 611, 0),
(2162, 61, 612, 0),
(2163, 62, 612, 0),
(2164, 88, 613, 1),
(2165, 89, 613, 0),
(2166, 90, 613, 1),
(2167, 19, 614, 1),
(2168, 20, 614, 0),
(2169, 21, 614, 1),
(2170, 22, 614, 0),
(2171, 23, 614, 1),
(2172, 47, 615, 0),
(2173, 48, 615, 0),
(2174, 49, 615, 1),
(2175, 50, 615, 0),
(2176, 58, 616, 1),
(2177, 59, 616, 0),
(2178, 60, 616, 1),
(2179, 123, 617, 1),
(2180, 124, 617, 1),
(2181, 125, 617, 1),
(2182, 126, 617, 1),
(2183, 29, 618, 1),
(2184, 30, 618, 1),
(2185, 31, 618, 0),
(2186, 32, 618, 0),
(2187, 33, 618, 0),
(2188, 81, 619, 1),
(2189, 82, 619, 1),
(2190, 83, 619, 1),
(2191, 84, 619, 0),
(2192, 135, 620, 0),
(2193, 136, 620, 1),
(2194, 137, 620, 1),
(2195, 138, 620, 1),
(2196, 16, 621, 1),
(2197, 17, 621, 0),
(2198, 18, 621, 0),
(2199, 40, 622, 1),
(2200, 41, 622, 0),
(2201, 42, 622, 1),
(2202, 43, 623, 1),
(2203, 44, 623, 0),
(2204, 45, 623, 1),
(2205, 46, 623, 0),
(2206, 110, 624, 0),
(2207, 111, 624, 1),
(2208, 78, 625, 1),
(2209, 79, 625, 0),
(2210, 80, 625, 1),
(2211, 117, 626, 1),
(2212, 118, 626, 1),
(2213, 119, 626, 1),
(2214, 120, 626, 1),
(2215, 11, 627, 0),
(2216, 12, 627, 0),
(2217, 13, 627, 1),
(2218, 68, 628, 1),
(2219, 69, 628, 1),
(2220, 70, 628, 1),
(2221, 71, 628, 0),
(2222, 72, 628, 1),
(2223, 93, 629, 1),
(2224, 94, 629, 0),
(2225, 95, 629, 0),
(2226, 96, 629, 0),
(2227, 24, 630, 1),
(2228, 25, 630, 1),
(2229, 26, 630, 0),
(2230, 27, 630, 1),
(2231, 28, 630, 1),
(2232, 88, 631, 0),
(2233, 89, 631, 0),
(2234, 90, 631, 1),
(2235, 61, 632, 1),
(2236, 62, 632, 1),
(2237, 19, 633, 1),
(2238, 20, 633, 0),
(2239, 21, 633, 0),
(2240, 22, 633, 0),
(2241, 23, 633, 1),
(2242, 127, 634, 1),
(2243, 128, 634, 1),
(2244, 129, 634, 1),
(2245, 47, 635, 1),
(2246, 48, 635, 0),
(2247, 49, 635, 1),
(2248, 50, 635, 1),
(2249, 121, 636, 1),
(2250, 122, 636, 1),
(2251, 34, 637, 1),
(2252, 35, 637, 0),
(2253, 36, 637, 0),
(2254, 6, 638, 1),
(2255, 7, 638, 0),
(2256, 8, 638, 0),
(2257, 9, 638, 0),
(2258, 10, 638, 0),
(2259, 51, 639, 1),
(2260, 52, 639, 0),
(2261, 53, 639, 0),
(2262, 54, 639, 1),
(2263, 55, 639, 1),
(2264, 63, 640, 1),
(2265, 64, 640, 0),
(2266, 65, 640, 1),
(2267, 66, 640, 1),
(2268, 67, 640, 1),
(2269, 37, 641, 1),
(2270, 38, 641, 0),
(2271, 39, 641, 0),
(2272, 127, 642, 0),
(2273, 128, 642, 1),
(2274, 129, 642, 1),
(2275, 19, 643, 1),
(2276, 20, 643, 0),
(2277, 21, 643, 1),
(2278, 22, 643, 0),
(2279, 23, 643, 1),
(2280, 47, 644, 0),
(2281, 48, 644, 0),
(2282, 49, 644, 1),
(2283, 50, 644, 1),
(2284, 121, 645, 0),
(2285, 122, 645, 1),
(2286, 88, 646, 1),
(2287, 89, 646, 1),
(2288, 90, 646, 0),
(2289, 61, 647, 0),
(2290, 62, 647, 0),
(2291, 29, 648, 1),
(2292, 30, 648, 1),
(2293, 31, 648, 0),
(2294, 32, 648, 0),
(2295, 33, 648, 1),
(2296, 123, 649, 1),
(2297, 124, 649, 1),
(2298, 125, 649, 0),
(2299, 126, 649, 0),
(2300, 135, 650, 1),
(2301, 136, 650, 1),
(2302, 137, 650, 1),
(2303, 138, 650, 1),
(2304, 81, 651, 1),
(2305, 82, 651, 0),
(2306, 83, 651, 1),
(2307, 84, 651, 0),
(2308, 16, 652, 1),
(2309, 17, 652, 0),
(2310, 18, 652, 0),
(2311, 58, 653, 1),
(2312, 59, 653, 1),
(2313, 60, 653, 1),
(2314, 81, 654, 1),
(2315, 82, 654, 1),
(2316, 83, 654, 1),
(2317, 84, 654, 0),
(2318, 58, 655, 1),
(2319, 59, 655, 1),
(2320, 60, 655, 1),
(2321, 135, 656, 0),
(2322, 136, 656, 1),
(2323, 137, 656, 1),
(2324, 138, 656, 0),
(2325, 16, 657, 1),
(2326, 17, 657, 0),
(2327, 18, 657, 0),
(2328, 123, 658, 0),
(2329, 124, 658, 0),
(2330, 125, 658, 0),
(2331, 126, 658, 1),
(2332, 29, 659, 1),
(2333, 30, 659, 1),
(2334, 31, 659, 0),
(2335, 32, 659, 1),
(2336, 33, 659, 1),
(2337, 6, 660, 0),
(2338, 7, 660, 0),
(2339, 8, 660, 0),
(2340, 9, 660, 0),
(2341, 10, 660, 1),
(2342, 34, 661, 1),
(2343, 35, 661, 0),
(2344, 36, 661, 0),
(2345, 51, 662, 1),
(2346, 52, 662, 0),
(2347, 53, 662, 0),
(2348, 54, 662, 1),
(2349, 55, 662, 1),
(2350, 63, 663, 1),
(2351, 64, 663, 0),
(2352, 65, 663, 1),
(2353, 66, 663, 0),
(2354, 67, 663, 1),
(2355, 37, 664, 1),
(2356, 38, 664, 0),
(2357, 39, 664, 0),
(2358, 37, 665, 1),
(2359, 38, 665, 0),
(2360, 39, 665, 0),
(2361, 63, 666, 1),
(2362, 64, 666, 0),
(2363, 65, 666, 1),
(2364, 66, 666, 1),
(2365, 67, 666, 1),
(2366, 34, 667, 1),
(2367, 35, 667, 0),
(2368, 36, 667, 0),
(2369, 6, 668, 0),
(2370, 7, 668, 0),
(2371, 8, 668, 0),
(2372, 9, 668, 1),
(2373, 10, 668, 1),
(2374, 51, 669, 1),
(2375, 52, 669, 0),
(2376, 53, 669, 0),
(2377, 54, 669, 1),
(2378, 55, 669, 1),
(2379, 56, 670, 1),
(2380, 57, 670, 0),
(2381, 102, 671, 1),
(2382, 103, 671, 0),
(2383, 104, 671, 1),
(2384, 105, 671, 0),
(2385, 139, 672, 1),
(2386, 140, 672, 1),
(2387, 141, 672, 0),
(2388, 142, 672, 1),
(2389, 143, 672, 1),
(2390, 85, 673, 1),
(2391, 86, 673, 1),
(2392, 87, 673, 0),
(2393, 130, 674, 0),
(2394, 131, 674, 1),
(2395, 132, 674, 0),
(2396, 133, 674, 0),
(2397, 134, 674, 1),
(2398, 76, 675, 1),
(2399, 77, 675, 0),
(2400, 14, 676, 1),
(2401, 15, 676, 1),
(2402, 112, 677, 1),
(2403, 113, 677, 1),
(2404, 114, 677, 1),
(2405, 115, 677, 1),
(2406, 116, 677, 1),
(2407, 97, 678, 1),
(2408, 98, 678, 1),
(2409, 99, 678, 1),
(2410, 100, 678, 0),
(2411, 101, 678, 1),
(2412, 106, 679, 0),
(2413, 107, 679, 0),
(2414, 108, 679, 1),
(2415, 109, 679, 1),
(2416, 91, 680, 1),
(2417, 92, 680, 1),
(2418, 73, 681, 1),
(2419, 74, 681, 0),
(2420, 75, 681, 1),
(2421, 24, 682, 0),
(2422, 25, 682, 1),
(2423, 26, 682, 0),
(2424, 27, 682, 1),
(2425, 28, 682, 0),
(2426, 40, 683, 1),
(2427, 41, 683, 1),
(2428, 42, 683, 1),
(2429, 110, 684, 1),
(2430, 111, 684, 1),
(2431, 68, 685, 1),
(2432, 69, 685, 1),
(2433, 70, 685, 1),
(2434, 71, 685, 0),
(2435, 72, 685, 1),
(2436, 117, 686, 0),
(2437, 118, 686, 1),
(2438, 119, 686, 1),
(2439, 120, 686, 1),
(2440, 43, 687, 1),
(2441, 44, 687, 0),
(2442, 45, 687, 1),
(2443, 46, 687, 0),
(2444, 11, 688, 1),
(2445, 12, 688, 1),
(2446, 13, 688, 1),
(2447, 93, 689, 1),
(2448, 94, 689, 1),
(2449, 95, 689, 1),
(2450, 96, 689, 0),
(2451, 78, 690, 1),
(2452, 79, 690, 1),
(2453, 80, 690, 1),
(2454, 121, 691, 1),
(2455, 122, 691, 1),
(2456, 88, 692, 1),
(2457, 89, 692, 1),
(2458, 90, 692, 1),
(2459, 47, 693, 0),
(2460, 48, 693, 0),
(2461, 49, 693, 1),
(2462, 50, 693, 1),
(2463, 19, 694, 1),
(2464, 20, 694, 0),
(2465, 21, 694, 1),
(2466, 22, 694, 0),
(2467, 23, 694, 1),
(2468, 61, 695, 1),
(2469, 62, 695, 0),
(2470, 127, 696, 1),
(2471, 128, 696, 1),
(2472, 129, 696, 1),
(2473, 91, 697, 1),
(2474, 92, 697, 1),
(2475, 14, 698, 1),
(2476, 15, 698, 1),
(2477, 106, 699, 0),
(2478, 107, 699, 1),
(2479, 108, 699, 1),
(2480, 109, 699, 1),
(2481, 102, 700, 1),
(2482, 103, 700, 0),
(2483, 104, 700, 1),
(2484, 105, 700, 1),
(2485, 56, 701, 1),
(2486, 57, 701, 0),
(2487, 139, 702, 0),
(2488, 140, 702, 1),
(2489, 141, 702, 0),
(2490, 142, 702, 1),
(2491, 143, 702, 1),
(2492, 73, 703, 1),
(2493, 74, 703, 0),
(2494, 75, 703, 1),
(2495, 97, 704, 1),
(2496, 98, 704, 1),
(2497, 99, 704, 1),
(2498, 100, 704, 0),
(2499, 101, 704, 1),
(2500, 130, 705, 1),
(2501, 131, 705, 1),
(2502, 132, 705, 0),
(2503, 133, 705, 0),
(2504, 134, 705, 1),
(2505, 85, 706, 1),
(2506, 86, 706, 1),
(2507, 87, 706, 0),
(2508, 112, 707, 1),
(2509, 113, 707, 0),
(2510, 114, 707, 1),
(2511, 115, 707, 1),
(2512, 116, 707, 1),
(2513, 76, 708, 1),
(2514, 77, 708, 1),
(2515, 88, 709, 0),
(2516, 89, 709, 1),
(2517, 90, 709, 1),
(2518, 19, 710, 1),
(2519, 20, 710, 1),
(2520, 21, 710, 1),
(2521, 22, 710, 0),
(2522, 23, 710, 0),
(2523, 61, 711, 1),
(2524, 62, 711, 0),
(2525, 127, 712, 0),
(2526, 128, 712, 1),
(2527, 129, 712, 1),
(2528, 121, 713, 1),
(2529, 122, 713, 1),
(2530, 47, 714, 1),
(2531, 48, 714, 0),
(2532, 49, 714, 1),
(2533, 50, 714, 0),
(2534, 144, 715, 1),
(2535, 145, 715, 0),
(2536, 146, 715, 1),
(2537, 147, 716, 0),
(2538, 148, 716, 1),
(2539, 121, 717, 1),
(2540, 122, 717, 1),
(2541, 88, 718, 1),
(2542, 89, 718, 1),
(2543, 90, 718, 1),
(2544, 127, 719, 1),
(2545, 128, 719, 1),
(2546, 129, 719, 1),
(2547, 61, 720, 0),
(2548, 62, 720, 0),
(2549, 47, 721, 1),
(2550, 48, 721, 0),
(2551, 49, 721, 1),
(2552, 50, 721, 0),
(2553, 19, 722, 1),
(2554, 20, 722, 0),
(2555, 21, 722, 1),
(2556, 22, 722, 0),
(2557, 23, 722, 1),
(2558, 68, 723, 1),
(2559, 69, 723, 1),
(2560, 70, 723, 1),
(2561, 71, 723, 0),
(2562, 72, 723, 1),
(2563, 110, 724, 1),
(2564, 111, 724, 1),
(2565, 93, 725, 1),
(2566, 94, 725, 0),
(2567, 95, 725, 0),
(2568, 96, 725, 0),
(2569, 11, 726, 1),
(2570, 12, 726, 1),
(2571, 13, 726, 1),
(2572, 24, 727, 1),
(2573, 25, 727, 1),
(2574, 26, 727, 0),
(2575, 27, 727, 1),
(2576, 28, 727, 1),
(2577, 78, 728, 1),
(2578, 79, 728, 0),
(2579, 80, 728, 1),
(2580, 40, 729, 1),
(2581, 41, 729, 0),
(2582, 42, 729, 1),
(2583, 43, 730, 1),
(2584, 44, 730, 0),
(2585, 45, 730, 1),
(2586, 46, 730, 1),
(2587, 117, 731, 1),
(2588, 118, 731, 1),
(2589, 119, 731, 1),
(2590, 120, 731, 1),
(2591, 24, 732, 1),
(2592, 25, 732, 0),
(2593, 26, 732, 0),
(2594, 27, 732, 1),
(2595, 28, 732, 1),
(2596, 68, 733, 1),
(2597, 69, 733, 1),
(2598, 70, 733, 1),
(2599, 71, 733, 0),
(2600, 72, 733, 1),
(2601, 11, 734, 1),
(2602, 12, 734, 1),
(2603, 13, 734, 1),
(2604, 43, 735, 0),
(2605, 44, 735, 1),
(2606, 45, 735, 1),
(2607, 46, 735, 0),
(2608, 93, 736, 1),
(2609, 94, 736, 1),
(2610, 95, 736, 1),
(2611, 96, 736, 0),
(2612, 78, 737, 1),
(2613, 79, 737, 0),
(2614, 80, 737, 1),
(2615, 117, 738, 1),
(2616, 118, 738, 1),
(2617, 119, 738, 1),
(2618, 120, 738, 1),
(2619, 40, 739, 1),
(2620, 41, 739, 0),
(2621, 42, 739, 1),
(2622, 110, 740, 0),
(2623, 111, 740, 1),
(2624, 147, 741, 0),
(2625, 148, 741, 0),
(2626, 144, 742, 1),
(2627, 145, 742, 1),
(2628, 146, 742, 1),
(2629, 29, 743, 1),
(2630, 30, 743, 1),
(2631, 31, 743, 0),
(2632, 32, 743, 1),
(2633, 33, 743, 1),
(2634, 16, 744, 1),
(2635, 17, 744, 0),
(2636, 18, 744, 0),
(2637, 123, 745, 1),
(2638, 124, 745, 1),
(2639, 125, 745, 1),
(2640, 126, 745, 1),
(2641, 58, 746, 1),
(2642, 59, 746, 1),
(2643, 60, 746, 1),
(2644, 81, 747, 1),
(2645, 82, 747, 1),
(2646, 83, 747, 1),
(2647, 84, 747, 0),
(2648, 135, 748, 1),
(2649, 136, 748, 1),
(2650, 137, 748, 0),
(2651, 138, 748, 1),
(2652, 147, 749, 0),
(2653, 148, 749, 1),
(2654, 144, 750, 1),
(2655, 145, 750, 0),
(2656, 146, 750, 1),
(2657, 139, 751, 1),
(2658, 140, 751, 1),
(2659, 141, 751, 0),
(2660, 142, 751, 0),
(2661, 143, 751, 1),
(2662, 76, 752, 1),
(2663, 77, 752, 0),
(2664, 73, 753, 1),
(2665, 74, 753, 0),
(2666, 75, 753, 1),
(2667, 56, 754, 1),
(2668, 57, 754, 0),
(2669, 85, 755, 1),
(2670, 86, 755, 1),
(2671, 87, 755, 0),
(2672, 91, 756, 1),
(2673, 92, 756, 1),
(2674, 112, 757, 1),
(2675, 113, 757, 0),
(2676, 114, 757, 1),
(2677, 115, 757, 1),
(2678, 116, 757, 1),
(2679, 14, 758, 1),
(2680, 15, 758, 1),
(2681, 130, 759, 1),
(2682, 131, 759, 1),
(2683, 132, 759, 0),
(2684, 133, 759, 0),
(2685, 134, 759, 1),
(2686, 106, 760, 0),
(2687, 107, 760, 0),
(2688, 108, 760, 1),
(2689, 109, 760, 1),
(2690, 97, 761, 1),
(2691, 98, 761, 1),
(2692, 99, 761, 1),
(2693, 100, 761, 1),
(2694, 101, 761, 1),
(2695, 102, 762, 1),
(2696, 103, 762, 0),
(2697, 104, 762, 1),
(2698, 105, 762, 0),
(2699, 130, 763, 0),
(2700, 131, 763, 1),
(2701, 132, 763, 0),
(2702, 133, 763, 1),
(2703, 134, 763, 0),
(2704, 91, 764, 1),
(2705, 92, 764, 1),
(2706, 76, 765, 1),
(2707, 77, 765, 1),
(2708, 102, 766, 1),
(2709, 103, 766, 0),
(2710, 104, 766, 1),
(2711, 105, 766, 0),
(2712, 14, 767, 1),
(2713, 15, 767, 1),
(2714, 106, 768, 1),
(2715, 107, 768, 0),
(2716, 108, 768, 1),
(2717, 109, 768, 0),
(2718, 112, 769, 1),
(2719, 113, 769, 0),
(2720, 114, 769, 1),
(2721, 115, 769, 1),
(2722, 116, 769, 1),
(2723, 85, 770, 1),
(2724, 86, 770, 1),
(2725, 87, 770, 0),
(2726, 73, 771, 1),
(2727, 74, 771, 0),
(2728, 75, 771, 1),
(2729, 139, 772, 0),
(2730, 140, 772, 1),
(2731, 141, 772, 0),
(2732, 142, 772, 0),
(2733, 143, 772, 1),
(2734, 56, 773, 1),
(2735, 57, 773, 0),
(2736, 97, 774, 1),
(2737, 98, 774, 1),
(2738, 99, 774, 1),
(2739, 100, 774, 1),
(2740, 101, 774, 1),
(2741, 144, 775, 0),
(2742, 145, 775, 0),
(2743, 146, 775, 1),
(2744, 147, 776, 0),
(2745, 148, 776, 1),
(2746, 93, 777, 1),
(2747, 94, 777, 0),
(2748, 95, 777, 1),
(2749, 96, 777, 0),
(2750, 68, 778, 0),
(2751, 69, 778, 0),
(2752, 70, 778, 1),
(2753, 71, 778, 0),
(2754, 72, 778, 1),
(2755, 24, 779, 1),
(2756, 25, 779, 1),
(2757, 26, 779, 1),
(2758, 27, 779, 1),
(2759, 28, 779, 1),
(2760, 43, 780, 1),
(2761, 44, 780, 0),
(2762, 45, 780, 0),
(2763, 46, 780, 1),
(2764, 40, 781, 1),
(2765, 41, 781, 1),
(2766, 42, 781, 1),
(2767, 117, 782, 0),
(2768, 118, 782, 0),
(2769, 119, 782, 1),
(2770, 120, 782, 1),
(2771, 78, 783, 1),
(2772, 79, 783, 0),
(2773, 80, 783, 1),
(2774, 110, 784, 1),
(2775, 111, 784, 1),
(2776, 11, 785, 0),
(2777, 12, 785, 1),
(2778, 13, 785, 1),
(2779, 139, 786, 1),
(2780, 140, 786, 1),
(2781, 141, 786, 0),
(2782, 142, 786, 1),
(2783, 143, 786, 1),
(2784, 102, 787, 1),
(2785, 103, 787, 0),
(2786, 104, 787, 1),
(2787, 105, 787, 1),
(2788, 91, 788, 1),
(2789, 92, 788, 1),
(2790, 76, 789, 1),
(2791, 77, 789, 0),
(2792, 56, 790, 1),
(2793, 57, 790, 0),
(2794, 73, 791, 1),
(2795, 74, 791, 0),
(2796, 75, 791, 0),
(2797, 97, 792, 0),
(2798, 98, 792, 1),
(2799, 99, 792, 1),
(2800, 100, 792, 1),
(2801, 101, 792, 1),
(2802, 14, 793, 1),
(2803, 15, 793, 1),
(2804, 85, 794, 1),
(2805, 86, 794, 0);
INSERT INTO `answers` (`id`, `answer_option_id`, `asked_question_id`, `is_chosen`) VALUES
(2806, 87, 794, 0),
(2807, 106, 795, 1),
(2808, 107, 795, 0),
(2809, 108, 795, 1),
(2810, 109, 795, 1),
(2811, 112, 796, 1),
(2812, 113, 796, 0),
(2813, 114, 796, 1),
(2814, 115, 796, 1),
(2815, 116, 796, 0),
(2816, 130, 797, 0),
(2817, 131, 797, 1),
(2818, 132, 797, 1),
(2819, 133, 797, 0),
(2820, 134, 797, 1),
(2821, 19, 798, 1),
(2822, 20, 798, 0),
(2823, 21, 798, 1),
(2824, 22, 798, 0),
(2825, 23, 798, 1),
(2826, 61, 799, 1),
(2827, 62, 799, 0),
(2828, 47, 800, 1),
(2829, 48, 800, 1),
(2830, 49, 800, 1),
(2831, 50, 800, 1),
(2832, 121, 801, 1),
(2833, 122, 801, 1),
(2834, 88, 802, 1),
(2835, 89, 802, 1),
(2836, 90, 802, 0),
(2837, 127, 803, 1),
(2838, 128, 803, 1),
(2839, 129, 803, 1),
(2840, 58, 804, 1),
(2841, 59, 804, 1),
(2842, 60, 804, 1),
(2843, 123, 805, 1),
(2844, 124, 805, 1),
(2845, 125, 805, 1),
(2846, 126, 805, 1),
(2847, 135, 806, 1),
(2848, 136, 806, 1),
(2849, 137, 806, 0),
(2850, 138, 806, 1),
(2851, 29, 807, 1),
(2852, 30, 807, 1),
(2853, 31, 807, 0),
(2854, 32, 807, 0),
(2855, 33, 807, 1),
(2856, 16, 808, 1),
(2857, 17, 808, 0),
(2858, 18, 808, 0),
(2859, 81, 809, 1),
(2860, 82, 809, 0),
(2861, 83, 809, 1),
(2862, 84, 809, 0),
(2863, 147, 810, 0),
(2864, 148, 810, 0),
(2865, 144, 811, 1),
(2866, 145, 811, 0),
(2867, 146, 811, 1),
(2868, 6, 812, 1),
(2869, 7, 812, 0),
(2870, 8, 812, 0),
(2871, 9, 812, 0),
(2872, 10, 812, 1),
(2873, 63, 813, 1),
(2874, 64, 813, 0),
(2875, 65, 813, 1),
(2876, 66, 813, 1),
(2877, 67, 813, 1),
(2878, 34, 814, 1),
(2879, 35, 814, 0),
(2880, 36, 814, 0),
(2881, 51, 815, 1),
(2882, 52, 815, 0),
(2883, 53, 815, 1),
(2884, 54, 815, 1),
(2885, 55, 815, 1),
(2886, 37, 816, 0),
(2887, 38, 816, 1),
(2888, 39, 816, 1),
(2889, 16, 817, 1),
(2890, 17, 817, 0),
(2891, 18, 817, 0),
(2892, 135, 818, 0),
(2893, 136, 818, 0),
(2894, 137, 818, 0),
(2895, 138, 818, 1),
(2896, 81, 819, 0),
(2897, 82, 819, 1),
(2898, 83, 819, 1),
(2899, 84, 819, 0),
(2900, 58, 820, 1),
(2901, 59, 820, 1),
(2902, 60, 820, 1),
(2903, 29, 821, 1),
(2904, 30, 821, 1),
(2905, 31, 821, 0),
(2906, 32, 821, 0),
(2907, 33, 821, 1),
(2908, 123, 822, 1),
(2909, 124, 822, 1),
(2910, 125, 822, 1),
(2911, 126, 822, 1),
(2912, 29, 823, 1),
(2913, 30, 823, 1),
(2914, 31, 823, 0),
(2915, 32, 823, 1),
(2916, 33, 823, 0),
(2917, 81, 824, 1),
(2918, 82, 824, 1),
(2919, 83, 824, 1),
(2920, 84, 824, 0),
(2921, 123, 825, 1),
(2922, 124, 825, 0),
(2923, 125, 825, 1),
(2924, 126, 825, 1),
(2925, 135, 826, 1),
(2926, 136, 826, 1),
(2927, 137, 826, 1),
(2928, 138, 826, 1),
(2929, 16, 827, 1),
(2930, 17, 827, 0),
(2931, 18, 827, 0),
(2932, 58, 828, 1),
(2933, 59, 828, 1),
(2934, 60, 828, 1),
(2935, 37, 829, 1),
(2936, 38, 829, 0),
(2937, 39, 829, 0),
(2938, 51, 830, 1),
(2939, 52, 830, 0),
(2940, 53, 830, 0),
(2941, 54, 830, 0),
(2942, 55, 830, 1),
(2943, 63, 831, 1),
(2944, 64, 831, 0),
(2945, 65, 831, 1),
(2946, 66, 831, 1),
(2947, 67, 831, 1),
(2948, 6, 832, 1),
(2949, 7, 832, 0),
(2950, 8, 832, 0),
(2951, 9, 832, 0),
(2952, 10, 832, 1),
(2953, 34, 833, 1),
(2954, 35, 833, 0),
(2955, 36, 833, 0),
(2956, 34, 834, 1),
(2957, 35, 834, 0),
(2958, 36, 834, 0),
(2959, 37, 835, 1),
(2960, 38, 835, 0),
(2961, 39, 835, 0),
(2962, 51, 836, 1),
(2963, 52, 836, 1),
(2964, 53, 836, 0),
(2965, 54, 836, 0),
(2966, 55, 836, 0),
(2967, 6, 837, 1),
(2968, 7, 837, 0),
(2969, 8, 837, 1),
(2970, 9, 837, 1),
(2971, 10, 837, 1),
(2972, 63, 838, 1),
(2973, 64, 838, 0),
(2974, 65, 838, 0),
(2975, 66, 838, 1),
(2976, 67, 838, 1),
(2977, 43, 839, 1),
(2978, 44, 839, 0),
(2979, 45, 839, 1),
(2980, 46, 839, 0),
(2981, 24, 840, 1),
(2982, 25, 840, 1),
(2983, 26, 840, 0),
(2984, 27, 840, 0),
(2985, 28, 840, 1),
(2986, 93, 841, 1),
(2987, 94, 841, 0),
(2988, 95, 841, 1),
(2989, 96, 841, 0),
(2990, 11, 842, 1),
(2991, 12, 842, 1),
(2992, 13, 842, 1),
(2993, 40, 843, 0),
(2994, 41, 843, 0),
(2995, 42, 843, 1),
(2996, 78, 844, 1),
(2997, 79, 844, 0),
(2998, 80, 844, 1),
(2999, 117, 845, 1),
(3000, 118, 845, 1),
(3001, 119, 845, 1),
(3002, 120, 845, 1),
(3003, 68, 846, 1),
(3004, 69, 846, 1),
(3005, 70, 846, 1),
(3006, 71, 846, 0),
(3007, 72, 846, 1),
(3008, 110, 847, 1),
(3009, 111, 847, 0),
(3010, 85, 848, 1),
(3011, 86, 848, 1),
(3012, 87, 848, 1),
(3013, 102, 849, 0),
(3014, 103, 849, 0),
(3015, 104, 849, 1),
(3016, 105, 849, 1),
(3017, 106, 850, 1),
(3018, 107, 850, 0),
(3019, 108, 850, 1),
(3020, 109, 850, 1),
(3021, 73, 851, 1),
(3022, 74, 851, 1),
(3023, 75, 851, 1),
(3024, 112, 852, 1),
(3025, 113, 852, 0),
(3026, 114, 852, 1),
(3027, 115, 852, 1),
(3028, 116, 852, 1),
(3029, 76, 853, 1),
(3030, 77, 853, 0),
(3031, 91, 854, 1),
(3032, 92, 854, 1),
(3033, 97, 855, 1),
(3034, 98, 855, 1),
(3035, 99, 855, 1),
(3036, 100, 855, 1),
(3037, 101, 855, 1),
(3038, 56, 856, 1),
(3039, 57, 856, 0),
(3040, 139, 857, 1),
(3041, 140, 857, 1),
(3042, 141, 857, 0),
(3043, 142, 857, 1),
(3044, 143, 857, 1),
(3045, 130, 858, 0),
(3046, 131, 858, 1),
(3047, 132, 858, 1),
(3048, 133, 858, 0),
(3049, 134, 858, 1),
(3050, 14, 859, 0),
(3051, 15, 859, 1),
(3052, 147, 860, 1),
(3053, 148, 860, 1),
(3054, 144, 861, 0),
(3055, 145, 861, 0),
(3056, 146, 861, 0),
(3057, 19, 862, 1),
(3058, 20, 862, 0),
(3059, 21, 862, 1),
(3060, 22, 862, 0),
(3061, 23, 862, 1),
(3062, 88, 863, 0),
(3063, 89, 863, 1),
(3064, 90, 863, 1),
(3065, 127, 864, 1),
(3066, 128, 864, 1),
(3067, 129, 864, 1),
(3068, 121, 865, 1),
(3069, 122, 865, 1),
(3070, 61, 866, 0),
(3071, 62, 866, 0),
(3072, 47, 867, 1),
(3073, 48, 867, 0),
(3074, 49, 867, 1),
(3075, 50, 867, 1),
(3076, 127, 868, 1),
(3077, 128, 868, 1),
(3078, 129, 868, 0),
(3079, 47, 869, 1),
(3080, 48, 869, 0),
(3081, 49, 869, 1),
(3082, 50, 869, 1),
(3083, 61, 870, 1),
(3084, 62, 870, 0),
(3085, 121, 871, 1),
(3086, 122, 871, 0),
(3087, 19, 872, 0),
(3088, 20, 872, 0),
(3089, 21, 872, 1),
(3090, 22, 872, 0),
(3091, 23, 872, 1),
(3092, 88, 873, 1),
(3093, 89, 873, 1),
(3094, 90, 873, 1),
(3095, 93, 874, 1),
(3096, 94, 874, 0),
(3097, 95, 874, 1),
(3098, 96, 874, 1),
(3099, 24, 875, 1),
(3100, 25, 875, 1),
(3101, 26, 875, 0),
(3102, 27, 875, 1),
(3103, 28, 875, 0),
(3104, 11, 876, 1),
(3105, 12, 876, 1),
(3106, 13, 876, 1),
(3107, 43, 877, 1),
(3108, 44, 877, 0),
(3109, 45, 877, 1),
(3110, 46, 877, 0),
(3111, 117, 878, 1),
(3112, 118, 878, 0),
(3113, 119, 878, 1),
(3114, 120, 878, 1),
(3115, 110, 879, 1),
(3116, 111, 879, 1),
(3117, 78, 880, 1),
(3118, 79, 880, 0),
(3119, 80, 880, 1),
(3120, 68, 881, 1),
(3121, 69, 881, 0),
(3122, 70, 881, 1),
(3123, 71, 881, 0),
(3124, 72, 881, 0),
(3125, 40, 882, 1),
(3126, 41, 882, 0),
(3127, 42, 882, 1),
(3128, 147, 883, 0),
(3129, 148, 883, 1),
(3130, 144, 884, 0),
(3131, 145, 884, 0),
(3132, 146, 884, 1),
(3133, 61, 885, 1),
(3134, 62, 885, 1),
(3135, 19, 886, 0),
(3136, 20, 886, 0),
(3137, 21, 886, 1),
(3138, 22, 886, 0),
(3139, 23, 886, 1),
(3140, 127, 887, 1),
(3141, 128, 887, 1),
(3142, 129, 887, 0),
(3143, 47, 888, 1),
(3144, 48, 888, 0),
(3145, 49, 888, 1),
(3146, 50, 888, 1),
(3147, 88, 889, 1),
(3148, 89, 889, 1),
(3149, 90, 889, 1),
(3150, 121, 890, 1),
(3151, 122, 890, 1),
(3152, 117, 891, 1),
(3153, 118, 891, 1),
(3154, 119, 891, 1),
(3155, 120, 891, 0),
(3156, 40, 892, 1),
(3157, 41, 892, 0),
(3158, 42, 892, 1),
(3159, 24, 893, 0),
(3160, 25, 893, 1),
(3161, 26, 893, 0),
(3162, 27, 893, 1),
(3163, 28, 893, 1),
(3164, 110, 894, 1),
(3165, 111, 894, 1),
(3166, 43, 895, 1),
(3167, 44, 895, 0),
(3168, 45, 895, 1),
(3169, 46, 895, 0),
(3170, 68, 896, 1),
(3171, 69, 896, 0),
(3172, 70, 896, 1),
(3173, 71, 896, 0),
(3174, 72, 896, 1),
(3175, 78, 897, 1),
(3176, 79, 897, 0),
(3177, 80, 897, 1),
(3178, 11, 898, 1),
(3179, 12, 898, 1),
(3180, 13, 898, 1),
(3181, 93, 899, 1),
(3182, 94, 899, 0),
(3183, 95, 899, 1),
(3184, 96, 899, 1),
(3185, 117, 900, 1),
(3186, 118, 900, 1),
(3187, 119, 900, 0),
(3188, 120, 900, 1),
(3189, 43, 901, 1),
(3190, 44, 901, 0),
(3191, 45, 901, 1),
(3192, 46, 901, 0),
(3193, 40, 902, 1),
(3194, 41, 902, 0),
(3195, 42, 902, 1),
(3196, 93, 903, 0),
(3197, 94, 903, 0),
(3198, 95, 903, 1),
(3199, 96, 903, 0),
(3200, 78, 904, 0),
(3201, 79, 904, 1),
(3202, 80, 904, 1),
(3203, 24, 905, 1),
(3204, 25, 905, 1),
(3205, 26, 905, 0),
(3206, 27, 905, 1),
(3207, 28, 905, 1),
(3208, 68, 906, 1),
(3209, 69, 906, 1),
(3210, 70, 906, 1),
(3211, 71, 906, 0),
(3212, 72, 906, 1),
(3213, 110, 907, 1),
(3214, 111, 907, 1),
(3215, 11, 908, 1),
(3216, 12, 908, 1),
(3217, 13, 908, 1),
(3218, 144, 909, 1),
(3219, 145, 909, 1),
(3220, 146, 909, 1),
(3221, 147, 910, 0),
(3222, 148, 910, 1),
(3223, 58, 911, 0),
(3224, 59, 911, 1),
(3225, 60, 911, 1),
(3226, 29, 912, 1),
(3227, 30, 912, 1),
(3228, 31, 912, 0),
(3229, 32, 912, 1),
(3230, 33, 912, 1),
(3231, 135, 913, 1),
(3232, 136, 913, 1),
(3233, 137, 913, 1),
(3234, 138, 913, 1),
(3235, 123, 914, 1),
(3236, 124, 914, 1),
(3237, 125, 914, 1),
(3238, 126, 914, 1),
(3239, 16, 915, 1),
(3240, 17, 915, 0),
(3241, 18, 915, 0),
(3242, 81, 916, 1),
(3243, 82, 916, 1),
(3244, 83, 916, 1),
(3245, 84, 916, 0),
(3246, 127, 917, 1),
(3247, 128, 917, 0),
(3248, 129, 917, 1),
(3249, 47, 918, 1),
(3250, 48, 918, 1),
(3251, 49, 918, 1),
(3252, 50, 918, 1),
(3253, 61, 919, 0),
(3254, 62, 919, 0),
(3255, 19, 920, 0),
(3256, 20, 920, 1),
(3257, 21, 920, 1),
(3258, 22, 920, 0),
(3259, 23, 920, 1),
(3260, 121, 921, 1),
(3261, 122, 921, 1),
(3262, 88, 922, 1),
(3263, 89, 922, 0),
(3264, 90, 922, 1),
(3265, 68, 923, 1),
(3266, 69, 923, 1),
(3267, 70, 923, 1),
(3268, 71, 923, 0),
(3269, 72, 923, 1),
(3270, 117, 924, 1),
(3271, 118, 924, 1),
(3272, 119, 924, 1),
(3273, 120, 924, 1),
(3274, 110, 925, 1),
(3275, 111, 925, 1),
(3276, 78, 926, 1),
(3277, 79, 926, 0),
(3278, 80, 926, 1),
(3279, 11, 927, 0),
(3280, 12, 927, 1),
(3281, 13, 927, 1),
(3282, 43, 928, 1),
(3283, 44, 928, 0),
(3284, 45, 928, 1),
(3285, 46, 928, 0),
(3286, 93, 929, 1),
(3287, 94, 929, 1),
(3288, 95, 929, 1),
(3289, 96, 929, 0),
(3290, 24, 930, 1),
(3291, 25, 930, 1),
(3292, 26, 930, 0),
(3293, 27, 930, 1),
(3294, 28, 930, 1),
(3295, 40, 931, 1),
(3296, 41, 931, 0),
(3297, 42, 931, 0),
(3298, 76, 932, 1),
(3299, 77, 932, 0),
(3300, 85, 933, 1),
(3301, 86, 933, 1),
(3302, 87, 933, 0),
(3303, 130, 934, 1),
(3304, 131, 934, 1),
(3305, 132, 934, 1),
(3306, 133, 934, 0),
(3307, 134, 934, 1),
(3308, 91, 935, 1),
(3309, 92, 935, 1),
(3310, 139, 936, 1),
(3311, 140, 936, 1),
(3312, 141, 936, 0),
(3313, 142, 936, 1),
(3314, 143, 936, 1),
(3315, 106, 937, 1),
(3316, 107, 937, 0),
(3317, 108, 937, 0),
(3318, 109, 937, 0),
(3319, 112, 938, 1),
(3320, 113, 938, 0),
(3321, 114, 938, 0),
(3322, 115, 938, 1),
(3323, 116, 938, 1),
(3324, 73, 939, 1),
(3325, 74, 939, 0),
(3326, 75, 939, 1),
(3327, 102, 940, 0),
(3328, 103, 940, 1),
(3329, 104, 940, 1),
(3330, 105, 940, 1),
(3331, 97, 941, 1),
(3332, 98, 941, 1),
(3333, 99, 941, 1),
(3334, 100, 941, 1),
(3335, 101, 941, 0),
(3336, 56, 942, 1),
(3337, 57, 942, 0),
(3338, 14, 943, 0),
(3339, 15, 943, 0),
(3340, 85, 944, 1),
(3341, 86, 944, 1),
(3342, 87, 944, 0),
(3343, 76, 945, 1),
(3344, 77, 945, 0),
(3345, 73, 946, 1),
(3346, 74, 946, 0),
(3347, 75, 946, 1),
(3348, 91, 947, 1),
(3349, 92, 947, 1),
(3350, 56, 948, 1),
(3351, 57, 948, 0),
(3352, 112, 949, 1),
(3353, 113, 949, 0),
(3354, 114, 949, 1),
(3355, 115, 949, 1),
(3356, 116, 949, 1),
(3357, 106, 950, 1),
(3358, 107, 950, 0),
(3359, 108, 950, 1),
(3360, 109, 950, 1),
(3361, 97, 951, 1),
(3362, 98, 951, 1),
(3363, 99, 951, 1),
(3364, 100, 951, 1),
(3365, 101, 951, 1),
(3366, 139, 952, 1),
(3367, 140, 952, 1),
(3368, 141, 952, 0),
(3369, 142, 952, 1),
(3370, 143, 952, 0),
(3371, 130, 953, 0),
(3372, 131, 953, 1),
(3373, 132, 953, 1),
(3374, 133, 953, 0),
(3375, 134, 953, 1),
(3376, 102, 954, 1),
(3377, 103, 954, 1),
(3378, 104, 954, 1),
(3379, 105, 954, 1),
(3380, 14, 955, 1),
(3381, 15, 955, 1),
(3382, 144, 956, 1),
(3383, 145, 956, 0),
(3384, 146, 956, 1),
(3385, 147, 957, 0),
(3386, 148, 957, 1),
(3387, 73, 958, 0),
(3388, 74, 958, 0),
(3389, 75, 958, 1),
(3390, 91, 959, 1),
(3391, 92, 959, 1),
(3392, 76, 960, 1),
(3393, 77, 960, 1),
(3394, 102, 961, 1),
(3395, 103, 961, 0),
(3396, 104, 961, 1),
(3397, 105, 961, 1),
(3398, 130, 962, 1),
(3399, 131, 962, 1),
(3400, 132, 962, 0),
(3401, 133, 962, 0),
(3402, 134, 962, 1),
(3403, 106, 963, 1),
(3404, 107, 963, 0),
(3405, 108, 963, 1),
(3406, 109, 963, 1),
(3407, 85, 964, 1),
(3408, 86, 964, 1),
(3409, 87, 964, 0),
(3410, 14, 965, 1),
(3411, 15, 965, 1),
(3412, 56, 966, 1),
(3413, 57, 966, 0),
(3414, 112, 967, 1),
(3415, 113, 967, 0),
(3416, 114, 967, 1),
(3417, 115, 967, 1),
(3418, 116, 967, 1),
(3419, 139, 968, 1),
(3420, 140, 968, 1),
(3421, 141, 968, 0),
(3422, 142, 968, 1),
(3423, 143, 968, 1),
(3424, 97, 969, 0),
(3425, 98, 969, 0),
(3426, 99, 969, 1),
(3427, 100, 969, 1),
(3428, 101, 969, 0),
(3429, 47, 970, 1),
(3430, 48, 970, 0),
(3431, 49, 970, 1),
(3432, 50, 970, 1),
(3433, 61, 971, 0),
(3434, 62, 971, 0),
(3435, 121, 972, 1),
(3436, 122, 972, 1),
(3437, 19, 973, 1),
(3438, 20, 973, 0),
(3439, 21, 973, 1),
(3440, 22, 973, 0),
(3441, 23, 973, 1),
(3442, 127, 974, 1),
(3443, 128, 974, 1),
(3444, 129, 974, 1),
(3445, 88, 975, 1),
(3446, 89, 975, 1),
(3447, 90, 975, 1),
(3448, 135, 976, 0),
(3449, 136, 976, 0),
(3450, 137, 976, 1),
(3451, 138, 976, 1),
(3452, 58, 977, 1),
(3453, 59, 977, 1),
(3454, 60, 977, 1),
(3455, 29, 978, 0),
(3456, 30, 978, 1),
(3457, 31, 978, 0),
(3458, 32, 978, 1),
(3459, 33, 978, 1),
(3460, 16, 979, 1),
(3461, 17, 979, 0),
(3462, 18, 979, 0),
(3463, 81, 980, 1),
(3464, 82, 980, 1),
(3465, 83, 980, 1),
(3466, 84, 980, 1),
(3467, 123, 981, 1),
(3468, 124, 981, 0),
(3469, 125, 981, 1),
(3470, 126, 981, 1),
(3471, 121, 982, 1),
(3472, 122, 982, 1),
(3473, 19, 983, 0),
(3474, 20, 983, 0),
(3475, 21, 983, 1),
(3476, 22, 983, 0),
(3477, 23, 983, 0),
(3478, 127, 984, 1),
(3479, 128, 984, 0),
(3480, 129, 984, 1),
(3481, 88, 985, 1),
(3482, 89, 985, 1),
(3483, 90, 985, 1),
(3484, 61, 986, 1),
(3485, 62, 986, 0),
(3486, 47, 987, 1),
(3487, 48, 987, 0),
(3488, 49, 987, 1),
(3489, 50, 987, 0),
(3490, 34, 988, 1),
(3491, 35, 988, 0),
(3492, 36, 988, 0),
(3493, 63, 989, 1),
(3494, 64, 989, 0),
(3495, 65, 989, 1),
(3496, 66, 989, 1),
(3497, 67, 989, 0),
(3498, 37, 990, 1),
(3499, 38, 990, 0),
(3500, 39, 990, 0),
(3501, 6, 991, 1),
(3502, 7, 991, 0),
(3503, 8, 991, 0),
(3504, 9, 991, 0),
(3505, 10, 991, 1),
(3506, 51, 992, 1),
(3507, 52, 992, 0),
(3508, 53, 992, 1),
(3509, 54, 992, 1),
(3510, 55, 992, 1),
(3511, 88, 993, 1),
(3512, 89, 993, 1),
(3513, 90, 993, 1),
(3514, 19, 994, 1),
(3515, 20, 994, 0),
(3516, 21, 994, 1),
(3517, 22, 994, 0),
(3518, 23, 994, 1),
(3519, 47, 995, 1),
(3520, 48, 995, 1),
(3521, 49, 995, 0),
(3522, 50, 995, 1),
(3523, 127, 996, 1),
(3524, 128, 996, 1),
(3525, 129, 996, 1),
(3526, 121, 997, 1),
(3527, 122, 997, 0),
(3528, 61, 998, 1),
(3529, 62, 998, 0),
(3530, 11, 999, 1),
(3531, 12, 999, 1),
(3532, 13, 999, 1),
(3533, 93, 1000, 1),
(3534, 94, 1000, 0),
(3535, 95, 1000, 1),
(3536, 96, 1000, 0),
(3537, 117, 1001, 0),
(3538, 118, 1001, 0),
(3539, 119, 1001, 1),
(3540, 120, 1001, 1),
(3541, 24, 1002, 1),
(3542, 25, 1002, 1),
(3543, 26, 1002, 0),
(3544, 27, 1002, 1),
(3545, 28, 1002, 1),
(3546, 68, 1003, 1),
(3547, 69, 1003, 1),
(3548, 70, 1003, 0),
(3549, 71, 1003, 0),
(3550, 72, 1003, 0),
(3551, 40, 1004, 1),
(3552, 41, 1004, 0),
(3553, 42, 1004, 1),
(3554, 110, 1005, 1),
(3555, 111, 1005, 1),
(3556, 43, 1006, 1),
(3557, 44, 1006, 1),
(3558, 45, 1006, 1),
(3559, 46, 1006, 0),
(3560, 78, 1007, 0),
(3561, 79, 1007, 0),
(3562, 80, 1007, 1),
(3563, 47, 1008, 0),
(3564, 48, 1008, 0),
(3565, 49, 1008, 1),
(3566, 50, 1008, 0),
(3567, 61, 1009, 0),
(3568, 62, 1009, 0),
(3569, 127, 1010, 1),
(3570, 128, 1010, 1),
(3571, 129, 1010, 1),
(3572, 88, 1011, 1),
(3573, 89, 1011, 1),
(3574, 90, 1011, 1),
(3575, 121, 1012, 0),
(3576, 122, 1012, 1),
(3577, 19, 1013, 1),
(3578, 20, 1013, 0),
(3579, 21, 1013, 0),
(3580, 22, 1013, 0),
(3581, 23, 1013, 1),
(3582, 51, 1014, 1),
(3583, 52, 1014, 0),
(3584, 53, 1014, 1),
(3585, 54, 1014, 0),
(3586, 55, 1014, 1),
(3587, 37, 1015, 1),
(3588, 38, 1015, 0),
(3589, 39, 1015, 0),
(3590, 6, 1016, 0),
(3591, 7, 1016, 0),
(3592, 8, 1016, 0),
(3593, 9, 1016, 0),
(3594, 10, 1016, 1),
(3595, 63, 1017, 1),
(3596, 64, 1017, 0),
(3597, 65, 1017, 1),
(3598, 66, 1017, 1),
(3599, 67, 1017, 1),
(3600, 34, 1018, 1),
(3601, 35, 1018, 0),
(3602, 36, 1018, 0),
(3603, 61, 1019, 1),
(3604, 62, 1019, 1),
(3605, 127, 1020, 1),
(3606, 128, 1020, 0),
(3607, 129, 1020, 0),
(3608, 47, 1021, 1),
(3609, 48, 1021, 0),
(3610, 49, 1021, 1),
(3611, 50, 1021, 0),
(3612, 88, 1022, 1),
(3613, 89, 1022, 1),
(3614, 90, 1022, 1),
(3615, 121, 1023, 1),
(3616, 122, 1023, 1),
(3617, 19, 1024, 1),
(3618, 20, 1024, 0),
(3619, 21, 1024, 1),
(3620, 22, 1024, 0),
(3621, 23, 1024, 1),
(3622, 47, 1025, 0),
(3623, 48, 1025, 0),
(3624, 49, 1025, 1),
(3625, 50, 1025, 1),
(3626, 19, 1026, 1),
(3627, 20, 1026, 0),
(3628, 21, 1026, 1),
(3629, 22, 1026, 0),
(3630, 23, 1026, 0),
(3631, 121, 1027, 1),
(3632, 122, 1027, 1),
(3633, 88, 1028, 1),
(3634, 89, 1028, 1),
(3635, 90, 1028, 1),
(3636, 127, 1029, 1),
(3637, 128, 1029, 1),
(3638, 129, 1029, 0),
(3639, 61, 1030, 0),
(3640, 62, 1030, 0),
(3641, 47, 1031, 1),
(3642, 48, 1031, 1),
(3643, 49, 1031, 1),
(3644, 50, 1031, 1),
(3645, 88, 1032, 1),
(3646, 89, 1032, 1),
(3647, 90, 1032, 0),
(3648, 127, 1033, 1),
(3649, 128, 1033, 1),
(3650, 129, 1033, 1),
(3651, 19, 1034, 1),
(3652, 20, 1034, 0),
(3653, 21, 1034, 1),
(3654, 22, 1034, 0),
(3655, 23, 1034, 1),
(3656, 61, 1035, 1),
(3657, 62, 1035, 0),
(3658, 121, 1036, 1),
(3659, 122, 1036, 0),
(3660, 6, 1037, 1),
(3661, 7, 1037, 0),
(3662, 8, 1037, 0),
(3663, 9, 1037, 0),
(3664, 10, 1037, 1),
(3665, 63, 1038, 1),
(3666, 64, 1038, 0),
(3667, 65, 1038, 1),
(3668, 66, 1038, 1),
(3669, 67, 1038, 1),
(3670, 34, 1039, 1),
(3671, 35, 1039, 0),
(3672, 36, 1039, 0),
(3673, 51, 1040, 1),
(3674, 52, 1040, 0),
(3675, 53, 1040, 1),
(3676, 54, 1040, 1),
(3677, 55, 1040, 1),
(3678, 37, 1041, 1),
(3679, 38, 1041, 0),
(3680, 39, 1041, 0),
(3681, 117, 1042, 1),
(3682, 118, 1042, 1),
(3683, 119, 1042, 0),
(3684, 120, 1042, 1),
(3685, 68, 1043, 1),
(3686, 69, 1043, 1),
(3687, 70, 1043, 1),
(3688, 71, 1043, 0),
(3689, 72, 1043, 0),
(3690, 24, 1044, 1),
(3691, 25, 1044, 1),
(3692, 26, 1044, 1),
(3693, 27, 1044, 1),
(3694, 28, 1044, 1),
(3695, 78, 1045, 1),
(3696, 79, 1045, 0),
(3697, 80, 1045, 1),
(3698, 11, 1046, 1),
(3699, 12, 1046, 1),
(3700, 13, 1046, 1),
(3701, 110, 1047, 0),
(3702, 111, 1047, 0),
(3703, 43, 1048, 1),
(3704, 44, 1048, 0),
(3705, 45, 1048, 1),
(3706, 46, 1048, 0),
(3707, 93, 1049, 1),
(3708, 94, 1049, 0),
(3709, 95, 1049, 0),
(3710, 96, 1049, 0),
(3711, 40, 1050, 1),
(3712, 41, 1050, 0),
(3713, 42, 1050, 1),
(3714, 78, 1051, 1),
(3715, 79, 1051, 0),
(3716, 80, 1051, 1),
(3717, 24, 1052, 1),
(3718, 25, 1052, 1),
(3719, 26, 1052, 1),
(3720, 27, 1052, 1),
(3721, 28, 1052, 1),
(3722, 110, 1053, 1),
(3723, 111, 1053, 1),
(3724, 40, 1054, 1),
(3725, 41, 1054, 0),
(3726, 42, 1054, 1),
(3727, 43, 1055, 1),
(3728, 44, 1055, 0),
(3729, 45, 1055, 1),
(3730, 46, 1055, 0),
(3731, 11, 1056, 1),
(3732, 12, 1056, 1),
(3733, 13, 1056, 1),
(3734, 68, 1057, 1),
(3735, 69, 1057, 1),
(3736, 70, 1057, 1),
(3737, 71, 1057, 0),
(3738, 72, 1057, 1),
(3739, 117, 1058, 0),
(3740, 118, 1058, 1),
(3741, 119, 1058, 0),
(3742, 120, 1058, 1),
(3743, 93, 1059, 1),
(3744, 94, 1059, 0),
(3745, 95, 1059, 1),
(3746, 96, 1059, 1),
(3747, 56, 1060, 1),
(3748, 57, 1060, 0),
(3749, 91, 1061, 1),
(3750, 92, 1061, 1),
(3751, 14, 1062, 0),
(3752, 15, 1062, 1),
(3753, 73, 1063, 1),
(3754, 74, 1063, 0),
(3755, 75, 1063, 1),
(3756, 85, 1064, 0),
(3757, 86, 1064, 1),
(3758, 87, 1064, 1),
(3759, 97, 1065, 1),
(3760, 98, 1065, 1),
(3761, 99, 1065, 1),
(3762, 100, 1065, 1),
(3763, 101, 1065, 1),
(3764, 106, 1066, 1),
(3765, 107, 1066, 0),
(3766, 108, 1066, 1),
(3767, 109, 1066, 1),
(3768, 112, 1067, 1),
(3769, 113, 1067, 0),
(3770, 114, 1067, 0),
(3771, 115, 1067, 0),
(3772, 116, 1067, 1),
(3773, 130, 1068, 1),
(3774, 131, 1068, 1),
(3775, 132, 1068, 0),
(3776, 133, 1068, 1),
(3777, 134, 1068, 1),
(3778, 102, 1069, 1),
(3779, 103, 1069, 0),
(3780, 104, 1069, 1),
(3781, 105, 1069, 1),
(3782, 139, 1070, 1),
(3783, 140, 1070, 1),
(3784, 141, 1070, 0),
(3785, 142, 1070, 1),
(3786, 143, 1070, 1),
(3787, 76, 1071, 1),
(3788, 77, 1071, 0),
(3789, 81, 1072, 1),
(3790, 82, 1072, 1),
(3791, 83, 1072, 1),
(3792, 84, 1072, 1),
(3793, 123, 1073, 1),
(3794, 124, 1073, 1),
(3795, 125, 1073, 1),
(3796, 126, 1073, 1),
(3797, 16, 1074, 1),
(3798, 17, 1074, 0),
(3799, 18, 1074, 0),
(3800, 135, 1075, 1),
(3801, 136, 1075, 1),
(3802, 137, 1075, 0),
(3803, 138, 1075, 1),
(3804, 58, 1076, 1),
(3805, 59, 1076, 1),
(3806, 60, 1076, 1),
(3807, 29, 1077, 0),
(3808, 30, 1077, 1),
(3809, 31, 1077, 0),
(3810, 32, 1077, 1),
(3811, 33, 1077, 1),
(3812, 130, 1078, 1),
(3813, 131, 1078, 1),
(3814, 132, 1078, 0),
(3815, 133, 1078, 0),
(3816, 134, 1078, 0),
(3817, 56, 1079, 1),
(3818, 57, 1079, 0),
(3819, 97, 1080, 1),
(3820, 98, 1080, 1),
(3821, 99, 1080, 0),
(3822, 100, 1080, 1),
(3823, 101, 1080, 1),
(3824, 14, 1081, 1),
(3825, 15, 1081, 1),
(3826, 85, 1082, 1),
(3827, 86, 1082, 1),
(3828, 87, 1082, 0),
(3829, 106, 1083, 1),
(3830, 107, 1083, 0),
(3831, 108, 1083, 1),
(3832, 109, 1083, 1),
(3833, 112, 1084, 1),
(3834, 113, 1084, 0),
(3835, 114, 1084, 1),
(3836, 115, 1084, 1),
(3837, 116, 1084, 1),
(3838, 102, 1085, 0),
(3839, 103, 1085, 1),
(3840, 104, 1085, 1),
(3841, 105, 1085, 0),
(3842, 91, 1086, 1),
(3843, 92, 1086, 1),
(3844, 76, 1087, 1),
(3845, 77, 1087, 0),
(3846, 73, 1088, 1),
(3847, 74, 1088, 1),
(3848, 75, 1088, 1),
(3849, 139, 1089, 1),
(3850, 140, 1089, 1),
(3851, 141, 1089, 1),
(3852, 142, 1089, 1),
(3853, 143, 1089, 1),
(3854, 76, 1090, 1),
(3855, 77, 1090, 0),
(3856, 112, 1091, 1),
(3857, 113, 1091, 0),
(3858, 114, 1091, 1),
(3859, 115, 1091, 1),
(3860, 116, 1091, 0),
(3861, 56, 1092, 1),
(3862, 57, 1092, 0),
(3863, 85, 1093, 1),
(3864, 86, 1093, 1),
(3865, 87, 1093, 0),
(3866, 14, 1094, 1),
(3867, 15, 1094, 1),
(3868, 73, 1095, 1),
(3869, 74, 1095, 0),
(3870, 75, 1095, 1),
(3871, 102, 1096, 0),
(3872, 103, 1096, 1),
(3873, 104, 1096, 1),
(3874, 105, 1096, 1),
(3875, 91, 1097, 1),
(3876, 92, 1097, 0),
(3877, 106, 1098, 1),
(3878, 107, 1098, 0),
(3879, 108, 1098, 1),
(3880, 109, 1098, 1),
(3881, 139, 1099, 1),
(3882, 140, 1099, 1),
(3883, 141, 1099, 0),
(3884, 142, 1099, 1),
(3885, 143, 1099, 1),
(3886, 97, 1100, 1),
(3887, 98, 1100, 1),
(3888, 99, 1100, 0),
(3889, 100, 1100, 0),
(3890, 101, 1100, 1),
(3891, 130, 1101, 1),
(3892, 131, 1101, 1),
(3893, 132, 1101, 0),
(3894, 133, 1101, 0),
(3895, 134, 1101, 1),
(3896, 106, 1102, 1),
(3897, 107, 1102, 0),
(3898, 108, 1102, 1),
(3899, 109, 1102, 0),
(3900, 14, 1103, 1),
(3901, 15, 1103, 1),
(3902, 139, 1104, 0),
(3903, 140, 1104, 0),
(3904, 141, 1104, 0),
(3905, 142, 1104, 1),
(3906, 143, 1104, 1),
(3907, 73, 1105, 0),
(3908, 74, 1105, 0),
(3909, 75, 1105, 1),
(3910, 97, 1106, 1),
(3911, 98, 1106, 1),
(3912, 99, 1106, 0),
(3913, 100, 1106, 0),
(3914, 101, 1106, 0),
(3915, 112, 1107, 1),
(3916, 113, 1107, 0),
(3917, 114, 1107, 1),
(3918, 115, 1107, 0),
(3919, 116, 1107, 0),
(3920, 130, 1108, 1),
(3921, 131, 1108, 1),
(3922, 132, 1108, 1),
(3923, 133, 1108, 1),
(3924, 134, 1108, 1),
(3925, 91, 1109, 1),
(3926, 92, 1109, 0),
(3927, 56, 1110, 0),
(3928, 57, 1110, 0),
(3929, 76, 1111, 1),
(3930, 77, 1111, 0),
(3931, 85, 1112, 0),
(3932, 86, 1112, 0),
(3933, 87, 1112, 0),
(3934, 102, 1113, 0),
(3935, 103, 1113, 0),
(3936, 104, 1113, 1),
(3937, 105, 1113, 1),
(3938, 68, 1114, 0),
(3939, 69, 1114, 1),
(3940, 70, 1114, 1),
(3941, 71, 1114, 0),
(3942, 72, 1114, 0),
(3943, 24, 1115, 1),
(3944, 25, 1115, 1),
(3945, 26, 1115, 0),
(3946, 27, 1115, 1),
(3947, 28, 1115, 1),
(3948, 40, 1116, 1),
(3949, 41, 1116, 1),
(3950, 42, 1116, 1),
(3951, 93, 1117, 1),
(3952, 94, 1117, 0),
(3953, 95, 1117, 1),
(3954, 96, 1117, 0),
(3955, 43, 1118, 1),
(3956, 44, 1118, 0),
(3957, 45, 1118, 1),
(3958, 46, 1118, 0),
(3959, 11, 1119, 1),
(3960, 12, 1119, 0),
(3961, 13, 1119, 0),
(3962, 117, 1120, 1),
(3963, 118, 1120, 1),
(3964, 119, 1120, 1),
(3965, 120, 1120, 1),
(3966, 110, 1121, 1),
(3967, 111, 1121, 0),
(3968, 78, 1122, 1),
(3969, 79, 1122, 0),
(3970, 80, 1122, 0),
(3971, 34, 1123, 1),
(3972, 35, 1123, 0),
(3973, 36, 1123, 0),
(3974, 63, 1124, 1),
(3975, 64, 1124, 0),
(3976, 65, 1124, 1),
(3977, 66, 1124, 1),
(3978, 67, 1124, 1),
(3979, 6, 1125, 1),
(3980, 7, 1125, 0),
(3981, 8, 1125, 0),
(3982, 9, 1125, 0),
(3983, 10, 1125, 1),
(3984, 51, 1126, 1),
(3985, 52, 1126, 0),
(3986, 53, 1126, 0),
(3987, 54, 1126, 1),
(3988, 55, 1126, 1),
(3989, 37, 1127, 1),
(3990, 38, 1127, 0),
(3991, 39, 1127, 0),
(3992, 147, 1128, 0),
(3993, 148, 1128, 1),
(3994, 144, 1129, 1),
(3995, 145, 1129, 0),
(3996, 146, 1129, 1),
(3997, 97, 1130, 1),
(3998, 98, 1130, 1),
(3999, 99, 1130, 1),
(4000, 100, 1130, 1),
(4001, 101, 1130, 1),
(4002, 73, 1131, 1),
(4003, 74, 1131, 0),
(4004, 75, 1131, 1),
(4005, 91, 1132, 1),
(4006, 92, 1132, 0),
(4007, 85, 1133, 1),
(4008, 86, 1133, 1),
(4009, 87, 1133, 1),
(4010, 139, 1134, 1),
(4011, 140, 1134, 1),
(4012, 141, 1134, 0),
(4013, 142, 1134, 1),
(4014, 143, 1134, 0),
(4015, 76, 1135, 1),
(4016, 77, 1135, 1),
(4017, 56, 1136, 1),
(4018, 57, 1136, 0),
(4019, 130, 1137, 0),
(4020, 131, 1137, 0),
(4021, 132, 1137, 0),
(4022, 133, 1137, 1),
(4023, 134, 1137, 1),
(4024, 106, 1138, 1),
(4025, 107, 1138, 0),
(4026, 108, 1138, 1),
(4027, 109, 1138, 1),
(4028, 102, 1139, 1),
(4029, 103, 1139, 1),
(4030, 104, 1139, 1),
(4031, 105, 1139, 1),
(4032, 14, 1140, 1),
(4033, 15, 1140, 1),
(4034, 112, 1141, 1),
(4035, 113, 1141, 0),
(4036, 114, 1141, 1),
(4037, 115, 1141, 0),
(4038, 116, 1141, 1),
(4039, 34, 1142, 0),
(4040, 35, 1142, 1),
(4041, 36, 1142, 0),
(4042, 63, 1143, 1),
(4043, 64, 1143, 0),
(4044, 65, 1143, 1),
(4045, 66, 1143, 1),
(4046, 67, 1143, 1),
(4047, 51, 1144, 1),
(4048, 52, 1144, 0),
(4049, 53, 1144, 0),
(4050, 54, 1144, 1),
(4051, 55, 1144, 0),
(4052, 37, 1145, 1),
(4053, 38, 1145, 0),
(4054, 39, 1145, 1),
(4055, 6, 1146, 1),
(4056, 7, 1146, 0),
(4057, 8, 1146, 0),
(4058, 9, 1146, 0),
(4059, 10, 1146, 1),
(4060, 97, 1147, 1),
(4061, 98, 1147, 0),
(4062, 99, 1147, 1),
(4063, 100, 1147, 0),
(4064, 101, 1147, 1),
(4065, 14, 1148, 1),
(4066, 15, 1148, 1),
(4067, 106, 1149, 1),
(4068, 107, 1149, 1),
(4069, 108, 1149, 1),
(4070, 109, 1149, 1),
(4071, 91, 1150, 1),
(4072, 92, 1150, 1),
(4073, 85, 1151, 1),
(4074, 86, 1151, 1),
(4075, 87, 1151, 0),
(4076, 76, 1152, 1),
(4077, 77, 1152, 1),
(4078, 130, 1153, 1),
(4079, 131, 1153, 1),
(4080, 132, 1153, 1),
(4081, 133, 1153, 0),
(4082, 134, 1153, 1),
(4083, 139, 1154, 1),
(4084, 140, 1154, 1),
(4085, 141, 1154, 0),
(4086, 142, 1154, 1),
(4087, 143, 1154, 0),
(4088, 112, 1155, 1),
(4089, 113, 1155, 0),
(4090, 114, 1155, 1),
(4091, 115, 1155, 0),
(4092, 116, 1155, 1),
(4093, 56, 1156, 1),
(4094, 57, 1156, 1),
(4095, 102, 1157, 1),
(4096, 103, 1157, 0),
(4097, 104, 1157, 1),
(4098, 105, 1157, 1),
(4099, 73, 1158, 1),
(4100, 74, 1158, 0),
(4101, 75, 1158, 0),
(4102, 56, 1159, 0),
(4103, 57, 1159, 0),
(4104, 97, 1160, 1),
(4105, 98, 1160, 1),
(4106, 99, 1160, 0),
(4107, 100, 1160, 1),
(4108, 101, 1160, 1),
(4109, 112, 1161, 1),
(4110, 113, 1161, 1),
(4111, 114, 1161, 1),
(4112, 115, 1161, 1),
(4113, 116, 1161, 1),
(4114, 139, 1162, 1),
(4115, 140, 1162, 1),
(4116, 141, 1162, 0),
(4117, 142, 1162, 1),
(4118, 143, 1162, 1),
(4119, 76, 1163, 1),
(4120, 77, 1163, 1),
(4121, 130, 1164, 1),
(4122, 131, 1164, 1),
(4123, 132, 1164, 0),
(4124, 133, 1164, 0),
(4125, 134, 1164, 1),
(4126, 73, 1165, 1),
(4127, 74, 1165, 0),
(4128, 75, 1165, 1),
(4129, 85, 1166, 0),
(4130, 86, 1166, 1),
(4131, 87, 1166, 0),
(4132, 106, 1167, 1),
(4133, 107, 1167, 0),
(4134, 108, 1167, 1),
(4135, 109, 1167, 1),
(4136, 91, 1168, 1),
(4137, 92, 1168, 1),
(4138, 14, 1169, 1),
(4139, 15, 1169, 0),
(4140, 102, 1170, 1),
(4141, 103, 1170, 1),
(4142, 104, 1170, 0),
(4143, 105, 1170, 1),
(4144, 147, 1171, 0),
(4145, 148, 1171, 1),
(4146, 144, 1172, 1),
(4147, 145, 1172, 0),
(4148, 146, 1172, 1),
(4149, 76, 1173, 1),
(4150, 77, 1173, 1),
(4151, 91, 1174, 0),
(4152, 92, 1174, 1),
(4153, 85, 1175, 1),
(4154, 86, 1175, 1),
(4155, 87, 1175, 0),
(4156, 106, 1176, 1),
(4157, 107, 1176, 0),
(4158, 108, 1176, 1),
(4159, 109, 1176, 1),
(4160, 102, 1177, 1),
(4161, 103, 1177, 0),
(4162, 104, 1177, 1),
(4163, 105, 1177, 1),
(4164, 14, 1178, 1),
(4165, 15, 1178, 1),
(4166, 130, 1179, 0),
(4167, 131, 1179, 1),
(4168, 132, 1179, 0),
(4169, 133, 1179, 0),
(4170, 134, 1179, 1),
(4171, 73, 1180, 1),
(4172, 74, 1180, 0),
(4173, 75, 1180, 1),
(4174, 139, 1181, 1),
(4175, 140, 1181, 1),
(4176, 141, 1181, 0),
(4177, 142, 1181, 1),
(4178, 143, 1181, 1),
(4179, 97, 1182, 1),
(4180, 98, 1182, 0),
(4181, 99, 1182, 1),
(4182, 100, 1182, 1),
(4183, 101, 1182, 1),
(4184, 56, 1183, 1),
(4185, 57, 1183, 0),
(4186, 112, 1184, 1),
(4187, 113, 1184, 1),
(4188, 114, 1184, 0),
(4189, 115, 1184, 1),
(4190, 116, 1184, 1),
(4191, 123, 1185, 1),
(4192, 124, 1185, 1),
(4193, 125, 1185, 1),
(4194, 126, 1185, 1),
(4195, 81, 1186, 1),
(4196, 82, 1186, 1),
(4197, 83, 1186, 0),
(4198, 84, 1186, 0),
(4199, 29, 1187, 1),
(4200, 30, 1187, 1),
(4201, 31, 1187, 0),
(4202, 32, 1187, 1),
(4203, 33, 1187, 1),
(4204, 135, 1188, 1),
(4205, 136, 1188, 1),
(4206, 137, 1188, 1),
(4207, 138, 1188, 1),
(4208, 16, 1189, 1),
(4209, 17, 1189, 0),
(4210, 18, 1189, 0),
(4211, 58, 1190, 1),
(4212, 59, 1190, 1),
(4213, 60, 1190, 1),
(4214, 81, 1191, 1),
(4215, 82, 1191, 1),
(4216, 83, 1191, 1),
(4217, 84, 1191, 0),
(4218, 58, 1192, 1),
(4219, 59, 1192, 1),
(4220, 60, 1192, 1),
(4221, 29, 1193, 1),
(4222, 30, 1193, 0),
(4223, 31, 1193, 0),
(4224, 32, 1193, 0),
(4225, 33, 1193, 0),
(4226, 135, 1194, 1),
(4227, 136, 1194, 1),
(4228, 137, 1194, 1),
(4229, 138, 1194, 1),
(4230, 16, 1195, 1),
(4231, 17, 1195, 0),
(4232, 18, 1195, 0),
(4233, 123, 1196, 0),
(4234, 124, 1196, 1),
(4235, 125, 1196, 1),
(4236, 126, 1196, 1),
(4237, 144, 1197, 0),
(4238, 145, 1197, 0),
(4239, 146, 1197, 1),
(4240, 147, 1198, 0),
(4241, 148, 1198, 0),
(4242, 76, 1199, 1),
(4243, 77, 1199, 0),
(4244, 73, 1200, 1),
(4245, 74, 1200, 0),
(4246, 75, 1200, 1),
(4247, 97, 1201, 1),
(4248, 98, 1201, 1),
(4249, 99, 1201, 1),
(4250, 100, 1201, 1),
(4251, 101, 1201, 1),
(4252, 112, 1202, 1),
(4253, 113, 1202, 0),
(4254, 114, 1202, 1),
(4255, 115, 1202, 1),
(4256, 116, 1202, 1),
(4257, 56, 1203, 0),
(4258, 57, 1203, 0),
(4259, 14, 1204, 1),
(4260, 15, 1204, 1),
(4261, 102, 1205, 1),
(4262, 103, 1205, 1),
(4263, 104, 1205, 1),
(4264, 105, 1205, 1),
(4265, 91, 1206, 0),
(4266, 92, 1206, 1),
(4267, 139, 1207, 1),
(4268, 140, 1207, 1),
(4269, 141, 1207, 0),
(4270, 142, 1207, 1),
(4271, 143, 1207, 1),
(4272, 106, 1208, 1),
(4273, 107, 1208, 1),
(4274, 108, 1208, 1),
(4275, 109, 1208, 1),
(4276, 85, 1209, 1),
(4277, 86, 1209, 1),
(4278, 87, 1209, 0),
(4279, 130, 1210, 1),
(4280, 131, 1210, 1),
(4281, 132, 1210, 0),
(4282, 133, 1210, 1),
(4283, 134, 1210, 1),
(4284, 16, 1211, 1),
(4285, 17, 1211, 0),
(4286, 18, 1211, 0),
(4287, 123, 1212, 1),
(4288, 124, 1212, 1),
(4289, 125, 1212, 1),
(4290, 126, 1212, 1),
(4291, 58, 1213, 1),
(4292, 59, 1213, 1),
(4293, 60, 1213, 1),
(4294, 29, 1214, 0),
(4295, 30, 1214, 1),
(4296, 31, 1214, 0),
(4297, 32, 1214, 0),
(4298, 33, 1214, 1),
(4299, 81, 1215, 1),
(4300, 82, 1215, 0),
(4301, 83, 1215, 1),
(4302, 84, 1215, 1),
(4303, 135, 1216, 1),
(4304, 136, 1216, 1),
(4305, 137, 1216, 1),
(4306, 138, 1216, 1),
(4307, 63, 1217, 0),
(4308, 64, 1217, 0),
(4309, 65, 1217, 1),
(4310, 66, 1217, 1),
(4311, 67, 1217, 1),
(4312, 51, 1218, 1),
(4313, 52, 1218, 1),
(4314, 53, 1218, 0),
(4315, 54, 1218, 1),
(4316, 55, 1218, 1),
(4317, 6, 1219, 1),
(4318, 7, 1219, 0),
(4319, 8, 1219, 1),
(4320, 9, 1219, 0),
(4321, 10, 1219, 1),
(4322, 34, 1220, 1),
(4323, 35, 1220, 0),
(4324, 36, 1220, 0),
(4325, 37, 1221, 1),
(4326, 38, 1221, 0),
(4327, 39, 1221, 1),
(4328, 147, 1222, 0),
(4329, 148, 1222, 1),
(4330, 144, 1223, 1),
(4331, 145, 1223, 1),
(4332, 146, 1223, 1),
(4333, 147, 1224, 0),
(4334, 148, 1224, 1),
(4335, 144, 1225, 1),
(4336, 145, 1225, 0),
(4337, 146, 1225, 1),
(4338, 61, 1226, 1),
(4339, 62, 1226, 0),
(4340, 47, 1227, 1),
(4341, 48, 1227, 0),
(4342, 49, 1227, 1),
(4343, 50, 1227, 1),
(4344, 121, 1228, 1),
(4345, 122, 1228, 1),
(4346, 19, 1229, 1),
(4347, 20, 1229, 1),
(4348, 21, 1229, 1),
(4349, 22, 1229, 0),
(4350, 23, 1229, 1),
(4351, 88, 1230, 1),
(4352, 89, 1230, 1),
(4353, 90, 1230, 1),
(4354, 127, 1231, 1),
(4355, 128, 1231, 1),
(4356, 129, 1231, 1),
(4357, 37, 1232, 1),
(4358, 38, 1232, 0),
(4359, 39, 1232, 0),
(4360, 34, 1233, 1),
(4361, 35, 1233, 0),
(4362, 36, 1233, 0),
(4363, 51, 1234, 1),
(4364, 52, 1234, 0),
(4365, 53, 1234, 0),
(4366, 54, 1234, 0),
(4367, 55, 1234, 1),
(4368, 6, 1235, 1),
(4369, 7, 1235, 1),
(4370, 8, 1235, 0),
(4371, 9, 1235, 0),
(4372, 10, 1235, 1),
(4373, 63, 1236, 1),
(4374, 64, 1236, 0),
(4375, 65, 1236, 0),
(4376, 66, 1236, 0),
(4377, 67, 1236, 1),
(4378, 123, 1237, 1),
(4379, 124, 1237, 1),
(4380, 125, 1237, 1),
(4381, 126, 1237, 1),
(4382, 81, 1238, 0),
(4383, 82, 1238, 0),
(4384, 83, 1238, 0),
(4385, 84, 1238, 0),
(4386, 29, 1239, 1),
(4387, 30, 1239, 1),
(4388, 31, 1239, 0),
(4389, 32, 1239, 1),
(4390, 33, 1239, 1),
(4391, 58, 1240, 1),
(4392, 59, 1240, 0),
(4393, 60, 1240, 1),
(4394, 16, 1241, 0),
(4395, 17, 1241, 0),
(4396, 18, 1241, 0),
(4397, 135, 1242, 1),
(4398, 136, 1242, 1),
(4399, 137, 1242, 1),
(4400, 138, 1242, 1),
(4401, 144, 1243, 1),
(4402, 145, 1243, 1),
(4403, 146, 1243, 1),
(4404, 147, 1244, 1),
(4405, 148, 1244, 1),
(4406, 144, 1245, 1),
(4407, 145, 1245, 1),
(4408, 146, 1245, 1),
(4409, 147, 1246, 0),
(4410, 148, 1246, 0),
(4411, 144, 1247, 1),
(4412, 145, 1247, 0),
(4413, 146, 1247, 1),
(4414, 147, 1248, 0),
(4415, 148, 1248, 0),
(4416, 106, 1249, 1),
(4417, 107, 1249, 0),
(4418, 108, 1249, 1),
(4419, 109, 1249, 1),
(4420, 139, 1250, 1),
(4421, 140, 1250, 1),
(4422, 141, 1250, 0),
(4423, 142, 1250, 1),
(4424, 143, 1250, 1),
(4425, 85, 1251, 1),
(4426, 86, 1251, 1),
(4427, 87, 1251, 0),
(4428, 112, 1252, 1),
(4429, 113, 1252, 0),
(4430, 114, 1252, 1),
(4431, 115, 1252, 1),
(4432, 116, 1252, 1),
(4433, 97, 1253, 1),
(4434, 98, 1253, 1),
(4435, 99, 1253, 1),
(4436, 100, 1253, 1),
(4437, 101, 1253, 1),
(4438, 130, 1254, 1),
(4439, 131, 1254, 1),
(4440, 132, 1254, 1),
(4441, 133, 1254, 0),
(4442, 134, 1254, 1),
(4443, 56, 1255, 1),
(4444, 57, 1255, 0),
(4445, 76, 1256, 0),
(4446, 77, 1256, 0),
(4447, 14, 1257, 1),
(4448, 15, 1257, 1),
(4449, 102, 1258, 0),
(4450, 103, 1258, 0),
(4451, 104, 1258, 1),
(4452, 105, 1258, 1),
(4453, 73, 1259, 1),
(4454, 74, 1259, 0),
(4455, 75, 1259, 1),
(4456, 91, 1260, 0),
(4457, 92, 1260, 1),
(4458, 112, 1261, 1),
(4459, 113, 1261, 0),
(4460, 114, 1261, 1),
(4461, 115, 1261, 1),
(4462, 116, 1261, 1),
(4463, 14, 1262, 1),
(4464, 15, 1262, 1),
(4465, 130, 1263, 1),
(4466, 131, 1263, 1),
(4467, 132, 1263, 0),
(4468, 133, 1263, 0),
(4469, 134, 1263, 1),
(4470, 102, 1264, 1),
(4471, 103, 1264, 0),
(4472, 104, 1264, 1),
(4473, 105, 1264, 1),
(4474, 91, 1265, 1),
(4475, 92, 1265, 1),
(4476, 106, 1266, 1),
(4477, 107, 1266, 0),
(4478, 108, 1266, 1),
(4479, 109, 1266, 1),
(4480, 73, 1267, 1),
(4481, 74, 1267, 0),
(4482, 75, 1267, 1),
(4483, 76, 1268, 1),
(4484, 77, 1268, 0),
(4485, 85, 1269, 1),
(4486, 86, 1269, 1),
(4487, 87, 1269, 0),
(4488, 97, 1270, 1),
(4489, 98, 1270, 1),
(4490, 99, 1270, 1),
(4491, 100, 1270, 1),
(4492, 101, 1270, 1),
(4493, 56, 1271, 1),
(4494, 57, 1271, 0),
(4495, 139, 1272, 1),
(4496, 140, 1272, 1),
(4497, 141, 1272, 0),
(4498, 142, 1272, 0),
(4499, 143, 1272, 1),
(4500, 61, 1273, 1),
(4501, 62, 1273, 0),
(4502, 19, 1274, 1),
(4503, 20, 1274, 0),
(4504, 21, 1274, 0),
(4505, 22, 1274, 0),
(4506, 23, 1274, 1),
(4507, 47, 1275, 1),
(4508, 48, 1275, 0),
(4509, 49, 1275, 1),
(4510, 50, 1275, 1),
(4511, 121, 1276, 1),
(4512, 122, 1276, 1),
(4513, 127, 1277, 1),
(4514, 128, 1277, 1),
(4515, 129, 1277, 0),
(4516, 88, 1278, 1),
(4517, 89, 1278, 1),
(4518, 90, 1278, 1),
(4519, 88, 1279, 0),
(4520, 89, 1279, 1),
(4521, 90, 1279, 1),
(4522, 121, 1280, 0),
(4523, 122, 1280, 0),
(4524, 19, 1281, 1),
(4525, 20, 1281, 0),
(4526, 21, 1281, 1),
(4527, 22, 1281, 0),
(4528, 23, 1281, 1),
(4529, 61, 1282, 0),
(4530, 62, 1282, 1),
(4531, 127, 1283, 1),
(4532, 128, 1283, 1),
(4533, 129, 1283, 1),
(4534, 47, 1284, 1),
(4535, 48, 1284, 0),
(4536, 49, 1284, 0),
(4537, 50, 1284, 1),
(4538, 51, 1285, 1),
(4539, 52, 1285, 0),
(4540, 53, 1285, 0),
(4541, 54, 1285, 0),
(4542, 55, 1285, 1),
(4543, 34, 1286, 1),
(4544, 35, 1286, 0),
(4545, 36, 1286, 1),
(4546, 6, 1287, 1),
(4547, 7, 1287, 0),
(4548, 8, 1287, 0),
(4549, 9, 1287, 0),
(4550, 10, 1287, 1),
(4551, 63, 1288, 1),
(4552, 64, 1288, 0),
(4553, 65, 1288, 1),
(4554, 66, 1288, 1),
(4555, 67, 1288, 1),
(4556, 37, 1289, 1),
(4557, 38, 1289, 0),
(4558, 39, 1289, 0),
(4559, 147, 1290, 0),
(4560, 148, 1290, 1),
(4561, 144, 1291, 1),
(4562, 145, 1291, 0),
(4563, 146, 1291, 1),
(4564, 24, 1292, 0),
(4565, 25, 1292, 1),
(4566, 26, 1292, 0),
(4567, 27, 1292, 1),
(4568, 28, 1292, 1),
(4569, 110, 1293, 1),
(4570, 111, 1293, 1),
(4571, 43, 1294, 1),
(4572, 44, 1294, 0),
(4573, 45, 1294, 1),
(4574, 46, 1294, 1),
(4575, 78, 1295, 1),
(4576, 79, 1295, 0),
(4577, 80, 1295, 1),
(4578, 68, 1296, 1),
(4579, 69, 1296, 1),
(4580, 70, 1296, 1),
(4581, 71, 1296, 0),
(4582, 72, 1296, 1),
(4583, 40, 1297, 1),
(4584, 41, 1297, 0),
(4585, 42, 1297, 1),
(4586, 11, 1298, 0),
(4587, 12, 1298, 1),
(4588, 13, 1298, 1),
(4589, 117, 1299, 1),
(4590, 118, 1299, 1),
(4591, 119, 1299, 1),
(4592, 120, 1299, 1),
(4593, 93, 1300, 1),
(4594, 94, 1300, 0),
(4595, 95, 1300, 1),
(4596, 96, 1300, 0),
(4597, 16, 1301, 1),
(4598, 17, 1301, 0),
(4599, 18, 1301, 0),
(4600, 135, 1302, 1),
(4601, 136, 1302, 1),
(4602, 137, 1302, 1),
(4603, 138, 1302, 1),
(4604, 58, 1303, 1),
(4605, 59, 1303, 1),
(4606, 60, 1303, 1),
(4607, 123, 1304, 1),
(4608, 124, 1304, 1),
(4609, 125, 1304, 1),
(4610, 126, 1304, 0),
(4611, 29, 1305, 1),
(4612, 30, 1305, 1),
(4613, 31, 1305, 1),
(4614, 32, 1305, 1),
(4615, 33, 1305, 1),
(4616, 81, 1306, 1),
(4617, 82, 1306, 1),
(4618, 83, 1306, 0),
(4619, 84, 1306, 0),
(4620, 68, 1307, 0),
(4621, 69, 1307, 1),
(4622, 70, 1307, 1),
(4623, 71, 1307, 0),
(4624, 72, 1307, 1),
(4625, 11, 1308, 1),
(4626, 12, 1308, 1),
(4627, 13, 1308, 1),
(4628, 117, 1309, 0),
(4629, 118, 1309, 1),
(4630, 119, 1309, 1),
(4631, 120, 1309, 1),
(4632, 40, 1310, 1),
(4633, 41, 1310, 0),
(4634, 42, 1310, 1),
(4635, 24, 1311, 1),
(4636, 25, 1311, 1),
(4637, 26, 1311, 0),
(4638, 27, 1311, 1),
(4639, 28, 1311, 1),
(4640, 110, 1312, 1),
(4641, 111, 1312, 1),
(4642, 78, 1313, 1),
(4643, 79, 1313, 0),
(4644, 80, 1313, 1),
(4645, 93, 1314, 1),
(4646, 94, 1314, 1),
(4647, 95, 1314, 1),
(4648, 96, 1314, 0),
(4649, 43, 1315, 1),
(4650, 44, 1315, 0),
(4651, 45, 1315, 1),
(4652, 46, 1315, 0),
(4653, 139, 1316, 1),
(4654, 140, 1316, 0),
(4655, 141, 1316, 0),
(4656, 142, 1316, 1),
(4657, 143, 1316, 1),
(4658, 56, 1317, 0),
(4659, 57, 1317, 1),
(4660, 112, 1318, 1),
(4661, 113, 1318, 0),
(4662, 114, 1318, 1),
(4663, 115, 1318, 1),
(4664, 116, 1318, 0),
(4665, 76, 1319, 1),
(4666, 77, 1319, 0),
(4667, 97, 1320, 1),
(4668, 98, 1320, 1),
(4669, 99, 1320, 1),
(4670, 100, 1320, 1),
(4671, 101, 1320, 1),
(4672, 14, 1321, 1),
(4673, 15, 1321, 1),
(4674, 130, 1322, 1),
(4675, 131, 1322, 1),
(4676, 132, 1322, 0),
(4677, 133, 1322, 0),
(4678, 134, 1322, 1),
(4679, 85, 1323, 1),
(4680, 86, 1323, 1),
(4681, 87, 1323, 1),
(4682, 106, 1324, 1),
(4683, 107, 1324, 0),
(4684, 108, 1324, 1),
(4685, 109, 1324, 1),
(4686, 91, 1325, 0),
(4687, 92, 1325, 1),
(4688, 73, 1326, 1),
(4689, 74, 1326, 0),
(4690, 75, 1326, 1),
(4691, 102, 1327, 1),
(4692, 103, 1327, 0),
(4693, 104, 1327, 1),
(4694, 105, 1327, 1),
(4695, 130, 1328, 1),
(4696, 131, 1328, 1),
(4697, 132, 1328, 0),
(4698, 133, 1328, 0),
(4699, 134, 1328, 0),
(4700, 112, 1329, 1),
(4701, 113, 1329, 1),
(4702, 114, 1329, 1),
(4703, 115, 1329, 1),
(4704, 116, 1329, 1),
(4705, 91, 1330, 1),
(4706, 92, 1330, 0),
(4707, 106, 1331, 1),
(4708, 107, 1331, 0),
(4709, 108, 1331, 1),
(4710, 109, 1331, 1),
(4711, 139, 1332, 1),
(4712, 140, 1332, 1),
(4713, 141, 1332, 0),
(4714, 142, 1332, 1),
(4715, 143, 1332, 1),
(4716, 73, 1333, 1),
(4717, 74, 1333, 0),
(4718, 75, 1333, 0),
(4719, 56, 1334, 0),
(4720, 57, 1334, 0),
(4721, 76, 1335, 1),
(4722, 77, 1335, 1),
(4723, 102, 1336, 0),
(4724, 103, 1336, 0),
(4725, 104, 1336, 1),
(4726, 105, 1336, 1),
(4727, 85, 1337, 1),
(4728, 86, 1337, 1),
(4729, 87, 1337, 0),
(4730, 97, 1338, 1),
(4731, 98, 1338, 1),
(4732, 99, 1338, 1),
(4733, 100, 1338, 1),
(4734, 101, 1338, 1),
(4735, 14, 1339, 1),
(4736, 15, 1339, 1),
(4737, 11, 1340, 1),
(4738, 12, 1340, 1),
(4739, 13, 1340, 1),
(4740, 68, 1341, 0),
(4741, 69, 1341, 1),
(4742, 70, 1341, 1),
(4743, 71, 1341, 0),
(4744, 72, 1341, 1),
(4745, 24, 1342, 1),
(4746, 25, 1342, 1),
(4747, 26, 1342, 0),
(4748, 27, 1342, 1),
(4749, 28, 1342, 1),
(4750, 110, 1343, 1),
(4751, 111, 1343, 1),
(4752, 43, 1344, 1),
(4753, 44, 1344, 0),
(4754, 45, 1344, 1),
(4755, 46, 1344, 0),
(4756, 117, 1345, 1),
(4757, 118, 1345, 1),
(4758, 119, 1345, 1),
(4759, 120, 1345, 1),
(4760, 78, 1346, 1),
(4761, 79, 1346, 0),
(4762, 80, 1346, 1),
(4763, 40, 1347, 1),
(4764, 41, 1347, 0),
(4765, 42, 1347, 1),
(4766, 93, 1348, 1),
(4767, 94, 1348, 0),
(4768, 95, 1348, 1),
(4769, 96, 1348, 0),
(4770, 63, 1349, 1),
(4771, 64, 1349, 0),
(4772, 65, 1349, 1),
(4773, 66, 1349, 0),
(4774, 67, 1349, 1),
(4775, 51, 1350, 0),
(4776, 52, 1350, 1),
(4777, 53, 1350, 0),
(4778, 54, 1350, 1),
(4779, 55, 1350, 1),
(4780, 34, 1351, 1),
(4781, 35, 1351, 0),
(4782, 36, 1351, 0),
(4783, 37, 1352, 1),
(4784, 38, 1352, 0),
(4785, 39, 1352, 0),
(4786, 6, 1353, 1),
(4787, 7, 1353, 0),
(4788, 8, 1353, 0),
(4789, 9, 1353, 1),
(4790, 10, 1353, 1),
(4791, 56, 1354, 1),
(4792, 57, 1354, 0),
(4793, 130, 1355, 1),
(4794, 131, 1355, 1),
(4795, 132, 1355, 0),
(4796, 133, 1355, 0),
(4797, 134, 1355, 1),
(4798, 76, 1356, 1),
(4799, 77, 1356, 0),
(4800, 102, 1357, 1),
(4801, 103, 1357, 0),
(4802, 104, 1357, 1),
(4803, 105, 1357, 0),
(4804, 97, 1358, 1),
(4805, 98, 1358, 0),
(4806, 99, 1358, 1),
(4807, 100, 1358, 1),
(4808, 101, 1358, 1),
(4809, 73, 1359, 1),
(4810, 74, 1359, 0),
(4811, 75, 1359, 1),
(4812, 106, 1360, 0),
(4813, 107, 1360, 1),
(4814, 108, 1360, 1),
(4815, 109, 1360, 1),
(4816, 91, 1361, 1),
(4817, 92, 1361, 1),
(4818, 14, 1362, 1),
(4819, 15, 1362, 1),
(4820, 112, 1363, 1),
(4821, 113, 1363, 0),
(4822, 114, 1363, 1),
(4823, 115, 1363, 0),
(4824, 116, 1363, 0),
(4825, 85, 1364, 0),
(4826, 86, 1364, 1),
(4827, 87, 1364, 1),
(4828, 139, 1365, 1),
(4829, 140, 1365, 1),
(4830, 141, 1365, 0),
(4831, 142, 1365, 1),
(4832, 143, 1365, 1),
(4833, 11, 1366, 1),
(4834, 12, 1366, 1),
(4835, 13, 1366, 1),
(4836, 117, 1367, 1),
(4837, 118, 1367, 1),
(4838, 119, 1367, 1),
(4839, 120, 1367, 1),
(4840, 110, 1368, 1),
(4841, 111, 1368, 1),
(4842, 68, 1369, 1),
(4843, 69, 1369, 1),
(4844, 70, 1369, 1),
(4845, 71, 1369, 0),
(4846, 72, 1369, 1),
(4847, 24, 1370, 0),
(4848, 25, 1370, 1),
(4849, 26, 1370, 0),
(4850, 27, 1370, 1),
(4851, 28, 1370, 1),
(4852, 43, 1371, 1),
(4853, 44, 1371, 0),
(4854, 45, 1371, 1),
(4855, 46, 1371, 0),
(4856, 93, 1372, 1),
(4857, 94, 1372, 0),
(4858, 95, 1372, 1),
(4859, 96, 1372, 1),
(4860, 78, 1373, 0),
(4861, 79, 1373, 0),
(4862, 80, 1373, 1),
(4863, 40, 1374, 0),
(4864, 41, 1374, 0),
(4865, 42, 1374, 1),
(4866, 34, 1375, 0),
(4867, 35, 1375, 0),
(4868, 36, 1375, 0),
(4869, 37, 1376, 1),
(4870, 38, 1376, 0),
(4871, 39, 1376, 0),
(4872, 63, 1377, 1),
(4873, 64, 1377, 0),
(4874, 65, 1377, 1),
(4875, 66, 1377, 0),
(4876, 67, 1377, 1),
(4877, 6, 1378, 1),
(4878, 7, 1378, 0),
(4879, 8, 1378, 0),
(4880, 9, 1378, 0),
(4881, 10, 1378, 0),
(4882, 51, 1379, 1),
(4883, 52, 1379, 0),
(4884, 53, 1379, 0),
(4885, 54, 1379, 1),
(4886, 55, 1379, 1),
(4887, 144, 1380, 1),
(4888, 145, 1380, 0),
(4889, 146, 1380, 1),
(4890, 147, 1381, 0),
(4891, 148, 1381, 1),
(4892, 58, 1382, 1),
(4893, 59, 1382, 1),
(4894, 60, 1382, 1),
(4895, 135, 1383, 0),
(4896, 136, 1383, 1),
(4897, 137, 1383, 1),
(4898, 138, 1383, 0),
(4899, 16, 1384, 1),
(4900, 17, 1384, 0),
(4901, 18, 1384, 0),
(4902, 123, 1385, 1),
(4903, 124, 1385, 1),
(4904, 125, 1385, 1),
(4905, 126, 1385, 1),
(4906, 29, 1386, 1),
(4907, 30, 1386, 1),
(4908, 31, 1386, 0),
(4909, 32, 1386, 1),
(4910, 33, 1386, 1),
(4911, 81, 1387, 1),
(4912, 82, 1387, 1),
(4913, 83, 1387, 1),
(4914, 84, 1387, 0),
(4915, 63, 1388, 1),
(4916, 64, 1388, 0),
(4917, 65, 1388, 1),
(4918, 66, 1388, 0),
(4919, 67, 1388, 1),
(4920, 6, 1389, 1),
(4921, 7, 1389, 1),
(4922, 8, 1389, 0),
(4923, 9, 1389, 0),
(4924, 10, 1389, 1),
(4925, 34, 1390, 1),
(4926, 35, 1390, 0),
(4927, 36, 1390, 0),
(4928, 37, 1391, 1),
(4929, 38, 1391, 0),
(4930, 39, 1391, 0),
(4931, 51, 1392, 1),
(4932, 52, 1392, 0),
(4933, 53, 1392, 0),
(4934, 54, 1392, 0),
(4935, 55, 1392, 1),
(4936, 63, 1393, 1),
(4937, 64, 1393, 0),
(4938, 65, 1393, 1),
(4939, 66, 1393, 1),
(4940, 67, 1393, 1),
(4941, 37, 1394, 1),
(4942, 38, 1394, 0),
(4943, 39, 1394, 0),
(4944, 51, 1395, 1),
(4945, 52, 1395, 0),
(4946, 53, 1395, 1),
(4947, 54, 1395, 1),
(4948, 55, 1395, 1),
(4949, 34, 1396, 0),
(4950, 35, 1396, 0),
(4951, 36, 1396, 1),
(4952, 6, 1397, 1),
(4953, 7, 1397, 0),
(4954, 8, 1397, 0),
(4955, 9, 1397, 1),
(4956, 10, 1397, 1),
(4957, 63, 1398, 1),
(4958, 64, 1398, 0),
(4959, 65, 1398, 1),
(4960, 66, 1398, 1),
(4961, 67, 1398, 0),
(4962, 37, 1399, 1),
(4963, 38, 1399, 0),
(4964, 39, 1399, 0),
(4965, 34, 1400, 1),
(4966, 35, 1400, 0),
(4967, 36, 1400, 0),
(4968, 6, 1401, 1),
(4969, 7, 1401, 0),
(4970, 8, 1401, 0),
(4971, 9, 1401, 0),
(4972, 10, 1401, 1),
(4973, 51, 1402, 0),
(4974, 52, 1402, 0),
(4975, 53, 1402, 1),
(4976, 54, 1402, 1),
(4977, 55, 1402, 0),
(4978, 147, 1403, 1),
(4979, 148, 1403, 1),
(4980, 144, 1404, 1),
(4981, 145, 1404, 0),
(4982, 146, 1404, 1),
(4983, 51, 1405, 1),
(4984, 52, 1405, 0),
(4985, 53, 1405, 1),
(4986, 54, 1405, 1),
(4987, 55, 1405, 1),
(4988, 37, 1406, 1),
(4989, 38, 1406, 0),
(4990, 39, 1406, 0),
(4991, 6, 1407, 1),
(4992, 7, 1407, 0),
(4993, 8, 1407, 0),
(4994, 9, 1407, 0),
(4995, 10, 1407, 1),
(4996, 63, 1408, 1),
(4997, 64, 1408, 0),
(4998, 65, 1408, 1),
(4999, 66, 1408, 0),
(5000, 67, 1408, 1),
(5001, 34, 1409, 0),
(5002, 35, 1409, 0),
(5003, 36, 1409, 0),
(5004, 76, 1410, 1),
(5005, 77, 1410, 1),
(5006, 73, 1411, 0),
(5007, 74, 1411, 0),
(5008, 75, 1411, 1),
(5009, 56, 1412, 1),
(5010, 57, 1412, 0),
(5011, 139, 1413, 1),
(5012, 140, 1413, 0),
(5013, 141, 1413, 0),
(5014, 142, 1413, 1),
(5015, 143, 1413, 1),
(5016, 14, 1414, 1),
(5017, 15, 1414, 1),
(5018, 97, 1415, 0),
(5019, 98, 1415, 1),
(5020, 99, 1415, 1),
(5021, 100, 1415, 1),
(5022, 101, 1415, 1),
(5023, 130, 1416, 1),
(5024, 131, 1416, 0),
(5025, 132, 1416, 0),
(5026, 133, 1416, 0),
(5027, 134, 1416, 1),
(5028, 102, 1417, 1),
(5029, 103, 1417, 0),
(5030, 104, 1417, 1),
(5031, 105, 1417, 1),
(5032, 106, 1418, 1),
(5033, 107, 1418, 0),
(5034, 108, 1418, 1),
(5035, 109, 1418, 1),
(5036, 112, 1419, 0),
(5037, 113, 1419, 0),
(5038, 114, 1419, 1),
(5039, 115, 1419, 1),
(5040, 116, 1419, 1),
(5041, 91, 1420, 0),
(5042, 92, 1420, 1),
(5043, 85, 1421, 1),
(5044, 86, 1421, 1),
(5045, 87, 1421, 0),
(5046, 47, 1422, 1),
(5047, 48, 1422, 1),
(5048, 49, 1422, 0),
(5049, 50, 1422, 1),
(5050, 19, 1423, 1),
(5051, 20, 1423, 0),
(5052, 21, 1423, 1),
(5053, 22, 1423, 0),
(5054, 23, 1423, 1),
(5055, 61, 1424, 1),
(5056, 62, 1424, 0),
(5057, 88, 1425, 1),
(5058, 89, 1425, 1),
(5059, 90, 1425, 1),
(5060, 121, 1426, 1),
(5061, 122, 1426, 1),
(5062, 127, 1427, 1),
(5063, 128, 1427, 0),
(5064, 129, 1427, 1),
(5065, 147, 1428, 0),
(5066, 148, 1428, 1),
(5067, 144, 1429, 1),
(5068, 145, 1429, 1),
(5069, 146, 1429, 1),
(5070, 147, 1430, 0),
(5071, 148, 1430, 1),
(5072, 144, 1431, 1),
(5073, 145, 1431, 0),
(5074, 146, 1431, 1),
(5075, 51, 1432, 1),
(5076, 52, 1432, 0),
(5077, 53, 1432, 1),
(5078, 54, 1432, 1),
(5079, 55, 1432, 1),
(5080, 6, 1433, 1),
(5081, 7, 1433, 0),
(5082, 8, 1433, 0),
(5083, 9, 1433, 0),
(5084, 10, 1433, 1),
(5085, 37, 1434, 0),
(5086, 38, 1434, 1),
(5087, 39, 1434, 0),
(5088, 63, 1435, 1),
(5089, 64, 1435, 0),
(5090, 65, 1435, 1),
(5091, 66, 1435, 1),
(5092, 67, 1435, 0),
(5093, 34, 1436, 1),
(5094, 35, 1436, 0),
(5095, 36, 1436, 0),
(5096, 81, 1437, 1),
(5097, 82, 1437, 0),
(5098, 83, 1437, 0),
(5099, 84, 1437, 1),
(5100, 123, 1438, 1),
(5101, 124, 1438, 1),
(5102, 125, 1438, 1),
(5103, 126, 1438, 1),
(5104, 29, 1439, 0),
(5105, 30, 1439, 0),
(5106, 31, 1439, 1),
(5107, 32, 1439, 1),
(5108, 33, 1439, 1),
(5109, 135, 1440, 1),
(5110, 136, 1440, 1),
(5111, 137, 1440, 1),
(5112, 138, 1440, 1),
(5113, 58, 1441, 1),
(5114, 59, 1441, 1),
(5115, 60, 1441, 0),
(5116, 16, 1442, 1),
(5117, 17, 1442, 0),
(5118, 18, 1442, 0),
(5119, 63, 1443, 1),
(5120, 64, 1443, 0),
(5121, 65, 1443, 1),
(5122, 66, 1443, 1),
(5123, 67, 1443, 0),
(5124, 34, 1444, 1),
(5125, 35, 1444, 0),
(5126, 36, 1444, 0),
(5127, 6, 1445, 0),
(5128, 7, 1445, 0),
(5129, 8, 1445, 0),
(5130, 9, 1445, 1),
(5131, 10, 1445, 1),
(5132, 51, 1446, 1),
(5133, 52, 1446, 0),
(5134, 53, 1446, 1),
(5135, 54, 1446, 1),
(5136, 55, 1446, 1),
(5137, 37, 1447, 1),
(5138, 38, 1447, 0),
(5139, 39, 1447, 0),
(5140, 147, 1448, 1),
(5141, 148, 1448, 1),
(5142, 144, 1449, 1),
(5143, 145, 1449, 0),
(5144, 146, 1449, 1),
(5145, 110, 1450, 1),
(5146, 111, 1450, 1),
(5147, 117, 1451, 1),
(5148, 118, 1451, 1),
(5149, 119, 1451, 1),
(5150, 120, 1451, 1),
(5151, 43, 1452, 1),
(5152, 44, 1452, 0),
(5153, 45, 1452, 1),
(5154, 46, 1452, 0),
(5155, 11, 1453, 1),
(5156, 12, 1453, 1),
(5157, 13, 1453, 1),
(5158, 78, 1454, 1),
(5159, 79, 1454, 0),
(5160, 80, 1454, 1),
(5161, 24, 1455, 1),
(5162, 25, 1455, 1),
(5163, 26, 1455, 1),
(5164, 27, 1455, 0),
(5165, 28, 1455, 1),
(5166, 40, 1456, 1),
(5167, 41, 1456, 0),
(5168, 42, 1456, 0),
(5169, 68, 1457, 1),
(5170, 69, 1457, 0),
(5171, 70, 1457, 1),
(5172, 71, 1457, 0),
(5173, 72, 1457, 1),
(5174, 93, 1458, 1),
(5175, 94, 1458, 0),
(5176, 95, 1458, 1),
(5177, 96, 1458, 0),
(5178, 51, 1459, 1),
(5179, 52, 1459, 0),
(5180, 53, 1459, 0),
(5181, 54, 1459, 1),
(5182, 55, 1459, 1),
(5183, 63, 1460, 1),
(5184, 64, 1460, 0),
(5185, 65, 1460, 1),
(5186, 66, 1460, 1),
(5187, 67, 1460, 1),
(5188, 37, 1461, 1),
(5189, 38, 1461, 0),
(5190, 39, 1461, 0),
(5191, 34, 1462, 1),
(5192, 35, 1462, 1),
(5193, 36, 1462, 0),
(5194, 6, 1463, 1),
(5195, 7, 1463, 0),
(5196, 8, 1463, 0),
(5197, 9, 1463, 1),
(5198, 10, 1463, 1),
(5199, 135, 1464, 0),
(5200, 136, 1464, 1),
(5201, 137, 1464, 1),
(5202, 138, 1464, 1),
(5203, 29, 1465, 1),
(5204, 30, 1465, 1),
(5205, 31, 1465, 0),
(5206, 32, 1465, 1),
(5207, 33, 1465, 1),
(5208, 123, 1466, 1),
(5209, 124, 1466, 1),
(5210, 125, 1466, 1),
(5211, 126, 1466, 0),
(5212, 16, 1467, 0),
(5213, 17, 1467, 0),
(5214, 18, 1467, 0),
(5215, 58, 1468, 1),
(5216, 59, 1468, 1),
(5217, 60, 1468, 1),
(5218, 81, 1469, 1),
(5219, 82, 1469, 1),
(5220, 83, 1469, 1),
(5221, 84, 1469, 0),
(5222, 73, 1470, 1),
(5223, 74, 1470, 0),
(5224, 75, 1470, 1),
(5225, 130, 1471, 1),
(5226, 131, 1471, 1),
(5227, 132, 1471, 0),
(5228, 133, 1471, 0),
(5229, 134, 1471, 1),
(5230, 106, 1472, 1),
(5231, 107, 1472, 0),
(5232, 108, 1472, 0),
(5233, 109, 1472, 1),
(5234, 76, 1473, 0),
(5235, 77, 1473, 0),
(5236, 112, 1474, 1),
(5237, 113, 1474, 0),
(5238, 114, 1474, 0),
(5239, 115, 1474, 1),
(5240, 116, 1474, 1),
(5241, 97, 1475, 0),
(5242, 98, 1475, 1),
(5243, 99, 1475, 1),
(5244, 100, 1475, 1),
(5245, 101, 1475, 1),
(5246, 85, 1476, 1),
(5247, 86, 1476, 1),
(5248, 87, 1476, 0),
(5249, 139, 1477, 0),
(5250, 140, 1477, 1),
(5251, 141, 1477, 0),
(5252, 142, 1477, 1),
(5253, 143, 1477, 1),
(5254, 102, 1478, 1),
(5255, 103, 1478, 0),
(5256, 104, 1478, 1),
(5257, 105, 1478, 1),
(5258, 56, 1479, 1),
(5259, 57, 1479, 1),
(5260, 91, 1480, 1),
(5261, 92, 1480, 1),
(5262, 14, 1481, 1),
(5263, 15, 1481, 1),
(5264, 40, 1482, 1),
(5265, 41, 1482, 0),
(5266, 42, 1482, 1),
(5267, 43, 1483, 1),
(5268, 44, 1483, 0),
(5269, 45, 1483, 1),
(5270, 46, 1483, 0),
(5271, 78, 1484, 1),
(5272, 79, 1484, 0),
(5273, 80, 1484, 1),
(5274, 110, 1485, 0),
(5275, 111, 1485, 1),
(5276, 93, 1486, 1),
(5277, 94, 1486, 0),
(5278, 95, 1486, 1),
(5279, 96, 1486, 0),
(5280, 117, 1487, 1),
(5281, 118, 1487, 1),
(5282, 119, 1487, 1),
(5283, 120, 1487, 1),
(5284, 24, 1488, 0),
(5285, 25, 1488, 1),
(5286, 26, 1488, 0),
(5287, 27, 1488, 0),
(5288, 28, 1488, 1),
(5289, 11, 1489, 1),
(5290, 12, 1489, 1),
(5291, 13, 1489, 0),
(5292, 68, 1490, 1),
(5293, 69, 1490, 0),
(5294, 70, 1490, 1),
(5295, 71, 1490, 0),
(5296, 72, 1490, 1),
(5297, 127, 1491, 1),
(5298, 128, 1491, 1),
(5299, 129, 1491, 0),
(5300, 61, 1492, 0),
(5301, 62, 1492, 0),
(5302, 47, 1493, 1),
(5303, 48, 1493, 0),
(5304, 49, 1493, 1),
(5305, 50, 1493, 1),
(5306, 88, 1494, 1),
(5307, 89, 1494, 0),
(5308, 90, 1494, 1),
(5309, 121, 1495, 1),
(5310, 122, 1495, 1),
(5311, 19, 1496, 1),
(5312, 20, 1496, 0),
(5313, 21, 1496, 1),
(5314, 22, 1496, 0),
(5315, 23, 1496, 1),
(5316, 63, 1497, 1),
(5317, 64, 1497, 0),
(5318, 65, 1497, 1),
(5319, 66, 1497, 1),
(5320, 67, 1497, 1),
(5321, 51, 1498, 1),
(5322, 52, 1498, 1),
(5323, 53, 1498, 0),
(5324, 54, 1498, 0),
(5325, 55, 1498, 0),
(5326, 34, 1499, 1),
(5327, 35, 1499, 0),
(5328, 36, 1499, 0),
(5329, 6, 1500, 1),
(5330, 7, 1500, 0),
(5331, 8, 1500, 0),
(5332, 9, 1500, 0),
(5333, 10, 1500, 1),
(5334, 37, 1501, 1),
(5335, 38, 1501, 0),
(5336, 39, 1501, 0),
(5337, 144, 1502, 1),
(5338, 145, 1502, 0),
(5339, 146, 1502, 1),
(5340, 147, 1503, 1),
(5341, 148, 1503, 0),
(5342, 112, 1504, 0),
(5343, 113, 1504, 0),
(5344, 114, 1504, 1),
(5345, 115, 1504, 1),
(5346, 116, 1504, 0),
(5347, 56, 1505, 1),
(5348, 57, 1505, 1),
(5349, 14, 1506, 0),
(5350, 15, 1506, 1),
(5351, 73, 1507, 1),
(5352, 74, 1507, 0),
(5353, 75, 1507, 1),
(5354, 106, 1508, 1),
(5355, 107, 1508, 0),
(5356, 108, 1508, 0),
(5357, 109, 1508, 1),
(5358, 85, 1509, 1),
(5359, 86, 1509, 1),
(5360, 87, 1509, 0),
(5361, 91, 1510, 1),
(5362, 92, 1510, 1),
(5363, 102, 1511, 1),
(5364, 103, 1511, 0),
(5365, 104, 1511, 1),
(5366, 105, 1511, 1),
(5367, 76, 1512, 1),
(5368, 77, 1512, 1),
(5369, 130, 1513, 1),
(5370, 131, 1513, 1),
(5371, 132, 1513, 0),
(5372, 133, 1513, 0),
(5373, 134, 1513, 1),
(5374, 139, 1514, 1),
(5375, 140, 1514, 1),
(5376, 141, 1514, 0),
(5377, 142, 1514, 1),
(5378, 143, 1514, 1),
(5379, 97, 1515, 1),
(5380, 98, 1515, 0),
(5381, 99, 1515, 0),
(5382, 100, 1515, 1),
(5383, 101, 1515, 1),
(5384, 6, 1516, 1),
(5385, 7, 1516, 0),
(5386, 8, 1516, 0),
(5387, 9, 1516, 0),
(5388, 10, 1516, 1),
(5389, 63, 1517, 1),
(5390, 64, 1517, 0),
(5391, 65, 1517, 1),
(5392, 66, 1517, 1),
(5393, 67, 1517, 1),
(5394, 34, 1518, 1),
(5395, 35, 1518, 0),
(5396, 36, 1518, 0),
(5397, 51, 1519, 1),
(5398, 52, 1519, 0),
(5399, 53, 1519, 1),
(5400, 54, 1519, 1),
(5401, 55, 1519, 1),
(5402, 37, 1520, 1),
(5403, 38, 1520, 0),
(5404, 39, 1520, 1),
(5405, 51, 1521, 0),
(5406, 52, 1521, 0),
(5407, 53, 1521, 0),
(5408, 54, 1521, 1),
(5409, 55, 1521, 1),
(5410, 6, 1522, 1),
(5411, 7, 1522, 0),
(5412, 8, 1522, 0),
(5413, 9, 1522, 1),
(5414, 10, 1522, 1),
(5415, 34, 1523, 1),
(5416, 35, 1523, 0),
(5417, 36, 1523, 0),
(5418, 37, 1524, 1),
(5419, 38, 1524, 0),
(5420, 39, 1524, 0),
(5421, 63, 1525, 1),
(5422, 64, 1525, 0),
(5423, 65, 1525, 1),
(5424, 66, 1525, 1),
(5425, 67, 1525, 1),
(5426, 147, 1526, 0);
INSERT INTO `answers` (`id`, `answer_option_id`, `asked_question_id`, `is_chosen`) VALUES
(5427, 148, 1526, 0),
(5428, 144, 1527, 1),
(5429, 145, 1527, 1),
(5430, 146, 1527, 1),
(5431, 117, 1528, 0),
(5432, 118, 1528, 0),
(5433, 119, 1528, 1),
(5434, 120, 1528, 1),
(5435, 110, 1529, 1),
(5436, 111, 1529, 1),
(5437, 40, 1530, 1),
(5438, 41, 1530, 1),
(5439, 42, 1530, 0),
(5440, 24, 1531, 0),
(5441, 25, 1531, 1),
(5442, 26, 1531, 0),
(5443, 27, 1531, 1),
(5444, 28, 1531, 1),
(5445, 78, 1532, 1),
(5446, 79, 1532, 0),
(5447, 80, 1532, 1),
(5448, 43, 1533, 1),
(5449, 44, 1533, 0),
(5450, 45, 1533, 1),
(5451, 46, 1533, 0),
(5452, 93, 1534, 1),
(5453, 94, 1534, 0),
(5454, 95, 1534, 1),
(5455, 96, 1534, 0),
(5456, 11, 1535, 1),
(5457, 12, 1535, 1),
(5458, 13, 1535, 1),
(5459, 68, 1536, 0),
(5460, 69, 1536, 1),
(5461, 70, 1536, 1),
(5462, 71, 1536, 0),
(5463, 72, 1536, 1),
(5464, 130, 1537, 0),
(5465, 131, 1537, 1),
(5466, 132, 1537, 0),
(5467, 133, 1537, 1),
(5468, 134, 1537, 1),
(5469, 102, 1538, 1),
(5470, 103, 1538, 0),
(5471, 104, 1538, 1),
(5472, 105, 1538, 1),
(5473, 56, 1539, 0),
(5474, 57, 1539, 1),
(5475, 14, 1540, 1),
(5476, 15, 1540, 1),
(5477, 139, 1541, 0),
(5478, 140, 1541, 1),
(5479, 141, 1541, 0),
(5480, 142, 1541, 1),
(5481, 143, 1541, 1),
(5482, 73, 1542, 1),
(5483, 74, 1542, 0),
(5484, 75, 1542, 1),
(5485, 91, 1543, 1),
(5486, 92, 1543, 1),
(5487, 76, 1544, 0),
(5488, 77, 1544, 0),
(5489, 112, 1545, 0),
(5490, 113, 1545, 1),
(5491, 114, 1545, 1),
(5492, 115, 1545, 1),
(5493, 116, 1545, 1),
(5494, 85, 1546, 1),
(5495, 86, 1546, 1),
(5496, 87, 1546, 0),
(5497, 106, 1547, 1),
(5498, 107, 1547, 0),
(5499, 108, 1547, 1),
(5500, 109, 1547, 1),
(5501, 97, 1548, 1),
(5502, 98, 1548, 1),
(5503, 99, 1548, 0),
(5504, 100, 1548, 1),
(5505, 101, 1548, 1),
(5506, 76, 1549, 1),
(5507, 77, 1549, 0),
(5508, 73, 1550, 1),
(5509, 74, 1550, 0),
(5510, 75, 1550, 1),
(5511, 91, 1551, 0),
(5512, 92, 1551, 0),
(5513, 106, 1552, 1),
(5514, 107, 1552, 0),
(5515, 108, 1552, 1),
(5516, 109, 1552, 1),
(5517, 112, 1553, 0),
(5518, 113, 1553, 0),
(5519, 114, 1553, 1),
(5520, 115, 1553, 1),
(5521, 116, 1553, 1),
(5522, 102, 1554, 1),
(5523, 103, 1554, 0),
(5524, 104, 1554, 1),
(5525, 105, 1554, 1),
(5526, 97, 1555, 1),
(5527, 98, 1555, 1),
(5528, 99, 1555, 1),
(5529, 100, 1555, 1),
(5530, 101, 1555, 1),
(5531, 14, 1556, 1),
(5532, 15, 1556, 1),
(5533, 139, 1557, 1),
(5534, 140, 1557, 1),
(5535, 141, 1557, 1),
(5536, 142, 1557, 1),
(5537, 143, 1557, 1),
(5538, 130, 1558, 1),
(5539, 131, 1558, 1),
(5540, 132, 1558, 0),
(5541, 133, 1558, 0),
(5542, 134, 1558, 1),
(5543, 56, 1559, 1),
(5544, 57, 1559, 0),
(5545, 85, 1560, 1),
(5546, 86, 1560, 1),
(5547, 87, 1560, 0),
(5548, 121, 1561, 1),
(5549, 122, 1561, 1),
(5550, 19, 1562, 1),
(5551, 20, 1562, 1),
(5552, 21, 1562, 1),
(5553, 22, 1562, 0),
(5554, 23, 1562, 0),
(5555, 127, 1563, 1),
(5556, 128, 1563, 1),
(5557, 129, 1563, 1),
(5558, 47, 1564, 1),
(5559, 48, 1564, 0),
(5560, 49, 1564, 0),
(5561, 50, 1564, 1),
(5562, 88, 1565, 1),
(5563, 89, 1565, 1),
(5564, 90, 1565, 0),
(5565, 61, 1566, 0),
(5566, 62, 1566, 0),
(5567, 88, 1567, 1),
(5568, 89, 1567, 1),
(5569, 90, 1567, 1),
(5570, 19, 1568, 0),
(5571, 20, 1568, 1),
(5572, 21, 1568, 1),
(5573, 22, 1568, 0),
(5574, 23, 1568, 1),
(5575, 127, 1569, 1),
(5576, 128, 1569, 1),
(5577, 129, 1569, 1),
(5578, 61, 1570, 1),
(5579, 62, 1570, 0),
(5580, 47, 1571, 1),
(5581, 48, 1571, 0),
(5582, 49, 1571, 1),
(5583, 50, 1571, 1),
(5584, 121, 1572, 0),
(5585, 122, 1572, 1),
(5586, 106, 1573, 1),
(5587, 107, 1573, 0),
(5588, 108, 1573, 1),
(5589, 109, 1573, 1),
(5590, 102, 1574, 0),
(5591, 103, 1574, 0),
(5592, 104, 1574, 1),
(5593, 105, 1574, 1),
(5594, 73, 1575, 1),
(5595, 74, 1575, 0),
(5596, 75, 1575, 1),
(5597, 76, 1576, 1),
(5598, 77, 1576, 0),
(5599, 14, 1577, 1),
(5600, 15, 1577, 1),
(5601, 56, 1578, 1),
(5602, 57, 1578, 0),
(5603, 130, 1579, 1),
(5604, 131, 1579, 1),
(5605, 132, 1579, 0),
(5606, 133, 1579, 1),
(5607, 134, 1579, 0),
(5608, 91, 1580, 1),
(5609, 92, 1580, 1),
(5610, 112, 1581, 1),
(5611, 113, 1581, 0),
(5612, 114, 1581, 1),
(5613, 115, 1581, 1),
(5614, 116, 1581, 1),
(5615, 139, 1582, 1),
(5616, 140, 1582, 1),
(5617, 141, 1582, 0),
(5618, 142, 1582, 1),
(5619, 143, 1582, 1),
(5620, 97, 1583, 1),
(5621, 98, 1583, 1),
(5622, 99, 1583, 1),
(5623, 100, 1583, 1),
(5624, 101, 1583, 1),
(5625, 85, 1584, 0),
(5626, 86, 1584, 1),
(5627, 87, 1584, 0),
(5628, 144, 1585, 1),
(5629, 145, 1585, 1),
(5630, 146, 1585, 1),
(5631, 147, 1586, 0),
(5632, 148, 1586, 1),
(5633, 6, 1587, 1),
(5634, 7, 1587, 0),
(5635, 8, 1587, 1),
(5636, 9, 1587, 0),
(5637, 10, 1587, 1),
(5638, 37, 1588, 1),
(5639, 38, 1588, 0),
(5640, 39, 1588, 0),
(5641, 51, 1589, 1),
(5642, 52, 1589, 0),
(5643, 53, 1589, 0),
(5644, 54, 1589, 1),
(5645, 55, 1589, 1),
(5646, 63, 1590, 0),
(5647, 64, 1590, 0),
(5648, 65, 1590, 1),
(5649, 66, 1590, 1),
(5650, 67, 1590, 1),
(5651, 34, 1591, 0),
(5652, 35, 1591, 0),
(5653, 36, 1591, 1),
(5654, 147, 1592, 0),
(5655, 148, 1592, 1),
(5656, 144, 1593, 0),
(5657, 145, 1593, 0),
(5658, 146, 1593, 1),
(5659, 29, 1594, 1),
(5660, 30, 1594, 1),
(5661, 31, 1594, 0),
(5662, 32, 1594, 1),
(5663, 33, 1594, 1),
(5664, 16, 1595, 1),
(5665, 17, 1595, 0),
(5666, 18, 1595, 0),
(5667, 81, 1596, 1),
(5668, 82, 1596, 1),
(5669, 83, 1596, 1),
(5670, 84, 1596, 0),
(5671, 135, 1597, 1),
(5672, 136, 1597, 1),
(5673, 137, 1597, 1),
(5674, 138, 1597, 1),
(5675, 123, 1598, 1),
(5676, 124, 1598, 1),
(5677, 125, 1598, 1),
(5678, 126, 1598, 1),
(5679, 58, 1599, 1),
(5680, 59, 1599, 1),
(5681, 60, 1599, 0),
(5682, 121, 1600, 1),
(5683, 122, 1600, 1),
(5684, 19, 1601, 1),
(5685, 20, 1601, 0),
(5686, 21, 1601, 1),
(5687, 22, 1601, 0),
(5688, 23, 1601, 0),
(5689, 127, 1602, 1),
(5690, 128, 1602, 1),
(5691, 129, 1602, 1),
(5692, 61, 1603, 1),
(5693, 62, 1603, 0),
(5694, 88, 1604, 1),
(5695, 89, 1604, 1),
(5696, 90, 1604, 0),
(5697, 47, 1605, 1),
(5698, 48, 1605, 0),
(5699, 49, 1605, 0),
(5700, 50, 1605, 1),
(5701, 63, 1606, 1),
(5702, 64, 1606, 0),
(5703, 65, 1606, 1),
(5704, 66, 1606, 0),
(5705, 67, 1606, 1),
(5706, 37, 1607, 1),
(5707, 38, 1607, 0),
(5708, 39, 1607, 0),
(5709, 6, 1608, 1),
(5710, 7, 1608, 0),
(5711, 8, 1608, 0),
(5712, 9, 1608, 0),
(5713, 10, 1608, 1),
(5714, 51, 1609, 1),
(5715, 52, 1609, 0),
(5716, 53, 1609, 1),
(5717, 54, 1609, 1),
(5718, 55, 1609, 1),
(5719, 34, 1610, 1),
(5720, 35, 1610, 0),
(5721, 36, 1610, 0),
(5722, 63, 1611, 1),
(5723, 64, 1611, 0),
(5724, 65, 1611, 1),
(5725, 66, 1611, 1),
(5726, 67, 1611, 1),
(5727, 34, 1612, 1),
(5728, 35, 1612, 0),
(5729, 36, 1612, 1),
(5730, 51, 1613, 1),
(5731, 52, 1613, 0),
(5732, 53, 1613, 0),
(5733, 54, 1613, 1),
(5734, 55, 1613, 1),
(5735, 37, 1614, 1),
(5736, 38, 1614, 0),
(5737, 39, 1614, 0),
(5738, 6, 1615, 1),
(5739, 7, 1615, 0),
(5740, 8, 1615, 1),
(5741, 9, 1615, 0),
(5742, 10, 1615, 0),
(5743, 34, 1616, 1),
(5744, 35, 1616, 0),
(5745, 36, 1616, 0),
(5746, 63, 1617, 1),
(5747, 64, 1617, 0),
(5748, 65, 1617, 1),
(5749, 66, 1617, 1),
(5750, 67, 1617, 0),
(5751, 37, 1618, 0),
(5752, 38, 1618, 0),
(5753, 39, 1618, 0),
(5754, 6, 1619, 0),
(5755, 7, 1619, 0),
(5756, 8, 1619, 1),
(5757, 9, 1619, 0),
(5758, 10, 1619, 1),
(5759, 51, 1620, 1),
(5760, 52, 1620, 1),
(5761, 53, 1620, 0),
(5762, 54, 1620, 1),
(5763, 55, 1620, 1),
(5764, 51, 1621, 1),
(5765, 52, 1621, 0),
(5766, 53, 1621, 0),
(5767, 54, 1621, 1),
(5768, 55, 1621, 1),
(5769, 34, 1622, 1),
(5770, 35, 1622, 0),
(5771, 36, 1622, 0),
(5772, 6, 1623, 1),
(5773, 7, 1623, 1),
(5774, 8, 1623, 0),
(5775, 9, 1623, 0),
(5776, 10, 1623, 1),
(5777, 37, 1624, 1),
(5778, 38, 1624, 0),
(5779, 39, 1624, 0),
(5780, 63, 1625, 1),
(5781, 64, 1625, 1),
(5782, 65, 1625, 1),
(5783, 66, 1625, 1),
(5784, 67, 1625, 1),
(5785, 51, 1626, 1),
(5786, 52, 1626, 0),
(5787, 53, 1626, 0),
(5788, 54, 1626, 1),
(5789, 55, 1626, 1),
(5790, 6, 1627, 1),
(5791, 7, 1627, 0),
(5792, 8, 1627, 0),
(5793, 9, 1627, 0),
(5794, 10, 1627, 1),
(5795, 63, 1628, 0),
(5796, 64, 1628, 0),
(5797, 65, 1628, 1),
(5798, 66, 1628, 0),
(5799, 67, 1628, 1),
(5800, 37, 1629, 1),
(5801, 38, 1629, 0),
(5802, 39, 1629, 0),
(5803, 34, 1630, 1),
(5804, 35, 1630, 0),
(5805, 36, 1630, 0),
(5806, 117, 1631, 1),
(5807, 118, 1631, 1),
(5808, 119, 1631, 1),
(5809, 120, 1631, 1),
(5810, 93, 1632, 1),
(5811, 94, 1632, 0),
(5812, 95, 1632, 1),
(5813, 96, 1632, 1),
(5814, 78, 1633, 1),
(5815, 79, 1633, 0),
(5816, 80, 1633, 1),
(5817, 40, 1634, 1),
(5818, 41, 1634, 0),
(5819, 42, 1634, 1),
(5820, 110, 1635, 0),
(5821, 111, 1635, 0),
(5822, 68, 1636, 1),
(5823, 69, 1636, 1),
(5824, 70, 1636, 1),
(5825, 71, 1636, 0),
(5826, 72, 1636, 1),
(5827, 11, 1637, 1),
(5828, 12, 1637, 1),
(5829, 13, 1637, 1),
(5830, 24, 1638, 0),
(5831, 25, 1638, 1),
(5832, 26, 1638, 0),
(5833, 27, 1638, 1),
(5834, 28, 1638, 1),
(5835, 43, 1639, 1),
(5836, 44, 1639, 1),
(5837, 45, 1639, 0),
(5838, 46, 1639, 0),
(5839, 68, 1640, 1),
(5840, 69, 1640, 1),
(5841, 70, 1640, 1),
(5842, 71, 1640, 0),
(5843, 72, 1640, 0),
(5844, 93, 1641, 0),
(5845, 94, 1641, 0),
(5846, 95, 1641, 1),
(5847, 96, 1641, 0),
(5848, 11, 1642, 1),
(5849, 12, 1642, 1),
(5850, 13, 1642, 0),
(5851, 24, 1643, 0),
(5852, 25, 1643, 1),
(5853, 26, 1643, 0),
(5854, 27, 1643, 1),
(5855, 28, 1643, 1),
(5856, 78, 1644, 1),
(5857, 79, 1644, 0),
(5858, 80, 1644, 1),
(5859, 117, 1645, 1),
(5860, 118, 1645, 0),
(5861, 119, 1645, 1),
(5862, 120, 1645, 1),
(5863, 110, 1646, 1),
(5864, 111, 1646, 1),
(5865, 40, 1647, 1),
(5866, 41, 1647, 0),
(5867, 42, 1647, 1),
(5868, 43, 1648, 0),
(5869, 44, 1648, 0),
(5870, 45, 1648, 1),
(5871, 46, 1648, 0),
(5872, 147, 1649, 0),
(5873, 148, 1649, 1),
(5874, 144, 1650, 1),
(5875, 145, 1650, 0),
(5876, 146, 1650, 1),
(5877, 81, 1651, 1),
(5878, 82, 1651, 1),
(5879, 83, 1651, 1),
(5880, 84, 1651, 0),
(5881, 16, 1652, 1),
(5882, 17, 1652, 0),
(5883, 18, 1652, 0),
(5884, 58, 1653, 1),
(5885, 59, 1653, 1),
(5886, 60, 1653, 1),
(5887, 29, 1654, 1),
(5888, 30, 1654, 1),
(5889, 31, 1654, 0),
(5890, 32, 1654, 1),
(5891, 33, 1654, 1),
(5892, 135, 1655, 1),
(5893, 136, 1655, 1),
(5894, 137, 1655, 1),
(5895, 138, 1655, 1),
(5896, 123, 1656, 1),
(5897, 124, 1656, 1),
(5898, 125, 1656, 1),
(5899, 126, 1656, 0),
(5900, 68, 1657, 1),
(5901, 69, 1657, 1),
(5902, 70, 1657, 1),
(5903, 71, 1657, 0),
(5904, 72, 1657, 1),
(5905, 24, 1658, 1),
(5906, 25, 1658, 1),
(5907, 26, 1658, 0),
(5908, 27, 1658, 1),
(5909, 28, 1658, 0),
(5910, 43, 1659, 1),
(5911, 44, 1659, 0),
(5912, 45, 1659, 1),
(5913, 46, 1659, 0),
(5914, 93, 1660, 1),
(5915, 94, 1660, 0),
(5916, 95, 1660, 0),
(5917, 96, 1660, 0),
(5918, 11, 1661, 1),
(5919, 12, 1661, 1),
(5920, 13, 1661, 1),
(5921, 78, 1662, 1),
(5922, 79, 1662, 0),
(5923, 80, 1662, 1),
(5924, 110, 1663, 0),
(5925, 111, 1663, 1),
(5926, 40, 1664, 1),
(5927, 41, 1664, 0),
(5928, 42, 1664, 1),
(5929, 117, 1665, 0),
(5930, 118, 1665, 1),
(5931, 119, 1665, 1),
(5932, 120, 1665, 1),
(5933, 88, 1666, 1),
(5934, 89, 1666, 1),
(5935, 90, 1666, 1),
(5936, 121, 1667, 1),
(5937, 122, 1667, 0),
(5938, 19, 1668, 1),
(5939, 20, 1668, 0),
(5940, 21, 1668, 1),
(5941, 22, 1668, 0),
(5942, 23, 1668, 1),
(5943, 127, 1669, 1),
(5944, 128, 1669, 1),
(5945, 129, 1669, 1),
(5946, 61, 1670, 1),
(5947, 62, 1670, 0),
(5948, 47, 1671, 1),
(5949, 48, 1671, 0),
(5950, 49, 1671, 1),
(5951, 50, 1671, 1),
(5952, 78, 1672, 0),
(5953, 79, 1672, 0),
(5954, 80, 1672, 0),
(5955, 93, 1673, 1),
(5956, 94, 1673, 0),
(5957, 95, 1673, 1),
(5958, 96, 1673, 0),
(5959, 117, 1674, 1),
(5960, 118, 1674, 1),
(5961, 119, 1674, 1),
(5962, 120, 1674, 1),
(5963, 40, 1675, 1),
(5964, 41, 1675, 1),
(5965, 42, 1675, 1),
(5966, 110, 1676, 1),
(5967, 111, 1676, 1),
(5968, 11, 1677, 1),
(5969, 12, 1677, 1),
(5970, 13, 1677, 1),
(5971, 43, 1678, 1),
(5972, 44, 1678, 0),
(5973, 45, 1678, 0),
(5974, 46, 1678, 1),
(5975, 68, 1679, 1),
(5976, 69, 1679, 1),
(5977, 70, 1679, 1),
(5978, 71, 1679, 0),
(5979, 72, 1679, 1),
(5980, 24, 1680, 1),
(5981, 25, 1680, 1),
(5982, 26, 1680, 0),
(5983, 27, 1680, 1),
(5984, 28, 1680, 1),
(5985, 51, 1681, 0),
(5986, 52, 1681, 0),
(5987, 53, 1681, 0),
(5988, 54, 1681, 1),
(5989, 55, 1681, 1),
(5990, 37, 1682, 1),
(5991, 38, 1682, 0),
(5992, 39, 1682, 1),
(5993, 6, 1683, 1),
(5994, 7, 1683, 0),
(5995, 8, 1683, 0),
(5996, 9, 1683, 0),
(5997, 10, 1683, 1),
(5998, 34, 1684, 1),
(5999, 35, 1684, 1),
(6000, 36, 1684, 0),
(6001, 63, 1685, 1),
(6002, 64, 1685, 0),
(6003, 65, 1685, 1),
(6004, 66, 1685, 1),
(6005, 67, 1685, 1),
(6006, 16, 1686, 1),
(6007, 17, 1686, 0),
(6008, 18, 1686, 0),
(6009, 135, 1687, 1),
(6010, 136, 1687, 1),
(6011, 137, 1687, 1),
(6012, 138, 1687, 1),
(6013, 123, 1688, 1),
(6014, 124, 1688, 0),
(6015, 125, 1688, 1),
(6016, 126, 1688, 1),
(6017, 81, 1689, 1),
(6018, 82, 1689, 1),
(6019, 83, 1689, 1),
(6020, 84, 1689, 0),
(6021, 29, 1690, 1),
(6022, 30, 1690, 1),
(6023, 31, 1690, 1),
(6024, 32, 1690, 1),
(6025, 33, 1690, 1),
(6026, 58, 1691, 1),
(6027, 59, 1691, 0),
(6028, 60, 1691, 1),
(6029, 56, 1692, 1),
(6030, 57, 1692, 0),
(6031, 14, 1693, 1),
(6032, 15, 1693, 1),
(6033, 91, 1694, 1),
(6034, 92, 1694, 0),
(6035, 139, 1695, 1),
(6036, 140, 1695, 1),
(6037, 141, 1695, 0),
(6038, 142, 1695, 1),
(6039, 143, 1695, 1),
(6040, 106, 1696, 1),
(6041, 107, 1696, 0),
(6042, 108, 1696, 1),
(6043, 109, 1696, 0),
(6044, 85, 1697, 1),
(6045, 86, 1697, 1),
(6046, 87, 1697, 0),
(6047, 112, 1698, 1),
(6048, 113, 1698, 0),
(6049, 114, 1698, 1),
(6050, 115, 1698, 1),
(6051, 116, 1698, 1),
(6052, 73, 1699, 1),
(6053, 74, 1699, 0),
(6054, 75, 1699, 0),
(6055, 130, 1700, 1),
(6056, 131, 1700, 1),
(6057, 132, 1700, 0),
(6058, 133, 1700, 0),
(6059, 134, 1700, 1),
(6060, 76, 1701, 0),
(6061, 77, 1701, 0),
(6062, 102, 1702, 1),
(6063, 103, 1702, 0),
(6064, 104, 1702, 1),
(6065, 105, 1702, 1),
(6066, 97, 1703, 1),
(6067, 98, 1703, 1),
(6068, 99, 1703, 1),
(6069, 100, 1703, 1),
(6070, 101, 1703, 1),
(6071, 14, 1704, 1),
(6072, 15, 1704, 1),
(6073, 56, 1705, 1),
(6074, 57, 1705, 0),
(6075, 73, 1706, 1),
(6076, 74, 1706, 0),
(6077, 75, 1706, 1),
(6078, 85, 1707, 1),
(6079, 86, 1707, 0),
(6080, 87, 1707, 0),
(6081, 97, 1708, 1),
(6082, 98, 1708, 1),
(6083, 99, 1708, 0),
(6084, 100, 1708, 1),
(6085, 101, 1708, 1),
(6086, 91, 1709, 1),
(6087, 92, 1709, 1),
(6088, 76, 1710, 1),
(6089, 77, 1710, 0),
(6090, 102, 1711, 1),
(6091, 103, 1711, 0),
(6092, 104, 1711, 1),
(6093, 105, 1711, 0),
(6094, 130, 1712, 1),
(6095, 131, 1712, 1),
(6096, 132, 1712, 0),
(6097, 133, 1712, 0),
(6098, 134, 1712, 1),
(6099, 139, 1713, 1),
(6100, 140, 1713, 1),
(6101, 141, 1713, 0),
(6102, 142, 1713, 1),
(6103, 143, 1713, 0),
(6104, 112, 1714, 1),
(6105, 113, 1714, 0),
(6106, 114, 1714, 1),
(6107, 115, 1714, 1),
(6108, 116, 1714, 1),
(6109, 106, 1715, 1),
(6110, 107, 1715, 0),
(6111, 108, 1715, 1),
(6112, 109, 1715, 1),
(6113, 123, 1716, 1),
(6114, 124, 1716, 1),
(6115, 125, 1716, 1),
(6116, 126, 1716, 1),
(6117, 135, 1717, 1),
(6118, 136, 1717, 0),
(6119, 137, 1717, 1),
(6120, 138, 1717, 1),
(6121, 81, 1718, 1),
(6122, 82, 1718, 1),
(6123, 83, 1718, 1),
(6124, 84, 1718, 0),
(6125, 58, 1719, 1),
(6126, 59, 1719, 1),
(6127, 60, 1719, 0),
(6128, 29, 1720, 1),
(6129, 30, 1720, 1),
(6130, 31, 1720, 0),
(6131, 32, 1720, 1),
(6132, 33, 1720, 1),
(6133, 16, 1721, 1),
(6134, 17, 1721, 0),
(6135, 18, 1721, 0),
(6136, 24, 1722, 1),
(6137, 25, 1722, 1),
(6138, 26, 1722, 1),
(6139, 27, 1722, 1),
(6140, 28, 1722, 1),
(6141, 110, 1723, 1),
(6142, 111, 1723, 1),
(6143, 43, 1724, 1),
(6144, 44, 1724, 0),
(6145, 45, 1724, 1),
(6146, 46, 1724, 0),
(6147, 93, 1725, 1),
(6148, 94, 1725, 0),
(6149, 95, 1725, 1),
(6150, 96, 1725, 1),
(6151, 68, 1726, 1),
(6152, 69, 1726, 1),
(6153, 70, 1726, 1),
(6154, 71, 1726, 0),
(6155, 72, 1726, 1),
(6156, 40, 1727, 0),
(6157, 41, 1727, 0),
(6158, 42, 1727, 1),
(6159, 117, 1728, 1),
(6160, 118, 1728, 1),
(6161, 119, 1728, 1),
(6162, 120, 1728, 1),
(6163, 11, 1729, 1),
(6164, 12, 1729, 1),
(6165, 13, 1729, 1),
(6166, 78, 1730, 1),
(6167, 79, 1730, 0),
(6168, 80, 1730, 1),
(6169, 144, 1731, 1),
(6170, 145, 1731, 1),
(6171, 146, 1731, 1),
(6172, 147, 1732, 0),
(6173, 148, 1732, 0),
(6174, 93, 1733, 1),
(6175, 94, 1733, 0),
(6176, 95, 1733, 1),
(6177, 96, 1733, 0),
(6178, 110, 1734, 1),
(6179, 111, 1734, 1),
(6180, 40, 1735, 1),
(6181, 41, 1735, 0),
(6182, 42, 1735, 1),
(6183, 43, 1736, 1),
(6184, 44, 1736, 0),
(6185, 45, 1736, 1),
(6186, 46, 1736, 0),
(6187, 117, 1737, 1),
(6188, 118, 1737, 1),
(6189, 119, 1737, 1),
(6190, 120, 1737, 1),
(6191, 68, 1738, 1),
(6192, 69, 1738, 1),
(6193, 70, 1738, 1),
(6194, 71, 1738, 0),
(6195, 72, 1738, 1),
(6196, 24, 1739, 1),
(6197, 25, 1739, 1),
(6198, 26, 1739, 0),
(6199, 27, 1739, 0),
(6200, 28, 1739, 1),
(6201, 11, 1740, 1),
(6202, 12, 1740, 1),
(6203, 13, 1740, 0),
(6204, 78, 1741, 1),
(6205, 79, 1741, 0),
(6206, 80, 1741, 1),
(6207, 117, 1742, 1),
(6208, 118, 1742, 1),
(6209, 119, 1742, 0),
(6210, 120, 1742, 1),
(6211, 93, 1743, 1),
(6212, 94, 1743, 0),
(6213, 95, 1743, 1),
(6214, 96, 1743, 0),
(6215, 43, 1744, 1),
(6216, 44, 1744, 0),
(6217, 45, 1744, 1),
(6218, 46, 1744, 0),
(6219, 11, 1745, 0),
(6220, 12, 1745, 0),
(6221, 13, 1745, 1),
(6222, 24, 1746, 1),
(6223, 25, 1746, 1),
(6224, 26, 1746, 0),
(6225, 27, 1746, 0),
(6226, 28, 1746, 1),
(6227, 78, 1747, 1),
(6228, 79, 1747, 0),
(6229, 80, 1747, 1),
(6230, 68, 1748, 1),
(6231, 69, 1748, 0),
(6232, 70, 1748, 1),
(6233, 71, 1748, 0),
(6234, 72, 1748, 1),
(6235, 110, 1749, 1),
(6236, 111, 1749, 1),
(6237, 40, 1750, 1),
(6238, 41, 1750, 0),
(6239, 42, 1750, 1),
(6240, 6, 1751, 1),
(6241, 7, 1751, 0),
(6242, 8, 1751, 0),
(6243, 9, 1751, 0),
(6244, 10, 1751, 1),
(6245, 63, 1752, 1),
(6246, 64, 1752, 0),
(6247, 65, 1752, 1),
(6248, 66, 1752, 1),
(6249, 67, 1752, 1),
(6250, 51, 1753, 1),
(6251, 52, 1753, 0),
(6252, 53, 1753, 0),
(6253, 54, 1753, 1),
(6254, 55, 1753, 0),
(6255, 34, 1754, 1),
(6256, 35, 1754, 1),
(6257, 36, 1754, 0),
(6258, 37, 1755, 1),
(6259, 38, 1755, 0),
(6260, 39, 1755, 0),
(6261, 97, 1756, 1),
(6262, 98, 1756, 0),
(6263, 99, 1756, 1),
(6264, 100, 1756, 0),
(6265, 101, 1756, 1),
(6266, 85, 1757, 1),
(6267, 86, 1757, 1),
(6268, 87, 1757, 0),
(6269, 76, 1758, 1),
(6270, 77, 1758, 0),
(6271, 106, 1759, 0),
(6272, 107, 1759, 0),
(6273, 108, 1759, 1),
(6274, 109, 1759, 0),
(6275, 56, 1760, 1),
(6276, 57, 1760, 0),
(6277, 130, 1761, 1),
(6278, 131, 1761, 1),
(6279, 132, 1761, 0),
(6280, 133, 1761, 0),
(6281, 134, 1761, 1),
(6282, 14, 1762, 1),
(6283, 15, 1762, 0),
(6284, 112, 1763, 1),
(6285, 113, 1763, 0),
(6286, 114, 1763, 1),
(6287, 115, 1763, 1),
(6288, 116, 1763, 1),
(6289, 73, 1764, 1),
(6290, 74, 1764, 0),
(6291, 75, 1764, 1),
(6292, 139, 1765, 1),
(6293, 140, 1765, 0),
(6294, 141, 1765, 0),
(6295, 142, 1765, 1),
(6296, 143, 1765, 1),
(6297, 91, 1766, 1),
(6298, 92, 1766, 0),
(6299, 102, 1767, 1),
(6300, 103, 1767, 0),
(6301, 104, 1767, 1),
(6302, 105, 1767, 0),
(6303, 81, 1768, 1),
(6304, 82, 1768, 1),
(6305, 83, 1768, 1),
(6306, 84, 1768, 0),
(6307, 16, 1769, 1),
(6308, 17, 1769, 0),
(6309, 18, 1769, 1),
(6310, 58, 1770, 1),
(6311, 59, 1770, 1),
(6312, 60, 1770, 1),
(6313, 123, 1771, 1),
(6314, 124, 1771, 1),
(6315, 125, 1771, 1),
(6316, 126, 1771, 1),
(6317, 135, 1772, 1),
(6318, 136, 1772, 0),
(6319, 137, 1772, 1),
(6320, 138, 1772, 1),
(6321, 29, 1773, 1),
(6322, 30, 1773, 1),
(6323, 31, 1773, 0),
(6324, 32, 1773, 1),
(6325, 33, 1773, 1),
(6326, 106, 1774, 0),
(6327, 107, 1774, 0),
(6328, 108, 1774, 1),
(6329, 109, 1774, 1),
(6330, 91, 1775, 1),
(6331, 92, 1775, 1),
(6332, 76, 1776, 1),
(6333, 77, 1776, 0),
(6334, 97, 1777, 1),
(6335, 98, 1777, 1),
(6336, 99, 1777, 1),
(6337, 100, 1777, 1),
(6338, 101, 1777, 1),
(6339, 102, 1778, 1),
(6340, 103, 1778, 1),
(6341, 104, 1778, 1),
(6342, 105, 1778, 1),
(6343, 112, 1779, 1),
(6344, 113, 1779, 0),
(6345, 114, 1779, 0),
(6346, 115, 1779, 1),
(6347, 116, 1779, 0),
(6348, 73, 1780, 1),
(6349, 74, 1780, 0),
(6350, 75, 1780, 0),
(6351, 130, 1781, 0),
(6352, 131, 1781, 1),
(6353, 132, 1781, 0),
(6354, 133, 1781, 0),
(6355, 134, 1781, 1),
(6356, 139, 1782, 1),
(6357, 140, 1782, 1),
(6358, 141, 1782, 1),
(6359, 142, 1782, 1),
(6360, 143, 1782, 1),
(6361, 56, 1783, 1),
(6362, 57, 1783, 0),
(6363, 14, 1784, 1),
(6364, 15, 1784, 1),
(6365, 85, 1785, 1),
(6366, 86, 1785, 1),
(6367, 87, 1785, 1),
(6368, 29, 1786, 1),
(6369, 30, 1786, 1),
(6370, 31, 1786, 0),
(6371, 32, 1786, 1),
(6372, 33, 1786, 1),
(6373, 123, 1787, 0),
(6374, 124, 1787, 1),
(6375, 125, 1787, 1),
(6376, 126, 1787, 1),
(6377, 135, 1788, 1),
(6378, 136, 1788, 1),
(6379, 137, 1788, 0),
(6380, 138, 1788, 1),
(6381, 58, 1789, 1),
(6382, 59, 1789, 1),
(6383, 60, 1789, 1),
(6384, 16, 1790, 1),
(6385, 17, 1790, 0),
(6386, 18, 1790, 0),
(6387, 81, 1791, 1),
(6388, 82, 1791, 1),
(6389, 83, 1791, 1),
(6390, 84, 1791, 0),
(6391, 68, 1792, 1),
(6392, 69, 1792, 1),
(6393, 70, 1792, 1),
(6394, 71, 1792, 0),
(6395, 72, 1792, 0),
(6396, 11, 1793, 1),
(6397, 12, 1793, 1),
(6398, 13, 1793, 1),
(6399, 43, 1794, 1),
(6400, 44, 1794, 0),
(6401, 45, 1794, 1),
(6402, 46, 1794, 0),
(6403, 93, 1795, 1),
(6404, 94, 1795, 1),
(6405, 95, 1795, 1),
(6406, 96, 1795, 0),
(6407, 110, 1796, 1),
(6408, 111, 1796, 1),
(6409, 78, 1797, 0),
(6410, 79, 1797, 0),
(6411, 80, 1797, 1),
(6412, 40, 1798, 0),
(6413, 41, 1798, 1),
(6414, 42, 1798, 1),
(6415, 24, 1799, 1),
(6416, 25, 1799, 1),
(6417, 26, 1799, 0),
(6418, 27, 1799, 1),
(6419, 28, 1799, 1),
(6420, 117, 1800, 1),
(6421, 118, 1800, 1),
(6422, 119, 1800, 0),
(6423, 120, 1800, 1),
(6424, 40, 1801, 1),
(6425, 41, 1801, 0),
(6426, 42, 1801, 1),
(6427, 43, 1802, 0),
(6428, 44, 1802, 0),
(6429, 45, 1802, 0),
(6430, 46, 1802, 0),
(6431, 117, 1803, 1),
(6432, 118, 1803, 1),
(6433, 119, 1803, 0),
(6434, 120, 1803, 1),
(6435, 110, 1804, 1),
(6436, 111, 1804, 1),
(6437, 24, 1805, 1),
(6438, 25, 1805, 1),
(6439, 26, 1805, 0),
(6440, 27, 1805, 1),
(6441, 28, 1805, 1),
(6442, 93, 1806, 1),
(6443, 94, 1806, 0),
(6444, 95, 1806, 1),
(6445, 96, 1806, 0),
(6446, 68, 1807, 1),
(6447, 69, 1807, 1),
(6448, 70, 1807, 1),
(6449, 71, 1807, 0),
(6450, 72, 1807, 1),
(6451, 11, 1808, 1),
(6452, 12, 1808, 0),
(6453, 13, 1808, 1),
(6454, 78, 1809, 1),
(6455, 79, 1809, 0),
(6456, 80, 1809, 1),
(6457, 144, 1810, 0),
(6458, 145, 1810, 0),
(6459, 146, 1810, 1),
(6460, 147, 1811, 1),
(6461, 148, 1811, 1),
(6462, 93, 1812, 1),
(6463, 94, 1812, 0),
(6464, 95, 1812, 1),
(6465, 96, 1812, 0),
(6466, 11, 1813, 1),
(6467, 12, 1813, 1),
(6468, 13, 1813, 0),
(6469, 78, 1814, 1),
(6470, 79, 1814, 0),
(6471, 80, 1814, 1),
(6472, 40, 1815, 1),
(6473, 41, 1815, 0),
(6474, 42, 1815, 1),
(6475, 24, 1816, 1),
(6476, 25, 1816, 1),
(6477, 26, 1816, 0),
(6478, 27, 1816, 1),
(6479, 28, 1816, 1),
(6480, 110, 1817, 1),
(6481, 111, 1817, 1),
(6482, 68, 1818, 1),
(6483, 69, 1818, 0),
(6484, 70, 1818, 1),
(6485, 71, 1818, 0),
(6486, 72, 1818, 1),
(6487, 43, 1819, 1),
(6488, 44, 1819, 0),
(6489, 45, 1819, 1),
(6490, 46, 1819, 1),
(6491, 117, 1820, 1),
(6492, 118, 1820, 0),
(6493, 119, 1820, 1),
(6494, 120, 1820, 0),
(6495, 14, 1821, 1),
(6496, 15, 1821, 1),
(6497, 139, 1822, 1),
(6498, 140, 1822, 1),
(6499, 141, 1822, 0),
(6500, 142, 1822, 1),
(6501, 143, 1822, 1),
(6502, 56, 1823, 1),
(6503, 57, 1823, 0),
(6504, 106, 1824, 1),
(6505, 107, 1824, 0),
(6506, 108, 1824, 1),
(6507, 109, 1824, 0),
(6508, 85, 1825, 1),
(6509, 86, 1825, 1),
(6510, 87, 1825, 0),
(6511, 130, 1826, 1),
(6512, 131, 1826, 1),
(6513, 132, 1826, 0),
(6514, 133, 1826, 1),
(6515, 134, 1826, 1),
(6516, 97, 1827, 1),
(6517, 98, 1827, 1),
(6518, 99, 1827, 1),
(6519, 100, 1827, 0),
(6520, 101, 1827, 1),
(6521, 73, 1828, 1),
(6522, 74, 1828, 0),
(6523, 75, 1828, 0),
(6524, 91, 1829, 1),
(6525, 92, 1829, 1),
(6526, 102, 1830, 1),
(6527, 103, 1830, 0),
(6528, 104, 1830, 0),
(6529, 105, 1830, 1),
(6530, 112, 1831, 1),
(6531, 113, 1831, 0),
(6532, 114, 1831, 1),
(6533, 115, 1831, 1),
(6534, 116, 1831, 1),
(6535, 76, 1832, 1),
(6536, 77, 1832, 0),
(6537, 34, 1833, 1),
(6538, 35, 1833, 0),
(6539, 36, 1833, 0),
(6540, 51, 1834, 1),
(6541, 52, 1834, 1),
(6542, 53, 1834, 0),
(6543, 54, 1834, 1),
(6544, 55, 1834, 1),
(6545, 6, 1835, 0),
(6546, 7, 1835, 0),
(6547, 8, 1835, 0),
(6548, 9, 1835, 0),
(6549, 10, 1835, 1),
(6550, 37, 1836, 1),
(6551, 38, 1836, 0),
(6552, 39, 1836, 1),
(6553, 63, 1837, 1),
(6554, 64, 1837, 0),
(6555, 65, 1837, 1),
(6556, 66, 1837, 1),
(6557, 67, 1837, 1),
(6558, 51, 1838, 1),
(6559, 52, 1838, 0),
(6560, 53, 1838, 0),
(6561, 54, 1838, 0),
(6562, 55, 1838, 1),
(6563, 6, 1839, 1),
(6564, 7, 1839, 0),
(6565, 8, 1839, 0),
(6566, 9, 1839, 1),
(6567, 10, 1839, 1),
(6568, 37, 1840, 1),
(6569, 38, 1840, 0),
(6570, 39, 1840, 0),
(6571, 63, 1841, 1),
(6572, 64, 1841, 0),
(6573, 65, 1841, 1),
(6574, 66, 1841, 0),
(6575, 67, 1841, 1),
(6576, 34, 1842, 1),
(6577, 35, 1842, 0),
(6578, 36, 1842, 0),
(6579, 73, 1843, 1),
(6580, 74, 1843, 0),
(6581, 75, 1843, 1),
(6582, 112, 1844, 1),
(6583, 113, 1844, 0),
(6584, 114, 1844, 1),
(6585, 115, 1844, 1),
(6586, 116, 1844, 1),
(6587, 85, 1845, 1),
(6588, 86, 1845, 1),
(6589, 87, 1845, 1),
(6590, 139, 1846, 0),
(6591, 140, 1846, 1),
(6592, 141, 1846, 0),
(6593, 142, 1846, 1),
(6594, 143, 1846, 0),
(6595, 76, 1847, 0),
(6596, 77, 1847, 0),
(6597, 130, 1848, 1),
(6598, 131, 1848, 1),
(6599, 132, 1848, 0),
(6600, 133, 1848, 1),
(6601, 134, 1848, 0),
(6602, 56, 1849, 1),
(6603, 57, 1849, 0),
(6604, 91, 1850, 1),
(6605, 92, 1850, 1),
(6606, 97, 1851, 1),
(6607, 98, 1851, 0),
(6608, 99, 1851, 1),
(6609, 100, 1851, 0),
(6610, 101, 1851, 1),
(6611, 102, 1852, 1),
(6612, 103, 1852, 0),
(6613, 104, 1852, 1),
(6614, 105, 1852, 1),
(6615, 14, 1853, 1),
(6616, 15, 1853, 0),
(6617, 106, 1854, 1),
(6618, 107, 1854, 0),
(6619, 108, 1854, 1),
(6620, 109, 1854, 1),
(6621, 147, 1855, 0),
(6622, 148, 1855, 0),
(6623, 144, 1856, 1),
(6624, 145, 1856, 1),
(6625, 146, 1856, 1),
(6626, 29, 1857, 1),
(6627, 30, 1857, 0),
(6628, 31, 1857, 1),
(6629, 32, 1857, 1),
(6630, 33, 1857, 0),
(6631, 16, 1858, 1),
(6632, 17, 1858, 1),
(6633, 18, 1858, 0),
(6634, 123, 1859, 1),
(6635, 124, 1859, 1),
(6636, 125, 1859, 1),
(6637, 126, 1859, 1),
(6638, 135, 1860, 1),
(6639, 136, 1860, 1),
(6640, 137, 1860, 1),
(6641, 138, 1860, 0),
(6642, 81, 1861, 1),
(6643, 82, 1861, 1),
(6644, 83, 1861, 1),
(6645, 84, 1861, 0),
(6646, 58, 1862, 1),
(6647, 59, 1862, 1),
(6648, 60, 1862, 0),
(6649, 102, 1863, 1),
(6650, 103, 1863, 1),
(6651, 104, 1863, 1),
(6652, 105, 1863, 0),
(6653, 56, 1864, 1),
(6654, 57, 1864, 0),
(6655, 139, 1865, 1),
(6656, 140, 1865, 1),
(6657, 141, 1865, 0),
(6658, 142, 1865, 1),
(6659, 143, 1865, 1),
(6660, 14, 1866, 1),
(6661, 15, 1866, 1),
(6662, 130, 1867, 1),
(6663, 131, 1867, 0),
(6664, 132, 1867, 0),
(6665, 133, 1867, 0),
(6666, 134, 1867, 1),
(6667, 106, 1868, 1),
(6668, 107, 1868, 1),
(6669, 108, 1868, 1),
(6670, 109, 1868, 0),
(6671, 73, 1869, 1),
(6672, 74, 1869, 0),
(6673, 75, 1869, 1),
(6674, 76, 1870, 1),
(6675, 77, 1870, 0),
(6676, 85, 1871, 1),
(6677, 86, 1871, 1),
(6678, 87, 1871, 0),
(6679, 112, 1872, 1),
(6680, 113, 1872, 1),
(6681, 114, 1872, 1),
(6682, 115, 1872, 1),
(6683, 116, 1872, 1),
(6684, 91, 1873, 1),
(6685, 92, 1873, 1),
(6686, 97, 1874, 1),
(6687, 98, 1874, 0),
(6688, 99, 1874, 0),
(6689, 100, 1874, 1),
(6690, 101, 1874, 1),
(6691, 34, 1875, 1),
(6692, 35, 1875, 0),
(6693, 36, 1875, 0),
(6694, 37, 1876, 1),
(6695, 38, 1876, 1),
(6696, 39, 1876, 1),
(6697, 51, 1877, 1),
(6698, 52, 1877, 0),
(6699, 53, 1877, 0),
(6700, 54, 1877, 1),
(6701, 55, 1877, 1),
(6702, 63, 1878, 0),
(6703, 64, 1878, 0),
(6704, 65, 1878, 1),
(6705, 66, 1878, 1),
(6706, 67, 1878, 1),
(6707, 6, 1879, 1),
(6708, 7, 1879, 0),
(6709, 8, 1879, 0),
(6710, 9, 1879, 0),
(6711, 10, 1879, 1),
(6712, 121, 1880, 1),
(6713, 122, 1880, 1),
(6714, 47, 1881, 1),
(6715, 48, 1881, 1),
(6716, 49, 1881, 1),
(6717, 50, 1881, 1),
(6718, 61, 1882, 0),
(6719, 62, 1882, 1),
(6720, 19, 1883, 1),
(6721, 20, 1883, 1),
(6722, 21, 1883, 1),
(6723, 22, 1883, 0),
(6724, 23, 1883, 1),
(6725, 127, 1884, 1),
(6726, 128, 1884, 1),
(6727, 129, 1884, 1),
(6728, 88, 1885, 1),
(6729, 89, 1885, 0),
(6730, 90, 1885, 1),
(6731, 127, 1886, 1),
(6732, 128, 1886, 1),
(6733, 129, 1886, 0),
(6734, 88, 1887, 1),
(6735, 89, 1887, 1),
(6736, 90, 1887, 0),
(6737, 121, 1888, 1),
(6738, 122, 1888, 1),
(6739, 19, 1889, 1),
(6740, 20, 1889, 0),
(6741, 21, 1889, 1),
(6742, 22, 1889, 0),
(6743, 23, 1889, 1),
(6744, 61, 1890, 0),
(6745, 62, 1890, 0),
(6746, 47, 1891, 0),
(6747, 48, 1891, 1),
(6748, 49, 1891, 0),
(6749, 50, 1891, 1),
(6750, 117, 1892, 1),
(6751, 118, 1892, 1),
(6752, 119, 1892, 1),
(6753, 120, 1892, 1),
(6754, 40, 1893, 0),
(6755, 41, 1893, 0),
(6756, 42, 1893, 0),
(6757, 110, 1894, 1),
(6758, 111, 1894, 0),
(6759, 24, 1895, 1),
(6760, 25, 1895, 1),
(6761, 26, 1895, 0),
(6762, 27, 1895, 1),
(6763, 28, 1895, 1),
(6764, 11, 1896, 1),
(6765, 12, 1896, 1),
(6766, 13, 1896, 1),
(6767, 93, 1897, 1),
(6768, 94, 1897, 0),
(6769, 95, 1897, 1),
(6770, 96, 1897, 0),
(6771, 68, 1898, 0),
(6772, 69, 1898, 1),
(6773, 70, 1898, 1),
(6774, 71, 1898, 0),
(6775, 72, 1898, 1),
(6776, 43, 1899, 1),
(6777, 44, 1899, 0),
(6778, 45, 1899, 0),
(6779, 46, 1899, 0),
(6780, 78, 1900, 1),
(6781, 79, 1900, 0),
(6782, 80, 1900, 1),
(6783, 43, 1901, 1),
(6784, 44, 1901, 0),
(6785, 45, 1901, 1),
(6786, 46, 1901, 0),
(6787, 68, 1902, 1),
(6788, 69, 1902, 1),
(6789, 70, 1902, 1),
(6790, 71, 1902, 0),
(6791, 72, 1902, 1),
(6792, 11, 1903, 1),
(6793, 12, 1903, 1),
(6794, 13, 1903, 1),
(6795, 40, 1904, 1),
(6796, 41, 1904, 0),
(6797, 42, 1904, 1),
(6798, 110, 1905, 1),
(6799, 111, 1905, 1),
(6800, 24, 1906, 1),
(6801, 25, 1906, 1),
(6802, 26, 1906, 0),
(6803, 27, 1906, 1),
(6804, 28, 1906, 1),
(6805, 93, 1907, 1),
(6806, 94, 1907, 0),
(6807, 95, 1907, 1),
(6808, 96, 1907, 0),
(6809, 78, 1908, 1),
(6810, 79, 1908, 0),
(6811, 80, 1908, 1),
(6812, 117, 1909, 1),
(6813, 118, 1909, 1),
(6814, 119, 1909, 1),
(6815, 120, 1909, 1),
(6816, 61, 1910, 1),
(6817, 62, 1910, 0),
(6818, 47, 1911, 1),
(6819, 48, 1911, 0),
(6820, 49, 1911, 1),
(6821, 50, 1911, 1),
(6822, 19, 1912, 1),
(6823, 20, 1912, 0),
(6824, 21, 1912, 1),
(6825, 22, 1912, 0),
(6826, 23, 1912, 1),
(6827, 121, 1913, 1),
(6828, 122, 1913, 1),
(6829, 127, 1914, 1),
(6830, 128, 1914, 1),
(6831, 129, 1914, 1),
(6832, 88, 1915, 1),
(6833, 89, 1915, 0),
(6834, 90, 1915, 1),
(6835, 73, 1916, 1),
(6836, 74, 1916, 1),
(6837, 75, 1916, 1),
(6838, 112, 1917, 1),
(6839, 113, 1917, 0),
(6840, 114, 1917, 1),
(6841, 115, 1917, 0),
(6842, 116, 1917, 0),
(6843, 102, 1918, 1),
(6844, 103, 1918, 0),
(6845, 104, 1918, 1),
(6846, 105, 1918, 1),
(6847, 91, 1919, 0),
(6848, 92, 1919, 0),
(6849, 56, 1920, 1),
(6850, 57, 1920, 0),
(6851, 85, 1921, 1),
(6852, 86, 1921, 1),
(6853, 87, 1921, 0),
(6854, 139, 1922, 1),
(6855, 140, 1922, 1),
(6856, 141, 1922, 0),
(6857, 142, 1922, 1),
(6858, 143, 1922, 1),
(6859, 130, 1923, 1),
(6860, 131, 1923, 1),
(6861, 132, 1923, 0),
(6862, 133, 1923, 0),
(6863, 134, 1923, 1),
(6864, 106, 1924, 1),
(6865, 107, 1924, 0),
(6866, 108, 1924, 1),
(6867, 109, 1924, 1),
(6868, 97, 1925, 1),
(6869, 98, 1925, 1),
(6870, 99, 1925, 1),
(6871, 100, 1925, 1),
(6872, 101, 1925, 1),
(6873, 76, 1926, 1),
(6874, 77, 1926, 0),
(6875, 14, 1927, 1),
(6876, 15, 1927, 0),
(6877, 47, 1928, 1),
(6878, 48, 1928, 0),
(6879, 49, 1928, 1),
(6880, 50, 1928, 1),
(6881, 121, 1929, 1),
(6882, 122, 1929, 1),
(6883, 127, 1930, 1),
(6884, 128, 1930, 0),
(6885, 129, 1930, 0),
(6886, 88, 1931, 0),
(6887, 89, 1931, 1),
(6888, 90, 1931, 1),
(6889, 61, 1932, 1),
(6890, 62, 1932, 1),
(6891, 19, 1933, 1),
(6892, 20, 1933, 0),
(6893, 21, 1933, 1),
(6894, 22, 1933, 0),
(6895, 23, 1933, 1),
(6896, 147, 1934, 0),
(6897, 148, 1934, 0),
(6898, 144, 1935, 1),
(6899, 145, 1935, 0),
(6900, 146, 1935, 1),
(6901, 88, 1936, 1),
(6902, 89, 1936, 1),
(6903, 90, 1936, 1),
(6904, 121, 1937, 1),
(6905, 122, 1937, 0),
(6906, 61, 1938, 1),
(6907, 62, 1938, 1),
(6908, 19, 1939, 1),
(6909, 20, 1939, 0),
(6910, 21, 1939, 1),
(6911, 22, 1939, 0),
(6912, 23, 1939, 0),
(6913, 127, 1940, 1),
(6914, 128, 1940, 1),
(6915, 129, 1940, 1),
(6916, 47, 1941, 0),
(6917, 48, 1941, 0),
(6918, 49, 1941, 1),
(6919, 50, 1941, 1),
(6920, 51, 1942, 1),
(6921, 52, 1942, 0),
(6922, 53, 1942, 0),
(6923, 54, 1942, 0),
(6924, 55, 1942, 1),
(6925, 37, 1943, 0),
(6926, 38, 1943, 1),
(6927, 39, 1943, 0),
(6928, 34, 1944, 1),
(6929, 35, 1944, 0),
(6930, 36, 1944, 0),
(6931, 6, 1945, 1),
(6932, 7, 1945, 0),
(6933, 8, 1945, 0),
(6934, 9, 1945, 0),
(6935, 10, 1945, 0),
(6936, 63, 1946, 1),
(6937, 64, 1946, 0),
(6938, 65, 1946, 1),
(6939, 66, 1946, 1),
(6940, 67, 1946, 1),
(6941, 93, 1947, 0),
(6942, 94, 1947, 1),
(6943, 95, 1947, 1),
(6944, 96, 1947, 0),
(6945, 11, 1948, 1),
(6946, 12, 1948, 1),
(6947, 13, 1948, 0),
(6948, 110, 1949, 1),
(6949, 111, 1949, 1),
(6950, 24, 1950, 1),
(6951, 25, 1950, 0),
(6952, 26, 1950, 1),
(6953, 27, 1950, 0),
(6954, 28, 1950, 1),
(6955, 43, 1951, 1),
(6956, 44, 1951, 1),
(6957, 45, 1951, 1),
(6958, 46, 1951, 0),
(6959, 117, 1952, 1),
(6960, 118, 1952, 1),
(6961, 119, 1952, 1),
(6962, 120, 1952, 1),
(6963, 40, 1953, 1),
(6964, 41, 1953, 0),
(6965, 42, 1953, 1),
(6966, 68, 1954, 1),
(6967, 69, 1954, 1),
(6968, 70, 1954, 0),
(6969, 71, 1954, 0),
(6970, 72, 1954, 1),
(6971, 78, 1955, 0),
(6972, 79, 1955, 0),
(6973, 80, 1955, 1),
(6974, 78, 1956, 1),
(6975, 79, 1956, 0),
(6976, 80, 1956, 1),
(6977, 68, 1957, 1),
(6978, 69, 1957, 0),
(6979, 70, 1957, 1),
(6980, 71, 1957, 0),
(6981, 72, 1957, 1),
(6982, 24, 1958, 1),
(6983, 25, 1958, 1),
(6984, 26, 1958, 0),
(6985, 27, 1958, 1),
(6986, 28, 1958, 0),
(6987, 43, 1959, 1),
(6988, 44, 1959, 0),
(6989, 45, 1959, 1),
(6990, 46, 1959, 0),
(6991, 11, 1960, 1),
(6992, 12, 1960, 1),
(6993, 13, 1960, 1),
(6994, 40, 1961, 1),
(6995, 41, 1961, 0),
(6996, 42, 1961, 1),
(6997, 117, 1962, 0),
(6998, 118, 1962, 1),
(6999, 119, 1962, 0),
(7000, 120, 1962, 1),
(7001, 110, 1963, 1),
(7002, 111, 1963, 0),
(7003, 93, 1964, 1),
(7004, 94, 1964, 0),
(7005, 95, 1964, 1),
(7006, 96, 1964, 0);

-- --------------------------------------------------------

--
-- Table structure for table `answer_options`
--

CREATE TABLE `answer_options` (
  `id` bigint(20) UNSIGNED NOT NULL,
  `text` varchar(128) COLLATE utf8mb4_unicode_ci NOT NULL,
  `question_id` bigint(20) UNSIGNED NOT NULL,
  `is_right` tinyint(4) NOT NULL,
  `deleted_at` timestamp NULL DEFAULT NULL
) ENGINE=InnoDB DEFAULT CHARSET=utf8mb4 COLLATE=utf8mb4_unicode_ci;

--
-- Dumping data for table `answer_options`
--

INSERT INTO `answer_options` (`id`, `text`, `question_id`, `is_right`, `deleted_at`) VALUES
(1, 'Тугара Вовка і ще в такій невеличкій.', 1, 1, '2020-04-25 06:15:38'),
(2, 'Максима, не зводячи з нього живу.', 1, 0, '2020-04-25 06:15:38'),
(3, 'Зелеменя і відсунені від нього на.', 1, 0, '2020-04-25 06:15:38'),
(4, 'Звір заревів ще дужче погіршить. - А.', 2, 1, '2020-04-25 06:15:38'),
(5, 'За остінком - куснем недобудованого.', 2, 0, '2020-04-25 06:15:38'),
(6, 'Рад побачити того, хто приступить до.', 3, 1, NULL),
(7, 'Чи так роблять чесні громадяни?.', 3, 0, NULL),
(8, 'Ні, таточку, не говори сього! Не своєї.', 3, 0, NULL),
(9, 'Се новий тухольський боярин, Тугар.', 3, 0, NULL),
(10, 'Кожда громада висилала по.', 3, 1, NULL),
(11, 'Для того Максим крикнув до своїх.', 4, 1, NULL),
(12, 'Він біг зразу на тих, що дісталися до.', 4, 1, NULL),
(13, 'Але галицько-руським князям вона з.', 4, 1, NULL),
(14, 'І певно, що круто прийшлось би було.', 5, 1, NULL),
(15, 'Мирославу; вона зблідла і позирала то.', 5, 1, NULL),
(16, 'Володар Червоної Русі, через.', 6, 1, NULL),
(17, 'Широкою рікою плили по Русі пожежі.', 6, 0, NULL),
(18, 'Він безмірно переви-щав Пету своєю.', 6, 0, NULL),
(19, 'Сумно похилили голови тустанські.', 7, 1, NULL),
(20, 'Коли він стає для інших тягарем, а.', 7, 0, NULL),
(21, 'Луна покотилася полонинами.', 7, 1, NULL),
(22, 'Ти поглянь на себе! Може, до тебе така.', 7, 0, NULL),
(23, 'Максима. Але Максим цілком не змішався.', 7, 1, NULL),
(24, 'Бачачи по долах, як князі та бояри.', 8, 1, NULL),
(25, 'Максима. З трудом видряпався сюди.', 8, 1, NULL),
(26, 'Мирослава ще вагувалась. Але, втім.', 8, 0, NULL),
(27, 'В кровавім розблиску огнів виднілися.', 8, 1, NULL),
(28, 'Вдасть боярська не могла нічого.', 8, 1, NULL),
(29, 'ІІостій, боярине, я ще не надійшли, а.', 9, 1, NULL),
(30, 'Ну, рад я побачити, чи твої Беркути.', 9, 1, NULL),
(31, 'Але боярина не - лякаємось. Вона може.', 9, 0, NULL),
(32, 'Але руки їх мимоволі вхопили за.', 9, 1, NULL),
(33, 'Може, їхати до Галича, до князя.', 9, 1, NULL),
(34, 'Чінгісхана, а його кусень заліза.', 10, 1, NULL),
(35, 'Але проте Максим не відпирався від.', 10, 0, NULL),
(36, 'Максим Беркут велів товариству на.', 10, 0, NULL),
(37, 'О ні! Коли б не ми, то ви, певно, мов.', 11, 1, NULL),
(38, 'Вовк, - обертаючись лицем до монголів.', 11, 0, NULL),
(39, 'Се був страшний, безтямно смілий і.', 11, 0, NULL),
(40, 'Тугара Вовка і ще в тій боротьбі.', 12, 1, NULL),
(41, 'У смертельній тривозі, яка й.', 12, 0, NULL),
(42, 'Аж наближуючись до монголів, стрічені.', 12, 1, NULL),
(43, 'Богу дякувати, що й сусіднє місце буде.', 13, 1, NULL),
(44, 'В отсих горах - живе один дід, що його.', 13, 0, NULL),
(45, 'Мирослава стала на той голос і перший.', 13, 1, NULL),
(46, 'Ти закидаєш мені, що ви хотіли би.', 13, 0, NULL),
(47, 'Що ж,сказав він,дурна звірюка той.', 14, 1, NULL),
(48, 'Бідний Максим! Він старався в інших.', 14, 0, NULL),
(49, 'І, як стій, Захар Беркут уже в своїм.', 14, 1, NULL),
(50, 'Коли було настане час між зеленими.', 14, 1, NULL),
(51, 'А втім, надлетіла монгольська погоня.', 15, 1, NULL),
(52, 'Максима довго здержувані сльози, що.', 15, 0, NULL),
(53, 'Мовчи, підлий рабе! скрикнув.', 15, 0, NULL),
(54, 'Але найбільше змінилися люди. Зверха.', 15, 1, NULL),
(55, 'Але в чім тухольців і не могла нічого.', 15, 1, NULL),
(56, 'Захар Беркут і наважився відбути його.', 16, 1, NULL),
(57, 'Тухля була оселя не дуже давня, і.', 16, 0, NULL),
(58, 'Але ніщо було й думати, тим більше.', 17, 1, NULL),
(59, 'Правда, в тім яка зрада? Чи не.', 17, 1, NULL),
(60, 'Максимова, через тебе не можу слухати.', 17, 1, NULL),
(61, 'Не знати, про що думав він, але його.', 18, 1, NULL),
(62, 'Тугар Вовк ставав чимраз більше.', 18, 0, NULL),
(63, 'Чінгісхана не міг здобутися на один.', 19, 1, NULL),
(64, 'Сам иачиш і знаєш, що вітця й опікуна.', 19, 0, NULL),
(65, 'Захар Беркут - се була величезна.', 19, 1, NULL),
(66, 'Максим, і без умілості - воєнної. Тим.', 19, 1, NULL),
(67, 'Захарові слова. - Ей, громадяни.', 19, 1, NULL),
(68, 'В кровавім розблиску огнів виднілися.', 20, 1, NULL),
(69, 'Тугар Вовк побачив свою помилку і.', 20, 1, NULL),
(70, 'Не в пориві дикої - пристрасті, не без.', 20, 1, NULL),
(71, 'Може, годину йшло товариство тою.', 20, 0, NULL),
(72, 'Від віків ми вживали їх аж тоді, коли.', 20, 1, NULL),
(73, 'Ось устав один із того гнізда, а на.', 21, 1, NULL),
(74, 'Знаю,відповів твердим голосом Митько.В.', 21, 0, NULL),
(75, 'І «проганяєш наших пастухів, убиваєш.', 21, 1, NULL),
(76, 'А довга дорога тухольським шляхом до.', 22, 1, NULL),
(77, 'Хоч і як тяжко приходилось йому, але.', 22, 0, NULL),
(78, 'Захарові слова. - Вигнали нас.', 23, 1, NULL),
(79, 'Упав, підступно повалений, Максим, і.', 23, 0, NULL),
(80, 'В щілині кам\'яних звалищ понад головою.', 23, 1, NULL),
(81, 'Тільки така суцільність і свобода.', 24, 1, NULL),
(82, 'Захар розу^ мів добре, що й сусіднє.', 24, 1, NULL),
(83, 'Тільки невеличка горстка найсильніших.', 24, 1, NULL),
(84, 'Пета. - Другий шлях.', 24, 0, NULL),
(85, 'Звір, побачивши блискуче залізне.', 25, 1, NULL),
(86, 'А товариші гнали слідом за ними.', 25, 1, NULL),
(87, 'Шумно збиралася мо-лодіж і ставала.', 25, 0, NULL),
(88, 'Наші пішоходи були саме серед села і.', 26, 1, NULL),
(89, 'Не вернемось? А се для чого? - Для.', 26, 1, NULL),
(90, 'Ось уже прийшли на місце. Медведяче.', 26, 1, NULL),
(91, 'Сонце, невже ж ти не знаєш, що вітця й.', 27, 1, NULL),
(92, 'А обік зроблене було друге підвищення.', 27, 1, NULL),
(93, 'Що значить присяга дурної, осліпленої.', 28, 1, NULL),
(94, 'Нема за що ж то я не дурна і не так.', 28, 0, NULL),
(95, 'Максима - наскрізь. Але слова не було.', 28, 1, NULL),
(96, 'Все те згадала тепер в нашій.', 28, 0, NULL),
(97, 'Максима не видно, а перед другими.', 29, 1, NULL),
(98, 'Вони сміялись тепер зі своїми слугами.', 29, 1, NULL),
(99, 'Ніякі Максимові докази про трудності.', 29, 1, NULL),
(100, 'Моравської і з горляною, співучою.', 29, 1, NULL),
(101, 'Уважайте ж, чесна громадо! Злодійські.', 29, 1, NULL),
(102, 'Там, на шляху, що вів від села попри.', 30, 1, NULL),
(103, 'Люди, мов мурашки, снували поміж.', 30, 0, NULL),
(104, 'Прийди завтра на тоту раду, бо вони.', 30, 1, NULL),
(105, 'А тим часом дати трубою тривожний знак.', 30, 1, NULL),
(106, 'Тугара, щоб помститись - смерті.', 31, 1, NULL),
(107, 'І ти думав, що, рятуючи її - читати, а.', 31, 0, NULL),
(108, 'Говори, брате Бурундо! сказав Пета.', 31, 1, NULL),
(109, 'І справді, план Бурунди був хоч і його.', 31, 1, NULL),
(110, 'Тугар Вовк при його словах і розказах.', 32, 1, NULL),
(111, 'Батько її - від себе широкими.', 32, 1, NULL),
(112, 'До зброї, браття, до зброї! Монголи!.', 33, 1, NULL),
(113, 'Всі стали мов мертві, безладна сумішка.', 33, 0, NULL),
(114, 'Він, Митько, також був у кождого лук і.', 33, 1, NULL),
(115, 'Адже ж кождий із них не було таке.', 33, 1, NULL),
(116, 'А ти хочеш з монголами напасти на.', 33, 1, NULL),
(117, 'Ну, що, може, їхати най до нього.', 34, 1, NULL),
(118, 'Від самого досвіта в ловецькім таборі.', 34, 1, NULL),
(119, 'Максима не видно, а перед другими.', 34, 1, NULL),
(120, 'Але все- таки його стережено чуйно.', 34, 1, NULL),
(121, 'А тепер прощай. Він вийшов, і заслона.', 35, 1, NULL),
(122, 'Ні, не на смерть. Сьо-\'-о було вже.', 35, 1, NULL),
(123, 'Червоній Русі, йде блискавкою вість.', 36, 1, NULL),
(124, 'Я беру тільки те, що мені мститися на.', 36, 1, NULL),
(125, 'Так, так, ударимо на монголів!.', 36, 1, NULL),
(126, 'І хоч мед пінився в точених дерев\'яних.', 36, 1, NULL),
(127, 'І ліси, і села, і тільки через верх.', 37, 1, NULL),
(128, 'А тим часом починав собі все згорда.', 37, 1, NULL),
(129, 'Звір сунув чимраз ближче: гарячий його.', 37, 1, NULL),
(130, 'Нинішній, остатній, день ловів мав.', 38, 1, NULL),
(131, 'Навіть коні під нашими їздцями почали.', 38, 1, NULL),
(132, 'Одного дня прибігли до Тухлі день.', 38, 0, NULL),
(133, 'Довго блукав він по селах більше, але.', 38, 0, NULL),
(134, 'Так, справді, се була величезна.', 38, 1, NULL),
(135, 'Опором, віддалік від Тухлі, але на.', 39, 1, NULL),
(136, 'Тільки невеличка горстка найсильніших.', 39, 1, NULL),
(137, 'Ніхто не відзивався на ті Захарові.', 39, 1, NULL),
(138, 'В щілині кам\'яних звалищ понад головою.', 39, 1, NULL),
(139, 'Захара Беркута. А при тім прості слова.', 40, 1, NULL),
(140, 'Треба використати - його, спасу його.', 40, 1, NULL),
(141, 'Максим виразно казав, що їдемо до.', 40, 0, NULL),
(142, 'Мирослави, лише глядів і глядів у.', 40, 1, NULL),
(143, 'Для другів наших ми гостинні,сказав.', 40, 1, NULL),
(144, 'це спеціальна конструкція, яка використовується для групування пов\'язаних змінних та функцій.', 1, 1, NULL),
(145, 'це функція, що дає змогу отримати значення глобальних змінних.', 1, 0, NULL),
(146, 'це макет, по якому можна створювати об\'єкти.', 1, 1, NULL),
(147, 'Лише 1', 2, 0, NULL),
(148, 'Скільки потрібно', 2, 1, NULL);

-- --------------------------------------------------------

--
-- Table structure for table `asked_questions`
--

CREATE TABLE `asked_questions` (
  `id` bigint(20) UNSIGNED NOT NULL,
  `test_result_id` bigint(20) UNSIGNED NOT NULL,
  `question_id` bigint(20) UNSIGNED NOT NULL
) ENGINE=InnoDB DEFAULT CHARSET=utf8mb4 COLLATE=utf8mb4_unicode_ci;

--
-- Dumping data for table `asked_questions`
--

INSERT INTO `asked_questions` (`id`, `test_result_id`, `question_id`) VALUES
(1, 1, 1),
(2, 1, 2),
(3, 2, 37),
(4, 2, 26),
(5, 2, 14),
(6, 2, 35),
(7, 2, 18),
(8, 2, 7),
(9, 3, 19),
(10, 3, 10),
(11, 3, 3),
(12, 3, 11),
(13, 3, 15),
(14, 4, 29),
(15, 4, 38),
(16, 4, 27),
(17, 4, 25),
(18, 4, 21),
(19, 4, 5),
(20, 4, 22),
(21, 4, 40),
(22, 4, 31),
(23, 4, 16),
(24, 4, 33),
(25, 4, 30),
(26, 5, 26),
(27, 5, 7),
(28, 5, 37),
(29, 5, 35),
(30, 5, 14),
(31, 5, 18),
(32, 6, 9),
(33, 6, 39),
(34, 6, 24),
(35, 6, 17),
(36, 6, 36),
(37, 6, 6),
(38, 7, 17),
(39, 7, 39),
(40, 7, 6),
(41, 7, 9),
(42, 7, 36),
(43, 7, 24),
(44, 8, 35),
(45, 8, 37),
(46, 8, 7),
(47, 8, 14),
(48, 8, 18),
(49, 8, 26),
(50, 9, 21),
(51, 9, 30),
(52, 9, 33),
(53, 9, 5),
(54, 9, 29),
(55, 9, 22),
(56, 9, 40),
(57, 9, 31),
(58, 9, 27),
(59, 9, 38),
(60, 9, 25),
(61, 9, 16),
(62, 10, 17),
(63, 10, 24),
(64, 10, 6),
(65, 10, 39),
(66, 10, 9),
(67, 10, 36),
(68, 11, 26),
(69, 11, 14),
(70, 11, 7),
(71, 11, 18),
(72, 11, 35),
(73, 11, 37),
(74, 12, 1),
(75, 12, 2),
(76, 13, 11),
(77, 13, 3),
(78, 13, 10),
(79, 13, 15),
(80, 13, 19),
(81, 14, 31),
(82, 14, 5),
(83, 14, 22),
(84, 14, 25),
(85, 14, 29),
(86, 14, 30),
(87, 14, 16),
(88, 14, 38),
(89, 14, 33),
(90, 14, 21),
(91, 14, 40),
(92, 14, 27),
(93, 15, 34),
(94, 15, 12),
(95, 15, 32),
(96, 15, 28),
(97, 15, 4),
(98, 15, 13),
(99, 15, 8),
(100, 15, 20),
(101, 15, 23),
(102, 16, 3),
(103, 16, 11),
(104, 16, 19),
(105, 16, 10),
(106, 16, 15),
(107, 17, 34),
(108, 17, 12),
(109, 17, 4),
(110, 17, 23),
(111, 17, 20),
(112, 17, 28),
(113, 17, 32),
(114, 17, 13),
(115, 17, 8),
(116, 18, 7),
(117, 18, 37),
(118, 18, 14),
(119, 18, 26),
(120, 18, 35),
(121, 18, 18),
(122, 19, 31),
(123, 19, 5),
(124, 19, 25),
(125, 19, 30),
(126, 19, 33),
(127, 19, 22),
(128, 19, 38),
(129, 19, 16),
(130, 19, 21),
(131, 19, 27),
(132, 19, 40),
(133, 19, 29),
(134, 20, 2),
(135, 20, 1),
(136, 21, 6),
(137, 21, 9),
(138, 21, 24),
(139, 21, 36),
(140, 21, 17),
(141, 21, 39),
(142, 22, 32),
(143, 22, 12),
(144, 22, 20),
(145, 22, 28),
(146, 22, 34),
(147, 22, 13),
(148, 22, 8),
(149, 22, 23),
(150, 22, 4),
(151, 23, 9),
(152, 23, 6),
(153, 23, 39),
(154, 23, 24),
(155, 23, 36),
(156, 23, 17),
(157, 24, 1),
(158, 24, 2),
(159, 25, 11),
(160, 25, 10),
(161, 25, 15),
(162, 25, 3),
(163, 25, 19),
(164, 26, 1),
(165, 26, 2),
(166, 27, 24),
(167, 27, 17),
(168, 27, 39),
(169, 27, 6),
(170, 27, 36),
(171, 27, 9),
(172, 28, 2),
(173, 28, 1),
(174, 29, 15),
(175, 29, 19),
(176, 29, 3),
(177, 29, 10),
(178, 29, 11),
(179, 30, 2),
(180, 30, 1),
(181, 31, 35),
(182, 31, 18),
(183, 31, 7),
(184, 31, 37),
(185, 31, 26),
(186, 31, 14),
(187, 32, 2),
(188, 32, 1),
(189, 33, 6),
(190, 33, 9),
(191, 33, 36),
(192, 33, 39),
(193, 33, 24),
(194, 33, 17),
(195, 34, 15),
(196, 34, 10),
(197, 34, 3),
(198, 34, 19),
(199, 34, 11),
(200, 35, 17),
(201, 35, 36),
(202, 35, 39),
(203, 35, 9),
(204, 35, 6),
(205, 35, 24),
(206, 36, 1),
(207, 36, 2),
(208, 37, 2),
(209, 37, 1),
(210, 38, 10),
(211, 38, 3),
(212, 38, 19),
(213, 38, 15),
(214, 38, 11),
(215, 39, 31),
(216, 39, 40),
(217, 39, 25),
(218, 39, 16),
(219, 39, 27),
(220, 39, 30),
(221, 39, 33),
(222, 39, 38),
(223, 39, 22),
(224, 39, 5),
(225, 39, 21),
(226, 39, 29),
(227, 40, 19),
(228, 40, 10),
(229, 40, 15),
(230, 40, 3),
(231, 40, 11),
(232, 41, 24),
(233, 41, 39),
(234, 41, 36),
(235, 41, 9),
(236, 41, 6),
(237, 41, 17),
(238, 42, 40),
(239, 42, 25),
(240, 42, 33),
(241, 42, 31),
(242, 42, 29),
(243, 42, 16),
(244, 42, 30),
(245, 42, 21),
(246, 42, 5),
(247, 42, 27),
(248, 42, 22),
(249, 42, 38),
(250, 43, 29),
(251, 43, 21),
(252, 43, 25),
(253, 43, 31),
(254, 43, 30),
(255, 43, 5),
(256, 43, 16),
(257, 43, 33),
(258, 43, 27),
(259, 43, 40),
(260, 43, 22),
(261, 43, 38),
(262, 44, 19),
(263, 44, 3),
(264, 44, 11),
(265, 44, 15),
(266, 44, 10),
(267, 45, 11),
(268, 45, 15),
(269, 45, 10),
(270, 45, 3),
(271, 45, 19),
(272, 46, 3),
(273, 46, 11),
(274, 46, 19),
(275, 46, 15),
(276, 46, 10),
(277, 47, 7),
(278, 47, 14),
(279, 47, 37),
(280, 47, 26),
(281, 47, 18),
(282, 47, 35),
(283, 48, 9),
(284, 48, 17),
(285, 48, 36),
(286, 48, 24),
(287, 48, 6),
(288, 48, 39),
(289, 49, 26),
(290, 49, 35),
(291, 49, 14),
(292, 49, 37),
(293, 49, 18),
(294, 49, 7),
(295, 50, 12),
(296, 50, 13),
(297, 50, 32),
(298, 50, 23),
(299, 50, 28),
(300, 50, 34),
(301, 50, 8),
(302, 50, 20),
(303, 50, 4),
(304, 51, 9),
(305, 51, 24),
(306, 51, 17),
(307, 51, 39),
(308, 51, 36),
(309, 51, 6),
(310, 52, 37),
(311, 52, 26),
(312, 52, 14),
(313, 52, 7),
(314, 52, 35),
(315, 52, 18),
(316, 53, 2),
(317, 53, 1),
(318, 54, 2),
(319, 54, 1),
(320, 55, 13),
(321, 55, 32),
(322, 55, 23),
(323, 55, 8),
(324, 55, 12),
(325, 55, 28),
(326, 55, 20),
(327, 55, 34),
(328, 55, 4),
(329, 56, 5),
(330, 56, 16),
(331, 56, 30),
(332, 56, 22),
(333, 56, 33),
(334, 56, 21),
(335, 56, 29),
(336, 56, 38),
(337, 56, 27),
(338, 56, 40),
(339, 56, 31),
(340, 56, 25),
(341, 57, 1),
(342, 57, 2),
(343, 58, 3),
(344, 58, 10),
(345, 58, 15),
(346, 58, 19),
(347, 58, 11),
(348, 59, 2),
(349, 59, 1),
(350, 60, 18),
(351, 60, 7),
(352, 60, 37),
(353, 60, 14),
(354, 60, 26),
(355, 60, 35),
(356, 61, 22),
(357, 61, 40),
(358, 61, 5),
(359, 61, 16),
(360, 61, 29),
(361, 61, 27),
(362, 61, 21),
(363, 61, 25),
(364, 61, 38),
(365, 61, 33),
(366, 61, 30),
(367, 61, 31),
(368, 62, 6),
(369, 62, 9),
(370, 62, 39),
(371, 62, 24),
(372, 62, 36),
(373, 62, 17),
(374, 63, 26),
(375, 63, 18),
(376, 63, 7),
(377, 63, 37),
(378, 63, 35),
(379, 63, 14),
(380, 64, 39),
(381, 64, 6),
(382, 64, 17),
(383, 64, 36),
(384, 64, 9),
(385, 64, 24),
(386, 65, 12),
(387, 65, 34),
(388, 65, 28),
(389, 65, 23),
(390, 65, 32),
(391, 65, 13),
(392, 65, 20),
(393, 65, 8),
(394, 65, 4),
(395, 66, 1),
(396, 66, 2),
(397, 67, 18),
(398, 67, 35),
(399, 67, 37),
(400, 67, 26),
(401, 67, 7),
(402, 67, 14),
(403, 68, 16),
(404, 68, 25),
(405, 68, 33),
(406, 68, 22),
(407, 68, 38),
(408, 68, 31),
(409, 68, 30),
(410, 68, 40),
(411, 68, 5),
(412, 68, 29),
(413, 68, 27),
(414, 68, 21),
(415, 69, 11),
(416, 69, 10),
(417, 69, 15),
(418, 69, 19),
(419, 69, 3),
(420, 70, 37),
(421, 70, 35),
(422, 70, 14),
(423, 70, 7),
(424, 70, 26),
(425, 70, 18),
(426, 71, 24),
(427, 71, 17),
(428, 71, 39),
(429, 71, 6),
(430, 71, 9),
(431, 71, 36),
(432, 72, 25),
(433, 72, 33),
(434, 72, 38),
(435, 72, 22),
(436, 72, 31),
(437, 72, 27),
(438, 72, 16),
(439, 72, 30),
(440, 72, 21),
(441, 72, 5),
(442, 72, 29),
(443, 72, 40),
(444, 73, 1),
(445, 73, 2),
(446, 74, 10),
(447, 74, 11),
(448, 74, 19),
(449, 74, 3),
(450, 74, 15),
(451, 75, 3),
(452, 75, 15),
(453, 75, 10),
(454, 75, 11),
(455, 75, 19),
(456, 76, 9),
(457, 76, 6),
(458, 76, 36),
(459, 76, 24),
(460, 76, 17),
(461, 76, 39),
(462, 77, 11),
(463, 77, 15),
(464, 77, 19),
(465, 77, 3),
(466, 77, 10),
(467, 78, 38),
(468, 78, 30),
(469, 78, 25),
(470, 78, 16),
(471, 78, 33),
(472, 78, 29),
(473, 78, 22),
(474, 78, 5),
(475, 78, 21),
(476, 78, 31),
(477, 78, 40),
(478, 78, 27),
(479, 79, 8),
(480, 79, 23),
(481, 79, 34),
(482, 79, 12),
(483, 79, 4),
(484, 79, 13),
(485, 79, 20),
(486, 79, 32),
(487, 79, 28),
(488, 80, 5),
(489, 80, 16),
(490, 80, 21),
(491, 80, 25),
(492, 80, 30),
(493, 80, 22),
(494, 80, 33),
(495, 80, 27),
(496, 80, 38),
(497, 80, 29),
(498, 80, 40),
(499, 80, 31),
(500, 81, 1),
(501, 81, 2),
(502, 82, 35),
(503, 82, 37),
(504, 82, 7),
(505, 82, 14),
(506, 82, 18),
(507, 82, 26),
(508, 83, 1),
(509, 83, 2),
(510, 84, 35),
(511, 84, 18),
(512, 84, 37),
(513, 84, 26),
(514, 84, 7),
(515, 84, 14),
(516, 85, 9),
(517, 85, 39),
(518, 85, 17),
(519, 85, 36),
(520, 85, 6),
(521, 85, 24),
(522, 86, 28),
(523, 86, 13),
(524, 86, 4),
(525, 86, 23),
(526, 86, 20),
(527, 86, 8),
(528, 86, 32),
(529, 86, 34),
(530, 86, 12),
(531, 87, 6),
(532, 87, 36),
(533, 87, 39),
(534, 87, 9),
(535, 87, 24),
(536, 87, 17),
(537, 88, 26),
(538, 88, 7),
(539, 88, 18),
(540, 88, 35),
(541, 88, 37),
(542, 88, 14),
(543, 89, 14),
(544, 89, 35),
(545, 89, 26),
(546, 89, 18),
(547, 89, 37),
(548, 89, 7),
(549, 90, 14),
(550, 90, 18),
(551, 90, 7),
(552, 90, 37),
(553, 90, 26),
(554, 90, 35),
(555, 91, 37),
(556, 91, 18),
(557, 91, 35),
(558, 91, 7),
(559, 91, 14),
(560, 91, 26),
(561, 92, 3),
(562, 92, 11),
(563, 92, 10),
(564, 92, 19),
(565, 92, 15),
(566, 93, 13),
(567, 93, 34),
(568, 93, 4),
(569, 93, 32),
(570, 93, 8),
(571, 93, 20),
(572, 93, 23),
(573, 93, 28),
(574, 93, 12),
(575, 94, 37),
(576, 94, 18),
(577, 94, 26),
(578, 94, 14),
(579, 94, 7),
(580, 94, 35),
(581, 95, 1),
(582, 95, 2),
(583, 96, 1),
(584, 96, 2),
(585, 97, 1),
(586, 97, 2),
(587, 98, 4),
(588, 98, 34),
(589, 98, 28),
(590, 98, 23),
(591, 98, 32),
(592, 98, 12),
(593, 98, 8),
(594, 98, 20),
(595, 98, 13),
(596, 99, 2),
(597, 99, 1),
(598, 100, 36),
(599, 100, 6),
(600, 100, 17),
(601, 100, 24),
(602, 100, 9),
(603, 100, 39),
(604, 101, 26),
(605, 101, 35),
(606, 101, 7),
(607, 101, 18),
(608, 101, 14),
(609, 101, 37),
(610, 102, 37),
(611, 102, 35),
(612, 102, 18),
(613, 102, 26),
(614, 102, 7),
(615, 102, 14),
(616, 103, 17),
(617, 103, 36),
(618, 103, 9),
(619, 103, 24),
(620, 103, 39),
(621, 103, 6),
(622, 104, 12),
(623, 104, 13),
(624, 104, 32),
(625, 104, 23),
(626, 104, 34),
(627, 104, 4),
(628, 104, 20),
(629, 104, 28),
(630, 104, 8),
(631, 105, 26),
(632, 105, 18),
(633, 105, 7),
(634, 105, 37),
(635, 105, 14),
(636, 105, 35),
(637, 106, 10),
(638, 106, 3),
(639, 106, 15),
(640, 106, 19),
(641, 106, 11),
(642, 107, 37),
(643, 107, 7),
(644, 107, 14),
(645, 107, 35),
(646, 107, 26),
(647, 107, 18),
(648, 108, 9),
(649, 108, 36),
(650, 108, 39),
(651, 108, 24),
(652, 108, 6),
(653, 108, 17),
(654, 109, 24),
(655, 109, 17),
(656, 109, 39),
(657, 109, 6),
(658, 109, 36),
(659, 109, 9),
(660, 110, 3),
(661, 110, 10),
(662, 110, 15),
(663, 110, 19),
(664, 110, 11),
(665, 111, 11),
(666, 111, 19),
(667, 111, 10),
(668, 111, 3),
(669, 111, 15),
(670, 112, 16),
(671, 112, 30),
(672, 112, 40),
(673, 112, 25),
(674, 112, 38),
(675, 112, 22),
(676, 112, 5),
(677, 112, 33),
(678, 112, 29),
(679, 112, 31),
(680, 112, 27),
(681, 112, 21),
(682, 113, 8),
(683, 113, 12),
(684, 113, 32),
(685, 113, 20),
(686, 113, 34),
(687, 113, 13),
(688, 113, 4),
(689, 113, 28),
(690, 113, 23),
(691, 114, 35),
(692, 114, 26),
(693, 114, 14),
(694, 114, 7),
(695, 114, 18),
(696, 114, 37),
(697, 115, 27),
(698, 115, 5),
(699, 115, 31),
(700, 115, 30),
(701, 115, 16),
(702, 115, 40),
(703, 115, 21),
(704, 115, 29),
(705, 115, 38),
(706, 115, 25),
(707, 115, 33),
(708, 115, 22),
(709, 116, 26),
(710, 116, 7),
(711, 116, 18),
(712, 116, 37),
(713, 116, 35),
(714, 116, 14),
(715, 117, 1),
(716, 117, 2),
(717, 118, 35),
(718, 118, 26),
(719, 118, 37),
(720, 118, 18),
(721, 118, 14),
(722, 118, 7),
(723, 119, 20),
(724, 119, 32),
(725, 119, 28),
(726, 119, 4),
(727, 119, 8),
(728, 119, 23),
(729, 119, 12),
(730, 119, 13),
(731, 119, 34),
(732, 120, 8),
(733, 120, 20),
(734, 120, 4),
(735, 120, 13),
(736, 120, 28),
(737, 120, 23),
(738, 120, 34),
(739, 120, 12),
(740, 120, 32),
(741, 121, 2),
(742, 121, 1),
(743, 122, 9),
(744, 122, 6),
(745, 122, 36),
(746, 122, 17),
(747, 122, 24),
(748, 122, 39),
(749, 123, 2),
(750, 123, 1),
(751, 124, 40),
(752, 124, 22),
(753, 124, 21),
(754, 124, 16),
(755, 124, 25),
(756, 124, 27),
(757, 124, 33),
(758, 124, 5),
(759, 124, 38),
(760, 124, 31),
(761, 124, 29),
(762, 124, 30),
(763, 125, 38),
(764, 125, 27),
(765, 125, 22),
(766, 125, 30),
(767, 125, 5),
(768, 125, 31),
(769, 125, 33),
(770, 125, 25),
(771, 125, 21),
(772, 125, 40),
(773, 125, 16),
(774, 125, 29),
(775, 126, 1),
(776, 126, 2),
(777, 127, 28),
(778, 127, 20),
(779, 127, 8),
(780, 127, 13),
(781, 127, 12),
(782, 127, 34),
(783, 127, 23),
(784, 127, 32),
(785, 127, 4),
(786, 128, 40),
(787, 128, 30),
(788, 128, 27),
(789, 128, 22),
(790, 128, 16),
(791, 128, 21),
(792, 128, 29),
(793, 128, 5),
(794, 128, 25),
(795, 128, 31),
(796, 128, 33),
(797, 128, 38),
(798, 129, 7),
(799, 129, 18),
(800, 129, 14),
(801, 129, 35),
(802, 129, 26),
(803, 129, 37),
(804, 130, 17),
(805, 130, 36),
(806, 130, 39),
(807, 130, 9),
(808, 130, 6),
(809, 130, 24),
(810, 131, 2),
(811, 131, 1),
(812, 132, 3),
(813, 132, 19),
(814, 132, 10),
(815, 132, 15),
(816, 132, 11),
(817, 133, 6),
(818, 133, 39),
(819, 133, 24),
(820, 133, 17),
(821, 133, 9),
(822, 133, 36),
(823, 134, 9),
(824, 134, 24),
(825, 134, 36),
(826, 134, 39),
(827, 134, 6),
(828, 134, 17),
(829, 135, 11),
(830, 135, 15),
(831, 135, 19),
(832, 135, 3),
(833, 135, 10),
(834, 136, 10),
(835, 136, 11),
(836, 136, 15),
(837, 136, 3),
(838, 136, 19),
(839, 137, 13),
(840, 137, 8),
(841, 137, 28),
(842, 137, 4),
(843, 137, 12),
(844, 137, 23),
(845, 137, 34),
(846, 137, 20),
(847, 137, 32),
(848, 138, 25),
(849, 138, 30),
(850, 138, 31),
(851, 138, 21),
(852, 138, 33),
(853, 138, 22),
(854, 138, 27),
(855, 138, 29),
(856, 138, 16),
(857, 138, 40),
(858, 138, 38),
(859, 138, 5),
(860, 139, 2),
(861, 139, 1),
(862, 140, 7),
(863, 140, 26),
(864, 140, 37),
(865, 140, 35),
(866, 140, 18),
(867, 140, 14),
(868, 141, 37),
(869, 141, 14),
(870, 141, 18),
(871, 141, 35),
(872, 141, 7),
(873, 141, 26),
(874, 142, 28),
(875, 142, 8),
(876, 142, 4),
(877, 142, 13),
(878, 142, 34),
(879, 142, 32),
(880, 142, 23),
(881, 142, 20),
(882, 142, 12),
(883, 143, 2),
(884, 143, 1),
(885, 144, 18),
(886, 144, 7),
(887, 144, 37),
(888, 144, 14),
(889, 144, 26),
(890, 144, 35),
(891, 145, 34),
(892, 145, 12),
(893, 145, 8),
(894, 145, 32),
(895, 145, 13),
(896, 145, 20),
(897, 145, 23),
(898, 145, 4),
(899, 145, 28),
(900, 146, 34),
(901, 146, 13),
(902, 146, 12),
(903, 146, 28),
(904, 146, 23),
(905, 146, 8),
(906, 146, 20),
(907, 146, 32),
(908, 146, 4),
(909, 147, 1),
(910, 147, 2),
(911, 148, 17),
(912, 148, 9),
(913, 148, 39),
(914, 148, 36),
(915, 148, 6),
(916, 148, 24),
(917, 149, 37),
(918, 149, 14),
(919, 149, 18),
(920, 149, 7),
(921, 149, 35),
(922, 149, 26),
(923, 150, 20),
(924, 150, 34),
(925, 150, 32),
(926, 150, 23),
(927, 150, 4),
(928, 150, 13),
(929, 150, 28),
(930, 150, 8),
(931, 150, 12),
(932, 151, 22),
(933, 151, 25),
(934, 151, 38),
(935, 151, 27),
(936, 151, 40),
(937, 151, 31),
(938, 151, 33),
(939, 151, 21),
(940, 151, 30),
(941, 151, 29),
(942, 151, 16),
(943, 151, 5),
(944, 152, 25),
(945, 152, 22),
(946, 152, 21),
(947, 152, 27),
(948, 152, 16),
(949, 152, 33),
(950, 152, 31),
(951, 152, 29),
(952, 152, 40),
(953, 152, 38),
(954, 152, 30),
(955, 152, 5),
(956, 153, 1),
(957, 153, 2),
(958, 154, 21),
(959, 154, 27),
(960, 154, 22),
(961, 154, 30),
(962, 154, 38),
(963, 154, 31),
(964, 154, 25),
(965, 154, 5),
(966, 154, 16),
(967, 154, 33),
(968, 154, 40),
(969, 154, 29),
(970, 155, 14),
(971, 155, 18),
(972, 155, 35),
(973, 155, 7),
(974, 155, 37),
(975, 155, 26),
(976, 156, 39),
(977, 156, 17),
(978, 156, 9),
(979, 156, 6),
(980, 156, 24),
(981, 156, 36),
(982, 157, 35),
(983, 157, 7),
(984, 157, 37),
(985, 157, 26),
(986, 157, 18),
(987, 157, 14),
(988, 158, 10),
(989, 158, 19),
(990, 158, 11),
(991, 158, 3),
(992, 158, 15),
(993, 159, 26),
(994, 159, 7),
(995, 159, 14),
(996, 159, 37),
(997, 159, 35),
(998, 159, 18),
(999, 160, 4),
(1000, 160, 28),
(1001, 160, 34),
(1002, 160, 8),
(1003, 160, 20),
(1004, 160, 12),
(1005, 160, 32),
(1006, 160, 13),
(1007, 160, 23),
(1008, 161, 14),
(1009, 161, 18),
(1010, 161, 37),
(1011, 161, 26),
(1012, 161, 35),
(1013, 161, 7),
(1014, 162, 15),
(1015, 162, 11),
(1016, 162, 3),
(1017, 162, 19),
(1018, 162, 10),
(1019, 163, 18),
(1020, 163, 37),
(1021, 163, 14),
(1022, 163, 26),
(1023, 163, 35),
(1024, 163, 7),
(1025, 164, 14),
(1026, 164, 7),
(1027, 164, 35),
(1028, 164, 26),
(1029, 164, 37),
(1030, 164, 18),
(1031, 165, 14),
(1032, 165, 26),
(1033, 165, 37),
(1034, 165, 7),
(1035, 165, 18),
(1036, 165, 35),
(1037, 166, 3),
(1038, 166, 19),
(1039, 166, 10),
(1040, 166, 15),
(1041, 166, 11),
(1042, 167, 34),
(1043, 167, 20),
(1044, 167, 8),
(1045, 167, 23),
(1046, 167, 4),
(1047, 167, 32),
(1048, 167, 13),
(1049, 167, 28),
(1050, 167, 12),
(1051, 168, 23),
(1052, 168, 8),
(1053, 168, 32),
(1054, 168, 12),
(1055, 168, 13),
(1056, 168, 4),
(1057, 168, 20),
(1058, 168, 34),
(1059, 168, 28),
(1060, 169, 16),
(1061, 169, 27),
(1062, 169, 5),
(1063, 169, 21),
(1064, 169, 25),
(1065, 169, 29),
(1066, 169, 31),
(1067, 169, 33),
(1068, 169, 38),
(1069, 169, 30),
(1070, 169, 40),
(1071, 169, 22),
(1072, 170, 24),
(1073, 170, 36),
(1074, 170, 6),
(1075, 170, 39),
(1076, 170, 17),
(1077, 170, 9),
(1078, 171, 38),
(1079, 171, 16),
(1080, 171, 29),
(1081, 171, 5),
(1082, 171, 25),
(1083, 171, 31),
(1084, 171, 33),
(1085, 171, 30),
(1086, 171, 27),
(1087, 171, 22),
(1088, 171, 21),
(1089, 171, 40),
(1090, 172, 22),
(1091, 172, 33),
(1092, 172, 16),
(1093, 172, 25),
(1094, 172, 5),
(1095, 172, 21),
(1096, 172, 30),
(1097, 172, 27),
(1098, 172, 31),
(1099, 172, 40),
(1100, 172, 29),
(1101, 172, 38),
(1102, 173, 31),
(1103, 173, 5),
(1104, 173, 40),
(1105, 173, 21),
(1106, 173, 29),
(1107, 173, 33),
(1108, 173, 38),
(1109, 173, 27),
(1110, 173, 16),
(1111, 173, 22),
(1112, 173, 25),
(1113, 173, 30),
(1114, 174, 20),
(1115, 174, 8),
(1116, 174, 12),
(1117, 174, 28),
(1118, 174, 13),
(1119, 174, 4),
(1120, 174, 34),
(1121, 174, 32),
(1122, 174, 23),
(1123, 175, 10),
(1124, 175, 19),
(1125, 175, 3),
(1126, 175, 15),
(1127, 175, 11),
(1128, 176, 2),
(1129, 176, 1),
(1130, 177, 29),
(1131, 177, 21),
(1132, 177, 27),
(1133, 177, 25),
(1134, 177, 40),
(1135, 177, 22),
(1136, 177, 16),
(1137, 177, 38),
(1138, 177, 31),
(1139, 177, 30),
(1140, 177, 5),
(1141, 177, 33),
(1142, 178, 10),
(1143, 178, 19),
(1144, 178, 15),
(1145, 178, 11),
(1146, 178, 3),
(1147, 179, 29),
(1148, 179, 5),
(1149, 179, 31),
(1150, 179, 27),
(1151, 179, 25),
(1152, 179, 22),
(1153, 179, 38),
(1154, 179, 40),
(1155, 179, 33),
(1156, 179, 16),
(1157, 179, 30),
(1158, 179, 21),
(1159, 180, 16),
(1160, 180, 29),
(1161, 180, 33),
(1162, 180, 40),
(1163, 180, 22),
(1164, 180, 38),
(1165, 180, 21),
(1166, 180, 25),
(1167, 180, 31),
(1168, 180, 27),
(1169, 180, 5),
(1170, 180, 30),
(1171, 181, 2),
(1172, 181, 1),
(1173, 182, 22),
(1174, 182, 27),
(1175, 182, 25),
(1176, 182, 31),
(1177, 182, 30),
(1178, 182, 5),
(1179, 182, 38),
(1180, 182, 21),
(1181, 182, 40),
(1182, 182, 29),
(1183, 182, 16),
(1184, 182, 33),
(1185, 183, 36),
(1186, 183, 24),
(1187, 183, 9),
(1188, 183, 39),
(1189, 183, 6),
(1190, 183, 17),
(1191, 184, 24),
(1192, 184, 17),
(1193, 184, 9),
(1194, 184, 39),
(1195, 184, 6),
(1196, 184, 36),
(1197, 185, 1),
(1198, 185, 2),
(1199, 186, 22),
(1200, 186, 21),
(1201, 186, 29),
(1202, 186, 33),
(1203, 186, 16),
(1204, 186, 5),
(1205, 186, 30),
(1206, 186, 27),
(1207, 186, 40),
(1208, 186, 31),
(1209, 186, 25),
(1210, 186, 38),
(1211, 187, 6),
(1212, 187, 36),
(1213, 187, 17),
(1214, 187, 9),
(1215, 187, 24),
(1216, 187, 39),
(1217, 188, 19),
(1218, 188, 15),
(1219, 188, 3),
(1220, 188, 10),
(1221, 188, 11),
(1222, 189, 2),
(1223, 189, 1),
(1224, 190, 2),
(1225, 190, 1),
(1226, 191, 18),
(1227, 191, 14),
(1228, 191, 35),
(1229, 191, 7),
(1230, 191, 26),
(1231, 191, 37),
(1232, 192, 11),
(1233, 192, 10),
(1234, 192, 15),
(1235, 192, 3),
(1236, 192, 19),
(1237, 193, 36),
(1238, 193, 24),
(1239, 193, 9),
(1240, 193, 17),
(1241, 193, 6),
(1242, 193, 39),
(1243, 194, 1),
(1244, 194, 2),
(1245, 195, 1),
(1246, 195, 2),
(1247, 196, 1),
(1248, 196, 2),
(1249, 197, 31),
(1250, 197, 40),
(1251, 197, 25),
(1252, 197, 33),
(1253, 197, 29),
(1254, 197, 38),
(1255, 197, 16),
(1256, 197, 22),
(1257, 197, 5),
(1258, 197, 30),
(1259, 197, 21),
(1260, 197, 27),
(1261, 198, 33),
(1262, 198, 5),
(1263, 198, 38),
(1264, 198, 30),
(1265, 198, 27),
(1266, 198, 31),
(1267, 198, 21),
(1268, 198, 22),
(1269, 198, 25),
(1270, 198, 29),
(1271, 198, 16),
(1272, 198, 40),
(1273, 199, 18),
(1274, 199, 7),
(1275, 199, 14),
(1276, 199, 35),
(1277, 199, 37),
(1278, 199, 26),
(1279, 200, 26),
(1280, 200, 35),
(1281, 200, 7),
(1282, 200, 18),
(1283, 200, 37),
(1284, 200, 14),
(1285, 201, 15),
(1286, 201, 10),
(1287, 201, 3),
(1288, 201, 19),
(1289, 201, 11),
(1290, 202, 2),
(1291, 202, 1),
(1292, 203, 8),
(1293, 203, 32),
(1294, 203, 13),
(1295, 203, 23),
(1296, 203, 20),
(1297, 203, 12),
(1298, 203, 4),
(1299, 203, 34),
(1300, 203, 28),
(1301, 204, 6),
(1302, 204, 39),
(1303, 204, 17),
(1304, 204, 36),
(1305, 204, 9),
(1306, 204, 24),
(1307, 205, 20),
(1308, 205, 4),
(1309, 205, 34),
(1310, 205, 12),
(1311, 205, 8),
(1312, 205, 32),
(1313, 205, 23),
(1314, 205, 28),
(1315, 205, 13),
(1316, 206, 40),
(1317, 206, 16),
(1318, 206, 33),
(1319, 206, 22),
(1320, 206, 29),
(1321, 206, 5),
(1322, 206, 38),
(1323, 206, 25),
(1324, 206, 31),
(1325, 206, 27),
(1326, 206, 21),
(1327, 206, 30),
(1328, 207, 38),
(1329, 207, 33),
(1330, 207, 27),
(1331, 207, 31),
(1332, 207, 40),
(1333, 207, 21),
(1334, 207, 16),
(1335, 207, 22),
(1336, 207, 30),
(1337, 207, 25),
(1338, 207, 29),
(1339, 207, 5),
(1340, 208, 4),
(1341, 208, 20),
(1342, 208, 8),
(1343, 208, 32),
(1344, 208, 13),
(1345, 208, 34),
(1346, 208, 23),
(1347, 208, 12),
(1348, 208, 28),
(1349, 209, 19),
(1350, 209, 15),
(1351, 209, 10),
(1352, 209, 11),
(1353, 209, 3),
(1354, 210, 16),
(1355, 210, 38),
(1356, 210, 22),
(1357, 210, 30),
(1358, 210, 29),
(1359, 210, 21),
(1360, 210, 31),
(1361, 210, 27),
(1362, 210, 5),
(1363, 210, 33),
(1364, 210, 25),
(1365, 210, 40),
(1366, 211, 4),
(1367, 211, 34),
(1368, 211, 32),
(1369, 211, 20),
(1370, 211, 8),
(1371, 211, 13),
(1372, 211, 28),
(1373, 211, 23),
(1374, 211, 12),
(1375, 212, 10),
(1376, 212, 11),
(1377, 212, 19),
(1378, 212, 3),
(1379, 212, 15),
(1380, 213, 1),
(1381, 213, 2),
(1382, 214, 17),
(1383, 214, 39),
(1384, 214, 6),
(1385, 214, 36),
(1386, 214, 9),
(1387, 214, 24),
(1388, 215, 19),
(1389, 215, 3),
(1390, 215, 10),
(1391, 215, 11),
(1392, 215, 15),
(1393, 216, 19),
(1394, 216, 11),
(1395, 216, 15),
(1396, 216, 10),
(1397, 216, 3),
(1398, 217, 19),
(1399, 217, 11),
(1400, 217, 10),
(1401, 217, 3),
(1402, 217, 15),
(1403, 218, 2),
(1404, 218, 1),
(1405, 219, 15),
(1406, 219, 11),
(1407, 219, 3),
(1408, 219, 19),
(1409, 219, 10),
(1410, 220, 22),
(1411, 220, 21),
(1412, 220, 16),
(1413, 220, 40),
(1414, 220, 5),
(1415, 220, 29),
(1416, 220, 38),
(1417, 220, 30),
(1418, 220, 31),
(1419, 220, 33),
(1420, 220, 27),
(1421, 220, 25),
(1422, 221, 14),
(1423, 221, 7),
(1424, 221, 18),
(1425, 221, 26),
(1426, 221, 35),
(1427, 221, 37),
(1428, 222, 2),
(1429, 222, 1),
(1430, 223, 2),
(1431, 223, 1),
(1432, 224, 15),
(1433, 224, 3),
(1434, 224, 11),
(1435, 224, 19),
(1436, 224, 10),
(1437, 225, 24),
(1438, 225, 36),
(1439, 225, 9),
(1440, 225, 39),
(1441, 225, 17),
(1442, 225, 6),
(1443, 226, 19),
(1444, 226, 10),
(1445, 226, 3),
(1446, 226, 15),
(1447, 226, 11),
(1448, 227, 2),
(1449, 227, 1),
(1450, 228, 32),
(1451, 228, 34),
(1452, 228, 13),
(1453, 228, 4),
(1454, 228, 23),
(1455, 228, 8),
(1456, 228, 12),
(1457, 228, 20),
(1458, 228, 28),
(1459, 229, 15),
(1460, 229, 19),
(1461, 229, 11),
(1462, 229, 10),
(1463, 229, 3),
(1464, 230, 39),
(1465, 230, 9),
(1466, 230, 36),
(1467, 230, 6),
(1468, 230, 17),
(1469, 230, 24),
(1470, 231, 21),
(1471, 231, 38),
(1472, 231, 31),
(1473, 231, 22),
(1474, 231, 33),
(1475, 231, 29),
(1476, 231, 25),
(1477, 231, 40),
(1478, 231, 30),
(1479, 231, 16),
(1480, 231, 27),
(1481, 231, 5),
(1482, 232, 12),
(1483, 232, 13),
(1484, 232, 23),
(1485, 232, 32),
(1486, 232, 28),
(1487, 232, 34),
(1488, 232, 8),
(1489, 232, 4),
(1490, 232, 20),
(1491, 233, 37),
(1492, 233, 18),
(1493, 233, 14),
(1494, 233, 26),
(1495, 233, 35),
(1496, 233, 7),
(1497, 234, 19),
(1498, 234, 15),
(1499, 234, 10),
(1500, 234, 3),
(1501, 234, 11),
(1502, 235, 1),
(1503, 235, 2),
(1504, 236, 33),
(1505, 236, 16),
(1506, 236, 5),
(1507, 236, 21),
(1508, 236, 31),
(1509, 236, 25),
(1510, 236, 27),
(1511, 236, 30),
(1512, 236, 22),
(1513, 236, 38),
(1514, 236, 40),
(1515, 236, 29),
(1516, 237, 3),
(1517, 237, 19),
(1518, 237, 10),
(1519, 237, 15),
(1520, 237, 11),
(1521, 238, 15),
(1522, 238, 3),
(1523, 238, 10),
(1524, 238, 11),
(1525, 238, 19),
(1526, 239, 2),
(1527, 239, 1),
(1528, 240, 34),
(1529, 240, 32),
(1530, 240, 12),
(1531, 240, 8),
(1532, 240, 23),
(1533, 240, 13),
(1534, 240, 28),
(1535, 240, 4),
(1536, 240, 20),
(1537, 241, 38),
(1538, 241, 30),
(1539, 241, 16),
(1540, 241, 5),
(1541, 241, 40),
(1542, 241, 21),
(1543, 241, 27),
(1544, 241, 22),
(1545, 241, 33),
(1546, 241, 25),
(1547, 241, 31),
(1548, 241, 29),
(1549, 242, 22),
(1550, 242, 21),
(1551, 242, 27),
(1552, 242, 31),
(1553, 242, 33),
(1554, 242, 30),
(1555, 242, 29),
(1556, 242, 5),
(1557, 242, 40),
(1558, 242, 38),
(1559, 242, 16),
(1560, 242, 25),
(1561, 243, 35),
(1562, 243, 7),
(1563, 243, 37),
(1564, 243, 14),
(1565, 243, 26),
(1566, 243, 18),
(1567, 244, 26),
(1568, 244, 7),
(1569, 244, 37),
(1570, 244, 18),
(1571, 244, 14),
(1572, 244, 35),
(1573, 245, 31),
(1574, 245, 30),
(1575, 245, 21),
(1576, 245, 22),
(1577, 245, 5),
(1578, 245, 16),
(1579, 245, 38),
(1580, 245, 27),
(1581, 245, 33),
(1582, 245, 40),
(1583, 245, 29),
(1584, 245, 25),
(1585, 246, 1),
(1586, 246, 2),
(1587, 247, 3),
(1588, 247, 11),
(1589, 247, 15),
(1590, 247, 19),
(1591, 247, 10),
(1592, 248, 2),
(1593, 248, 1),
(1594, 249, 9),
(1595, 249, 6),
(1596, 249, 24),
(1597, 249, 39),
(1598, 249, 36),
(1599, 249, 17),
(1600, 250, 35),
(1601, 250, 7),
(1602, 250, 37),
(1603, 250, 18),
(1604, 250, 26),
(1605, 250, 14),
(1606, 251, 19),
(1607, 251, 11),
(1608, 251, 3),
(1609, 251, 15),
(1610, 251, 10),
(1611, 252, 19),
(1612, 252, 10),
(1613, 252, 15),
(1614, 252, 11),
(1615, 252, 3),
(1616, 253, 10),
(1617, 253, 19),
(1618, 253, 11),
(1619, 253, 3),
(1620, 253, 15),
(1621, 254, 15),
(1622, 254, 10),
(1623, 254, 3),
(1624, 254, 11),
(1625, 254, 19),
(1626, 255, 15),
(1627, 255, 3),
(1628, 255, 19),
(1629, 255, 11),
(1630, 255, 10),
(1631, 256, 34),
(1632, 256, 28),
(1633, 256, 23),
(1634, 256, 12),
(1635, 256, 32),
(1636, 256, 20),
(1637, 256, 4),
(1638, 256, 8),
(1639, 256, 13),
(1640, 257, 20),
(1641, 257, 28),
(1642, 257, 4),
(1643, 257, 8),
(1644, 257, 23),
(1645, 257, 34),
(1646, 257, 32),
(1647, 257, 12),
(1648, 257, 13),
(1649, 258, 2),
(1650, 258, 1),
(1651, 259, 24),
(1652, 259, 6),
(1653, 259, 17),
(1654, 259, 9),
(1655, 259, 39),
(1656, 259, 36),
(1657, 260, 20),
(1658, 260, 8),
(1659, 260, 13),
(1660, 260, 28),
(1661, 260, 4),
(1662, 260, 23),
(1663, 260, 32),
(1664, 260, 12),
(1665, 260, 34),
(1666, 261, 26),
(1667, 261, 35),
(1668, 261, 7),
(1669, 261, 37),
(1670, 261, 18),
(1671, 261, 14),
(1672, 262, 23),
(1673, 262, 28),
(1674, 262, 34),
(1675, 262, 12),
(1676, 262, 32),
(1677, 262, 4),
(1678, 262, 13),
(1679, 262, 20),
(1680, 262, 8),
(1681, 263, 15),
(1682, 263, 11),
(1683, 263, 3),
(1684, 263, 10),
(1685, 263, 19),
(1686, 264, 6),
(1687, 264, 39),
(1688, 264, 36),
(1689, 264, 24),
(1690, 264, 9),
(1691, 264, 17),
(1692, 265, 16),
(1693, 265, 5),
(1694, 265, 27),
(1695, 265, 40),
(1696, 265, 31),
(1697, 265, 25),
(1698, 265, 33),
(1699, 265, 21),
(1700, 265, 38),
(1701, 265, 22),
(1702, 265, 30),
(1703, 265, 29),
(1704, 266, 5),
(1705, 266, 16),
(1706, 266, 21),
(1707, 266, 25),
(1708, 266, 29),
(1709, 266, 27),
(1710, 266, 22),
(1711, 266, 30),
(1712, 266, 38),
(1713, 266, 40),
(1714, 266, 33),
(1715, 266, 31),
(1716, 267, 36),
(1717, 267, 39),
(1718, 267, 24),
(1719, 267, 17),
(1720, 267, 9),
(1721, 267, 6),
(1722, 268, 8),
(1723, 268, 32),
(1724, 268, 13),
(1725, 268, 28),
(1726, 268, 20),
(1727, 268, 12),
(1728, 268, 34),
(1729, 268, 4),
(1730, 268, 23),
(1731, 269, 1),
(1732, 269, 2),
(1733, 270, 28),
(1734, 270, 32),
(1735, 270, 12),
(1736, 270, 13),
(1737, 270, 34),
(1738, 270, 20),
(1739, 270, 8),
(1740, 270, 4),
(1741, 270, 23),
(1742, 271, 34),
(1743, 271, 28),
(1744, 271, 13),
(1745, 271, 4),
(1746, 271, 8),
(1747, 271, 23),
(1748, 271, 20),
(1749, 271, 32),
(1750, 271, 12),
(1751, 272, 3),
(1752, 272, 19),
(1753, 272, 15),
(1754, 272, 10),
(1755, 272, 11),
(1756, 273, 29),
(1757, 273, 25),
(1758, 273, 22),
(1759, 273, 31),
(1760, 273, 16),
(1761, 273, 38),
(1762, 273, 5),
(1763, 273, 33),
(1764, 273, 21),
(1765, 273, 40),
(1766, 273, 27),
(1767, 273, 30),
(1768, 274, 24),
(1769, 274, 6),
(1770, 274, 17),
(1771, 274, 36),
(1772, 274, 39),
(1773, 274, 9),
(1774, 275, 31),
(1775, 275, 27),
(1776, 275, 22),
(1777, 275, 29),
(1778, 275, 30),
(1779, 275, 33),
(1780, 275, 21),
(1781, 275, 38),
(1782, 275, 40),
(1783, 275, 16),
(1784, 275, 5),
(1785, 275, 25),
(1786, 276, 9),
(1787, 276, 36),
(1788, 276, 39),
(1789, 276, 17),
(1790, 276, 6),
(1791, 276, 24),
(1792, 277, 20),
(1793, 277, 4),
(1794, 277, 13),
(1795, 277, 28),
(1796, 277, 32),
(1797, 277, 23),
(1798, 277, 12),
(1799, 277, 8),
(1800, 277, 34),
(1801, 278, 12),
(1802, 278, 13),
(1803, 278, 34),
(1804, 278, 32),
(1805, 278, 8),
(1806, 278, 28),
(1807, 278, 20),
(1808, 278, 4),
(1809, 278, 23),
(1810, 279, 1),
(1811, 279, 2),
(1812, 280, 28),
(1813, 280, 4),
(1814, 280, 23),
(1815, 280, 12),
(1816, 280, 8),
(1817, 280, 32),
(1818, 280, 20),
(1819, 280, 13),
(1820, 280, 34),
(1821, 281, 5),
(1822, 281, 40),
(1823, 281, 16),
(1824, 281, 31),
(1825, 281, 25),
(1826, 281, 38),
(1827, 281, 29),
(1828, 281, 21),
(1829, 281, 27),
(1830, 281, 30),
(1831, 281, 33),
(1832, 281, 22),
(1833, 282, 10),
(1834, 282, 15),
(1835, 282, 3),
(1836, 282, 11),
(1837, 282, 19),
(1838, 283, 15),
(1839, 283, 3),
(1840, 283, 11),
(1841, 283, 19),
(1842, 283, 10),
(1843, 284, 21),
(1844, 284, 33),
(1845, 284, 25),
(1846, 284, 40),
(1847, 284, 22),
(1848, 284, 38),
(1849, 284, 16),
(1850, 284, 27),
(1851, 284, 29),
(1852, 284, 30),
(1853, 284, 5),
(1854, 284, 31),
(1855, 285, 2),
(1856, 285, 1),
(1857, 286, 9),
(1858, 286, 6),
(1859, 286, 36),
(1860, 286, 39),
(1861, 286, 24),
(1862, 286, 17),
(1863, 287, 30),
(1864, 287, 16),
(1865, 287, 40),
(1866, 287, 5),
(1867, 287, 38),
(1868, 287, 31),
(1869, 287, 21),
(1870, 287, 22),
(1871, 287, 25),
(1872, 287, 33),
(1873, 287, 27),
(1874, 287, 29),
(1875, 288, 10),
(1876, 288, 11),
(1877, 288, 15),
(1878, 288, 19),
(1879, 288, 3),
(1880, 289, 35),
(1881, 289, 14),
(1882, 289, 18),
(1883, 289, 7),
(1884, 289, 37),
(1885, 289, 26),
(1886, 290, 37),
(1887, 290, 26),
(1888, 290, 35),
(1889, 290, 7),
(1890, 290, 18),
(1891, 290, 14),
(1892, 291, 34),
(1893, 291, 12),
(1894, 291, 32),
(1895, 291, 8),
(1896, 291, 4),
(1897, 291, 28),
(1898, 291, 20),
(1899, 291, 13),
(1900, 291, 23),
(1901, 292, 13),
(1902, 292, 20),
(1903, 292, 4),
(1904, 292, 12),
(1905, 292, 32),
(1906, 292, 8),
(1907, 292, 28),
(1908, 292, 23),
(1909, 292, 34),
(1910, 293, 18),
(1911, 293, 14),
(1912, 293, 7),
(1913, 293, 35),
(1914, 293, 37),
(1915, 293, 26),
(1916, 294, 21),
(1917, 294, 33),
(1918, 294, 30),
(1919, 294, 27),
(1920, 294, 16),
(1921, 294, 25),
(1922, 294, 40),
(1923, 294, 38),
(1924, 294, 31),
(1925, 294, 29),
(1926, 294, 22),
(1927, 294, 5),
(1928, 295, 14),
(1929, 295, 35),
(1930, 295, 37),
(1931, 295, 26),
(1932, 295, 18),
(1933, 295, 7),
(1934, 296, 2),
(1935, 296, 1),
(1936, 297, 26),
(1937, 297, 35),
(1938, 297, 18),
(1939, 297, 7),
(1940, 297, 37),
(1941, 297, 14),
(1942, 298, 15),
(1943, 298, 11),
(1944, 298, 10),
(1945, 298, 3),
(1946, 298, 19),
(1947, 299, 28),
(1948, 299, 4),
(1949, 299, 32),
(1950, 299, 8),
(1951, 299, 13),
(1952, 299, 34),
(1953, 299, 12),
(1954, 299, 20),
(1955, 299, 23),
(1956, 300, 23),
(1957, 300, 20),
(1958, 300, 8),
(1959, 300, 13),
(1960, 300, 4),
(1961, 300, 12),
(1962, 300, 34),
(1963, 300, 32),
(1964, 300, 28);

-- --------------------------------------------------------

--
-- Table structure for table `failed_jobs`
--

CREATE TABLE `failed_jobs` (
  `id` bigint(20) UNSIGNED NOT NULL,
  `connection` text COLLATE utf8_unicode_ci NOT NULL,
  `queue` text COLLATE utf8_unicode_ci NOT NULL,
  `payload` longtext COLLATE utf8_unicode_ci NOT NULL,
  `exception` longtext COLLATE utf8_unicode_ci NOT NULL,
  `failed_at` timestamp NOT NULL DEFAULT current_timestamp()
) ENGINE=InnoDB DEFAULT CHARSET=utf8 COLLATE=utf8_unicode_ci;

-- --------------------------------------------------------

--
-- Table structure for table `migrations`
--

CREATE TABLE `migrations` (
  `id` int(10) UNSIGNED NOT NULL,
  `migration` varchar(255) COLLATE utf8mb4_unicode_ci NOT NULL,
  `batch` int(11) NOT NULL
) ENGINE=InnoDB DEFAULT CHARSET=utf8mb4 COLLATE=utf8mb4_unicode_ci;

--
-- Dumping data for table `migrations`
--

INSERT INTO `migrations` (`id`, `migration`, `batch`) VALUES
(1, '2014_10_12_000000_create_users_table', 1),
(2, '2014_10_12_100000_create_password_resets_table', 1),
(3, '2019_08_19_000000_create_failed_jobs_table', 1),
(4, '2020_02_20_180302_create_permission_tables', 1),
(5, '2020_02_22_070025_create_test_subjects_table', 1),
(6, '2020_02_22_070742_create_tests_table', 1),
(7, '2020_02_22_071634_create_questions_table', 1),
(8, '2020_02_22_072544_create_test_composite_table', 1),
(9, '2020_02_22_073712_create_answer_options_table', 1),
(10, '2020_02_22_074607_create_test_results_table', 1),
(11, '2020_02_22_080043_create_full_name_to_users_table', 1),
(12, '2020_02_22_081409_create_asked_questions_table', 1),
(13, '2020_02_22_082021_create_answers_table', 1),
(14, '2020_02_25_151616_create_administrators_table', 1),
(15, '2020_02_27_095528_append_password_changed_flag_on_users_table', 1),
(16, '2020_02_29_084825_create_student_groups_table', 1),
(17, '2020_02_29_085312_append_group_id_on_users_table', 1),
(18, '2020_03_15_213116_add_public_name_on_permissions_table', 1),
(19, '2020_03_15_214421_add_public_name_on_roles_table', 1),
(20, '2020_04_01_144350_add_created_by_to_student_groups_table', 1),
(21, '2020_04_14_053210_change_email_size_on_administrators_table', 1),
(22, '2020_04_14_054739_change_email_size_on_users_table', 1),
(23, '2020_04_24_182336_add_created_by_field_on_tests_table', 1);

-- --------------------------------------------------------

--
-- Table structure for table `model_has_permissions`
--

CREATE TABLE `model_has_permissions` (
  `permission_id` bigint(20) UNSIGNED NOT NULL,
  `model_type` varchar(255) COLLATE utf8mb4_unicode_ci NOT NULL,
  `model_id` bigint(20) UNSIGNED NOT NULL
) ENGINE=InnoDB DEFAULT CHARSET=utf8mb4 COLLATE=utf8mb4_unicode_ci;

-- --------------------------------------------------------

--
-- Table structure for table `model_has_roles`
--

CREATE TABLE `model_has_roles` (
  `role_id` bigint(20) UNSIGNED NOT NULL,
  `model_type` varchar(255) COLLATE utf8mb4_unicode_ci NOT NULL,
  `model_id` bigint(20) UNSIGNED NOT NULL
) ENGINE=InnoDB DEFAULT CHARSET=utf8mb4 COLLATE=utf8mb4_unicode_ci;

--
-- Dumping data for table `model_has_roles`
--

INSERT INTO `model_has_roles` (`role_id`, `model_type`, `model_id`) VALUES
(1, 'App\\Models\\Administrator', 1),
(1, 'App\\Models\\Administrator', 2),
(2, 'App\\Models\\Administrator', 3),
(3, 'App\\Models\\Administrator', 4);

-- --------------------------------------------------------

--
-- Table structure for table `password_resets`
--

CREATE TABLE `password_resets` (
  `email` varchar(255) COLLATE utf8_unicode_ci NOT NULL,
  `token` varchar(255) COLLATE utf8_unicode_ci NOT NULL,
  `created_at` timestamp NULL DEFAULT NULL
) ENGINE=InnoDB DEFAULT CHARSET=utf8 COLLATE=utf8_unicode_ci;

-- --------------------------------------------------------

--
-- Table structure for table `permissions`
--

CREATE TABLE `permissions` (
  `id` bigint(20) UNSIGNED NOT NULL,
  `name` varchar(255) COLLATE utf8mb4_unicode_ci NOT NULL,
  `public_name` varchar(255) COLLATE utf8mb4_unicode_ci NOT NULL,
  `guard_name` varchar(255) COLLATE utf8mb4_unicode_ci NOT NULL,
  `created_at` timestamp NULL DEFAULT NULL,
  `updated_at` timestamp NULL DEFAULT NULL
) ENGINE=InnoDB DEFAULT CHARSET=utf8mb4 COLLATE=utf8mb4_unicode_ci;

--
-- Dumping data for table `permissions`
--

INSERT INTO `permissions` (`id`, `name`, `public_name`, `guard_name`, `created_at`, `updated_at`) VALUES
(1, 'access-administrators', 'Доступ до управління адміністраторами (пункт меню)', 'admin', '2020-04-25 06:15:22', '2020-04-25 06:15:22'),
(2, 'create-administrators', 'Реєстрація адміністраторів', 'admin', '2020-04-25 06:15:22', '2020-04-25 06:15:22'),
(3, 'view-administrators', 'Перегляд адміністраторів', 'admin', '2020-04-25 06:15:22', '2020-04-25 06:15:22'),
(4, 'update-administrators', 'Редагування адміністраторів', 'admin', '2020-04-25 06:15:22', '2020-04-25 06:15:22'),
(5, 'delete-administrators', 'Видалення адміністраторів', 'admin', '2020-04-25 06:15:22', '2020-04-25 06:15:22'),
(6, 'access-groups', 'Доступ до груп (пункт меню)', 'admin', '2020-04-25 06:15:22', '2020-04-25 06:15:22'),
(7, 'create-groups', 'Створення груп', 'admin', '2020-04-25 06:15:22', '2020-04-25 06:15:22'),
(8, 'view-groups', 'Перегляд груп', 'admin', '2020-04-25 06:15:22', '2020-04-25 06:15:22'),
(9, 'update-groups', 'Налаштування груп', 'admin', '2020-04-25 06:15:22', '2020-04-25 06:15:22'),
(10, 'delete-groups', 'Видалення груп', 'admin', '2020-04-25 06:15:22', '2020-04-25 06:15:22'),
(11, 'create-students', 'Реєстрація студентів', 'admin', '2020-04-25 06:15:22', '2020-04-25 06:15:22'),
(12, 'view-students', 'Перегляд студентів', 'admin', '2020-04-25 06:15:22', '2020-04-25 06:15:22'),
(13, 'update-students', 'Редагування студентів', 'admin', '2020-04-25 06:15:22', '2020-04-25 06:15:22'),
(14, 'delete-students', 'Видалення студенів', 'admin', '2020-04-25 06:15:22', '2020-04-25 06:15:22'),
(15, 'access-subjects', 'Доступ до тестів (пункт меню)', 'admin', '2020-04-25 06:15:22', '2020-04-25 06:15:22'),
(16, 'create-subjects', 'Створення предметів тестування', 'admin', '2020-04-25 06:15:23', '2020-04-25 06:15:23'),
(17, 'view-subjects', 'Перегляд предметів тестування', 'admin', '2020-04-25 06:15:23', '2020-04-25 06:15:23'),
(18, 'update-subjects', 'Налаштування предметів тестування', 'admin', '2020-04-25 06:15:23', '2020-04-25 06:15:23'),
(19, 'delete-subjects', 'Видалення предметів тестування', 'admin', '2020-04-25 06:15:23', '2020-04-25 06:15:23'),
(20, 'create-tests', 'Створення тестів', 'admin', '2020-04-25 06:15:23', '2020-04-25 06:15:23'),
(21, 'view-tests', 'Перегляд тестів', 'admin', '2020-04-25 06:15:23', '2020-04-25 06:15:23'),
(22, 'update-tests', 'Налаштування тестів', 'admin', '2020-04-25 06:15:23', '2020-04-25 06:15:23'),
(23, 'delete-tests', 'Видалення тестів', 'admin', '2020-04-25 06:15:23', '2020-04-25 06:15:23'),
(24, 'view-results', 'Перегляд результатів', 'admin', '2020-04-25 06:15:23', '2020-04-25 06:15:23'),
(25, 'generate-group-statement', 'Створення відомості по групі', 'admin', '2020-04-25 06:15:23', '2020-04-25 06:15:23'),
(26, 'generate-student-statement', 'Створення відомості по студенту', 'admin', '2020-04-25 06:15:23', '2020-04-25 06:15:23');

-- --------------------------------------------------------

--
-- Table structure for table `questions`
--

CREATE TABLE `questions` (
  `id` bigint(20) UNSIGNED NOT NULL,
  `question` varchar(255) COLLATE utf8mb4_unicode_ci NOT NULL,
  `test_id` bigint(20) UNSIGNED NOT NULL,
  `deleted_at` timestamp NULL DEFAULT NULL
) ENGINE=InnoDB DEFAULT CHARSET=utf8mb4 COLLATE=utf8mb4_unicode_ci;

--
-- Dumping data for table `questions`
--

INSERT INTO `questions` (`id`, `question`, `test_id`, `deleted_at`) VALUES
(1, 'Що таке клас?', 1, NULL),
(2, 'Скільки методів може містити клас?', 1, NULL),
(3, 'Далі, товариші, далі, до лісу! -кричав Максим, і над ним?', 4, NULL),
(4, 'Серце твоє пробудиться і заговорить. «Слухай свого серця?', 2, NULL),
(5, 'Тим ліпше!» - говорила вона з таким солодким усміхом, що?', 6, NULL),
(6, 'Ми готові дати вам поміч, якої - зажадаєте,і хлібом, і?', 5, NULL),
(7, 'Чи то для нас земля й ліс. Від віків ми вживали їх аж?', 3, NULL),
(8, 'А тим часом починав собі все те запалювало його гарячу?', 2, NULL),
(9, 'Сонце піднялось уже високо на небі, коли з села, остатні?', 5, NULL),
(10, 'Такої рани замовити не можна. Шлях наш при вашій помочі?', 4, NULL),
(11, 'При вході в долину зовсім не вдоволила й не диво, що під?', 4, NULL),
(12, 'А може, йому удасться як-небудь потішити її, злагодити?', 2, NULL),
(13, 'Їдовитий голос боярина стався при кінці якимсь м\'яким?', 2, NULL),
(14, 'Велика часть громадян пристала на се, і певно, що круто?', 3, NULL),
(15, 'Щоб одному надати велику власть над народом, треба кождій?', 4, NULL),
(16, 'Озеро було під опікою Морани, богині смерті. Але раз?', 6, NULL),
(17, 'Тухольщина, наш рай! сказав Максим, обтираючи о кожух?', 5, NULL),
(18, 'А що ж то я не лишусь! - Лишись! Богом клянусь тобі, що не?', 3, NULL),
(19, 'Там мої товариші лишаться - пильнувати виходу, щоб ані?', 4, NULL),
(20, 'В пору приходиш,сказав Пета,ми дожидали свого союзника?', 2, NULL),
(21, 'Захар утих на хвилю. Його бесіда зробила велике враження?', 6, NULL),
(22, 'Максимом; решта товариства ступала за ними головна сила?', 6, NULL),
(23, 'Мирослава вхопилась за груди і відвернула очі. Тухольські?', 2, NULL),
(24, 'Ніхто не затямив, коли її засаджено і коли вона розрослася?', 5, NULL),
(25, 'Тухольщина, наш рай! сказав Максим, обкидаючи оком долину?', 6, NULL),
(26, 'В тій хвилі зробили те саме. Боярська служба, хоч далеко?', 3, NULL),
(27, 'Русі. Горе громаді, котра добровільно станеться тою раною?', 6, NULL),
(28, 'В одній хвилі зробили те саме. - Чесна громадо,сказав?', 2, NULL),
(29, 'Князь один вільний, а ми його - проводом кинулася бігцем?', 6, NULL),
(30, 'Грім з ясного неба не був в силі спасти їх. Мов розгу-кана?', 6, NULL),
(31, 'А неприхильний засуд, що вирече прогнання боярина з?', 6, NULL),
(32, 'І хоча в цілій розмові ані одним рухом зі свого пальця?', 2, NULL),
(33, 'Раптом медведиця вхопила в передні лапи великий камінь і?', 6, NULL),
(34, 'І чим більші трудності їй прихопилось поборювати, тим?', 2, NULL),
(35, 'Довгий час прожив ти на світі, хоч тут же перед собою?', 3, NULL),
(36, 'Всі стали мов мертві, безладна сумішка - перемінилася на?', 5, NULL),
(37, 'Він біг зразу на чотирьох жердках, зв\'заних угорі докупи?', 3, NULL),
(38, 'Не диво, проте, що, лежачи при тій нагоді він побачить її!?', 6, NULL),
(39, 'З пропадистих, чорних, мов горла безодні, дебрів?', 5, NULL),
(40, 'Боярин лютився на своїм становищі, якраз о яких десять?', 6, NULL);

-- --------------------------------------------------------

--
-- Table structure for table `roles`
--

CREATE TABLE `roles` (
  `id` bigint(20) UNSIGNED NOT NULL,
  `name` varchar(255) COLLATE utf8mb4_unicode_ci NOT NULL,
  `public_name` varchar(255) COLLATE utf8mb4_unicode_ci NOT NULL,
  `guard_name` varchar(255) COLLATE utf8mb4_unicode_ci NOT NULL,
  `created_at` timestamp NULL DEFAULT NULL,
  `updated_at` timestamp NULL DEFAULT NULL
) ENGINE=InnoDB DEFAULT CHARSET=utf8mb4 COLLATE=utf8mb4_unicode_ci;

--
-- Dumping data for table `roles`
--

INSERT INTO `roles` (`id`, `name`, `public_name`, `guard_name`, `created_at`, `updated_at`) VALUES
(1, 'super-admin', 'Адміністратор', 'admin', '2020-04-25 06:15:23', '2020-04-25 06:15:23'),
(2, 'teacher', 'Викладач', 'admin', '2020-04-25 06:15:23', '2020-04-25 06:15:23'),
(3, 'class-monitor', 'Староста', 'admin', '2020-04-25 06:15:23', '2020-04-25 06:15:23');

-- --------------------------------------------------------

--
-- Table structure for table `role_has_permissions`
--

CREATE TABLE `role_has_permissions` (
  `permission_id` bigint(20) UNSIGNED NOT NULL,
  `role_id` bigint(20) UNSIGNED NOT NULL
) ENGINE=InnoDB DEFAULT CHARSET=utf8mb4 COLLATE=utf8mb4_unicode_ci;

--
-- Dumping data for table `role_has_permissions`
--

INSERT INTO `role_has_permissions` (`permission_id`, `role_id`) VALUES
(6, 2),
(6, 3),
(7, 2),
(7, 3),
(8, 2),
(9, 2),
(10, 2),
(11, 2),
(11, 3),
(12, 2),
(13, 2),
(14, 2),
(15, 2),
(16, 2),
(17, 2),
(20, 2),
(21, 2),
(24, 2),
(25, 2),
(26, 2);

-- --------------------------------------------------------

--
-- Table structure for table `student_groups`
--

CREATE TABLE `student_groups` (
  `id` bigint(20) UNSIGNED NOT NULL,
  `created_by` bigint(20) UNSIGNED DEFAULT NULL,
  `name` varchar(32) COLLATE utf8mb4_unicode_ci NOT NULL,
  `uri_alias` varchar(32) COLLATE utf8mb4_unicode_ci NOT NULL,
  `year` int(11) NOT NULL,
  `deleted_at` timestamp NULL DEFAULT NULL
) ENGINE=InnoDB DEFAULT CHARSET=utf8mb4 COLLATE=utf8mb4_unicode_ci;

--
-- Dumping data for table `student_groups`
--

INSERT INTO `student_groups` (`id`, `created_by`, `name`, `uri_alias`, `year`, `deleted_at`) VALUES
(1, NULL, 'ПІ-182', 'example-pi-182', 2018, NULL),
(2, NULL, 'ПІ-171', 'example-pi-171', 2017, NULL),
(3, NULL, 'ПІ-161', 'example-pi-161', 2016, NULL),
(4, NULL, 'ПІ-162', 'example-pi-162', 2016, NULL);

-- --------------------------------------------------------

--
-- Table structure for table `tests`
--

CREATE TABLE `tests` (
  `id` bigint(20) UNSIGNED NOT NULL,
  `created_by` bigint(20) UNSIGNED DEFAULT NULL,
  `name` varchar(128) COLLATE utf8mb4_unicode_ci NOT NULL,
  `uri_alias` varchar(64) COLLATE utf8mb4_unicode_ci NOT NULL,
  `time` smallint(5) UNSIGNED NOT NULL,
  `test_subject_id` bigint(20) UNSIGNED NOT NULL,
  `deleted_at` timestamp NULL DEFAULT NULL
) ENGINE=InnoDB DEFAULT CHARSET=utf8mb4 COLLATE=utf8mb4_unicode_ci;

--
-- Dumping data for table `tests`
--

INSERT INTO `tests` (`id`, `created_by`, `name`, `uri_alias`, `time`, `test_subject_id`, `deleted_at`) VALUES
(1, NULL, 'Інкапсуляція', 'encapsulation', 20, 1, NULL),
(2, NULL, 'Таточку.', 'sint-libero', 12, 2, NULL),
(3, NULL, 'Розпочалась.', 'et-alias', 26, 2, NULL),
(4, NULL, 'Тугар Вовк не.', 'tenetur-tempora', 22, 1, NULL),
(5, NULL, 'Перший забрав.', 'voluptas-nemo-earum', 29, 2, NULL),
(6, NULL, 'Прислухалася.', 'reiciendis-laudantium', 26, 2, NULL);

-- --------------------------------------------------------

--
-- Table structure for table `test_composite`
--

CREATE TABLE `test_composite` (
  `id` bigint(20) UNSIGNED NOT NULL,
  `id_test` bigint(20) UNSIGNED NOT NULL,
  `id_include_test` bigint(20) UNSIGNED NOT NULL,
  `questions_quantity` smallint(5) UNSIGNED NOT NULL
) ENGINE=InnoDB DEFAULT CHARSET=utf8mb4 COLLATE=utf8mb4_unicode_ci;

--
-- Dumping data for table `test_composite`
--

INSERT INTO `test_composite` (`id`, `id_test`, `id_include_test`, `questions_quantity`) VALUES
(1, 1, 1, 999),
(2, 2, 2, 999),
(3, 3, 3, 999),
(4, 4, 4, 999),
(5, 5, 5, 999),
(6, 6, 6, 999);

-- --------------------------------------------------------

--
-- Table structure for table `test_results`
--

CREATE TABLE `test_results` (
  `id` bigint(20) UNSIGNED NOT NULL,
  `test_id` bigint(20) UNSIGNED DEFAULT NULL,
  `user_id` bigint(20) UNSIGNED DEFAULT NULL,
  `created_at` timestamp NOT NULL DEFAULT current_timestamp() ON UPDATE current_timestamp()
) ENGINE=InnoDB DEFAULT CHARSET=utf8mb4 COLLATE=utf8mb4_unicode_ci;

--
-- Dumping data for table `test_results`
--

INSERT INTO `test_results` (`id`, `test_id`, `user_id`, `created_at`) VALUES
(1, 1, 10, '2020-04-25 06:15:38'),
(2, 3, 60, '2020-04-25 06:15:38'),
(3, 4, 78, '2020-04-25 06:15:38'),
(4, 6, 52, '2020-04-25 06:15:38'),
(5, 3, 72, '2020-04-25 06:15:38'),
(6, 5, 11, '2020-04-25 06:15:38'),
(7, 5, 16, '2020-04-25 06:15:38'),
(8, 3, 25, '2020-04-25 06:15:38'),
(9, 6, 70, '2020-04-25 06:15:38'),
(10, 5, 80, '2020-04-25 06:15:38'),
(11, 3, 22, '2020-04-25 06:15:38'),
(12, 1, 30, '2020-04-25 06:15:38'),
(13, 4, 65, '2020-04-25 06:15:38'),
(14, 6, 66, '2020-04-25 06:15:38'),
(15, 2, 29, '2020-04-25 06:15:38'),
(16, 4, 31, '2020-04-25 06:15:38'),
(17, 2, 69, '2020-04-25 06:15:38'),
(18, 3, 7, '2020-04-25 06:15:38'),
(19, 6, 40, '2020-04-25 06:15:38'),
(20, 1, 21, '2020-04-25 06:15:38'),
(21, 5, 57, '2020-04-25 06:15:38'),
(22, 2, 50, '2020-04-25 06:15:38'),
(23, 5, 43, '2020-04-25 06:15:38'),
(24, 1, 51, '2020-04-25 06:15:38'),
(25, 4, 34, '2020-04-25 06:15:38'),
(26, 1, 31, '2020-04-25 06:15:38'),
(27, 5, 80, '2020-04-25 06:15:38'),
(28, 1, 49, '2020-04-25 06:15:38'),
(29, 4, 4, '2020-04-25 06:15:38'),
(30, 1, 52, '2020-04-25 06:15:38'),
(31, 3, 6, '2020-04-25 06:15:38'),
(32, 1, 15, '2020-04-25 06:15:38'),
(33, 5, 17, '2020-04-25 06:15:38'),
(34, 4, 56, '2020-04-25 06:15:38'),
(35, 5, 11, '2020-04-25 06:15:38'),
(36, 1, 65, '2020-04-25 06:15:38'),
(37, 1, 34, '2020-04-25 06:15:38'),
(38, 4, 26, '2020-04-25 06:15:38'),
(39, 6, 69, '2020-04-25 06:15:38'),
(40, 4, 15, '2020-04-25 06:15:38'),
(41, 5, 1, '2020-04-25 06:15:38'),
(42, 6, 76, '2020-04-25 06:15:38'),
(43, 6, 43, '2020-04-25 06:15:38'),
(44, 4, 30, '2020-04-25 06:15:38'),
(45, 4, 29, '2020-04-25 06:15:38'),
(46, 4, 67, '2020-04-25 06:15:38'),
(47, 3, 44, '2020-04-25 06:15:38'),
(48, 5, 65, '2020-04-25 06:15:38'),
(49, 3, 21, '2020-04-25 06:15:38'),
(50, 2, 19, '2020-04-25 06:15:38'),
(51, 5, 29, '2020-04-25 06:15:38'),
(52, 3, 18, '2020-04-25 06:15:38'),
(53, 1, 7, '2020-04-25 06:15:38'),
(54, 1, 74, '2020-04-25 06:15:39'),
(55, 2, 11, '2020-04-25 06:15:39'),
(56, 6, 10, '2020-04-25 06:15:39'),
(57, 1, 10, '2020-04-25 06:15:39'),
(58, 4, 73, '2020-04-25 06:15:39'),
(59, 1, 32, '2020-04-25 06:15:39'),
(60, 3, 53, '2020-04-25 06:15:39'),
(61, 6, 16, '2020-04-25 06:15:39'),
(62, 5, 31, '2020-04-25 06:15:39'),
(63, 3, 54, '2020-04-25 06:15:39'),
(64, 5, 22, '2020-04-25 06:15:39'),
(65, 2, 51, '2020-04-25 06:15:39'),
(66, 1, 75, '2020-04-25 06:15:39'),
(67, 3, 42, '2020-04-25 06:15:39'),
(68, 6, 42, '2020-04-25 06:15:39'),
(69, 4, 31, '2020-04-25 06:15:39'),
(70, 3, 63, '2020-04-25 06:15:39'),
(71, 5, 1, '2020-04-25 06:15:39'),
(72, 6, 34, '2020-04-25 06:15:39'),
(73, 1, 1, '2020-04-25 06:15:39'),
(74, 4, 28, '2020-04-25 06:15:39'),
(75, 4, 27, '2020-04-25 06:15:39'),
(76, 5, 16, '2020-04-25 06:15:39'),
(77, 4, 63, '2020-04-25 06:15:39'),
(78, 6, 34, '2020-04-25 06:15:39'),
(79, 2, 60, '2020-04-25 06:15:39'),
(80, 6, 24, '2020-04-25 06:15:39'),
(81, 1, 56, '2020-04-25 06:15:39'),
(82, 3, 48, '2020-04-25 06:15:39'),
(83, 1, 29, '2020-04-25 06:15:39'),
(84, 3, 72, '2020-04-25 06:15:39'),
(85, 5, 3, '2020-04-25 06:15:39'),
(86, 2, 25, '2020-04-25 06:15:39'),
(87, 5, 64, '2020-04-25 06:15:39'),
(88, 3, 4, '2020-04-25 06:15:39'),
(89, 3, 40, '2020-04-25 06:15:39'),
(90, 3, 49, '2020-04-25 06:15:39'),
(91, 3, 1, '2020-04-25 06:15:39'),
(92, 4, 49, '2020-04-25 06:15:39'),
(93, 2, 38, '2020-04-25 06:15:39'),
(94, 3, 51, '2020-04-25 06:15:39'),
(95, 1, 25, '2020-04-25 06:15:39'),
(96, 1, 27, '2020-04-25 06:15:39'),
(97, 1, 54, '2020-04-25 06:15:39'),
(98, 2, 31, '2020-04-25 06:15:39'),
(99, 1, 62, '2020-04-25 06:15:39'),
(100, 5, 48, '2020-04-25 06:15:39'),
(101, 3, 71, '2020-04-25 06:15:39'),
(102, 3, 29, '2020-04-25 06:15:39'),
(103, 5, 38, '2020-04-25 06:15:39'),
(104, 2, 65, '2020-04-25 06:15:39'),
(105, 3, 36, '2020-04-25 06:15:39'),
(106, 4, 41, '2020-04-25 06:15:39'),
(107, 3, 38, '2020-04-25 06:15:39'),
(108, 5, 18, '2020-04-25 06:15:39'),
(109, 5, 33, '2020-04-25 06:15:39'),
(110, 4, 36, '2020-04-25 06:15:39'),
(111, 4, 71, '2020-04-25 06:15:39'),
(112, 6, 45, '2020-04-25 06:15:39'),
(113, 2, 51, '2020-04-25 06:15:39'),
(114, 3, 27, '2020-04-25 06:15:39'),
(115, 6, 71, '2020-04-25 06:15:39'),
(116, 3, 32, '2020-04-25 06:15:39'),
(117, 1, 43, '2020-04-25 06:15:39'),
(118, 3, 24, '2020-04-25 06:15:39'),
(119, 2, 54, '2020-04-25 06:15:39'),
(120, 2, 8, '2020-04-25 06:15:39'),
(121, 1, 26, '2020-04-25 06:15:39'),
(122, 5, 70, '2020-04-25 06:15:39'),
(123, 1, 16, '2020-04-25 06:15:39'),
(124, 6, 79, '2020-04-25 06:15:39'),
(125, 6, 29, '2020-04-25 06:15:39'),
(126, 1, 63, '2020-04-25 06:15:39'),
(127, 2, 52, '2020-04-25 06:15:39'),
(128, 6, 72, '2020-04-25 06:15:39'),
(129, 3, 32, '2020-04-25 06:15:39'),
(130, 5, 3, '2020-04-25 06:15:39'),
(131, 1, 53, '2020-04-25 06:15:39'),
(132, 4, 73, '2020-04-25 06:15:39'),
(133, 5, 74, '2020-04-25 06:15:39'),
(134, 5, 39, '2020-04-25 06:15:39'),
(135, 4, 63, '2020-04-25 06:15:39'),
(136, 4, 61, '2020-04-25 06:15:39'),
(137, 2, 73, '2020-04-25 06:15:39'),
(138, 6, 8, '2020-04-25 06:15:39'),
(139, 1, 17, '2020-04-25 06:15:39'),
(140, 3, 19, '2020-04-25 06:15:39'),
(141, 3, 60, '2020-04-25 06:15:39'),
(142, 2, 61, '2020-04-25 06:15:39'),
(143, 1, 24, '2020-04-25 06:15:39'),
(144, 3, 65, '2020-04-25 06:15:39'),
(145, 2, 40, '2020-04-25 06:15:39'),
(146, 2, 70, '2020-04-25 06:15:39'),
(147, 1, 4, '2020-04-25 06:15:39'),
(148, 5, 67, '2020-04-25 06:15:39'),
(149, 3, 34, '2020-04-25 06:15:39'),
(150, 2, 3, '2020-04-25 06:15:39'),
(151, 6, 80, '2020-04-25 06:15:39'),
(152, 6, 45, '2020-04-25 06:15:39'),
(153, 1, 72, '2020-04-25 06:15:39'),
(154, 6, 46, '2020-04-25 06:15:39'),
(155, 3, 64, '2020-04-25 06:15:39'),
(156, 5, 35, '2020-04-25 06:15:39'),
(157, 3, 38, '2020-04-25 06:15:39'),
(158, 4, 65, '2020-04-25 06:15:39'),
(159, 3, 49, '2020-04-25 06:15:39'),
(160, 2, 28, '2020-04-25 06:15:39'),
(161, 3, 9, '2020-04-25 06:15:40'),
(162, 4, 72, '2020-04-25 06:15:40'),
(163, 3, 60, '2020-04-25 06:15:40'),
(164, 3, 3, '2020-04-25 06:15:40'),
(165, 3, 67, '2020-04-25 06:15:40'),
(166, 4, 49, '2020-04-25 06:15:40'),
(167, 2, 80, '2020-04-25 06:15:40'),
(168, 2, 73, '2020-04-25 06:15:40'),
(169, 6, 51, '2020-04-25 06:15:40'),
(170, 5, 76, '2020-04-25 06:15:40'),
(171, 6, 50, '2020-04-25 06:15:40'),
(172, 6, 5, '2020-04-25 06:15:40'),
(173, 6, 1, '2020-04-25 06:15:40'),
(174, 2, 3, '2020-04-25 06:15:40'),
(175, 4, 65, '2020-04-25 06:15:40'),
(176, 1, 80, '2020-04-25 06:15:40'),
(177, 6, 70, '2020-04-25 06:15:40'),
(178, 4, 15, '2020-04-25 06:15:40'),
(179, 6, 56, '2020-04-25 06:15:40'),
(180, 6, 52, '2020-04-25 06:15:40'),
(181, 1, 6, '2020-04-25 06:15:40'),
(182, 6, 61, '2020-04-25 06:15:40'),
(183, 5, 37, '2020-04-25 06:15:40'),
(184, 5, 70, '2020-04-25 06:15:40'),
(185, 1, 44, '2020-04-25 06:15:40'),
(186, 6, 8, '2020-04-25 06:15:40'),
(187, 5, 27, '2020-04-25 06:15:40'),
(188, 4, 60, '2020-04-25 06:15:40'),
(189, 1, 2, '2020-04-25 06:15:40'),
(190, 1, 3, '2020-04-25 06:15:40'),
(191, 3, 65, '2020-04-25 06:15:40'),
(192, 4, 28, '2020-04-25 06:15:40'),
(193, 5, 9, '2020-04-25 06:15:40'),
(194, 1, 35, '2020-04-25 06:15:40'),
(195, 1, 46, '2020-04-25 06:15:40'),
(196, 1, 60, '2020-04-25 06:15:40'),
(197, 6, 75, '2020-04-25 06:15:40'),
(198, 6, 2, '2020-04-25 06:15:40'),
(199, 3, 73, '2020-04-25 06:15:40'),
(200, 3, 8, '2020-04-25 06:15:40'),
(201, 4, 47, '2020-04-25 06:15:40'),
(202, 1, 74, '2020-04-25 06:15:40'),
(203, 2, 32, '2020-04-25 06:15:40'),
(204, 5, 38, '2020-04-25 06:15:40'),
(205, 2, 69, '2020-04-25 06:15:40'),
(206, 6, 80, '2020-04-25 06:15:40'),
(207, 6, 64, '2020-04-25 06:15:40'),
(208, 2, 53, '2020-04-25 06:15:40'),
(209, 4, 13, '2020-04-25 06:15:40'),
(210, 6, 17, '2020-04-25 06:15:40'),
(211, 2, 10, '2020-04-25 06:15:40'),
(212, 4, 30, '2020-04-25 06:15:40'),
(213, 1, 20, '2020-04-25 06:15:40'),
(214, 5, 25, '2020-04-25 06:15:40'),
(215, 4, 73, '2020-04-25 06:15:40'),
(216, 4, 55, '2020-04-25 06:15:40'),
(217, 4, 72, '2020-04-25 06:15:40'),
(218, 1, 59, '2020-04-25 06:15:40'),
(219, 4, 55, '2020-04-25 06:15:40'),
(220, 6, 22, '2020-04-25 06:15:40'),
(221, 3, 29, '2020-04-25 06:15:40'),
(222, 1, 41, '2020-04-25 06:15:40'),
(223, 1, 6, '2020-04-25 06:15:40'),
(224, 4, 65, '2020-04-25 06:15:40'),
(225, 5, 52, '2020-04-25 06:15:40'),
(226, 4, 32, '2020-04-25 06:15:40'),
(227, 1, 39, '2020-04-25 06:15:40'),
(228, 2, 3, '2020-04-25 06:15:40'),
(229, 4, 75, '2020-04-25 06:15:40'),
(230, 5, 52, '2020-04-25 06:15:40'),
(231, 6, 17, '2020-04-25 06:15:40'),
(232, 2, 20, '2020-04-25 06:15:40'),
(233, 3, 59, '2020-04-25 06:15:40'),
(234, 4, 38, '2020-04-25 06:15:40'),
(235, 1, 70, '2020-04-25 06:15:40'),
(236, 6, 41, '2020-04-25 06:15:40'),
(237, 4, 69, '2020-04-25 06:15:40'),
(238, 4, 59, '2020-04-25 06:15:40'),
(239, 1, 4, '2020-04-25 06:15:40'),
(240, 2, 48, '2020-04-25 06:15:40'),
(241, 6, 71, '2020-04-25 06:15:40'),
(242, 6, 14, '2020-04-25 06:15:40'),
(243, 3, 18, '2020-04-25 06:15:40'),
(244, 3, 37, '2020-04-25 06:15:41'),
(245, 6, 2, '2020-04-25 06:15:41'),
(246, 1, 3, '2020-04-25 06:15:41'),
(247, 4, 8, '2020-04-25 06:15:41'),
(248, 1, 37, '2020-04-25 06:15:41'),
(249, 5, 14, '2020-04-25 06:15:41'),
(250, 3, 7, '2020-04-25 06:15:41'),
(251, 4, 28, '2020-04-25 06:15:41'),
(252, 4, 52, '2020-04-25 06:15:41'),
(253, 4, 37, '2020-04-25 06:15:41'),
(254, 4, 72, '2020-04-25 06:15:41'),
(255, 4, 45, '2020-04-25 06:15:41'),
(256, 2, 27, '2020-04-25 06:15:41'),
(257, 2, 62, '2020-04-25 06:15:41'),
(258, 1, 3, '2020-04-25 06:15:41'),
(259, 5, 61, '2020-04-25 06:15:41'),
(260, 2, 31, '2020-04-25 06:15:41'),
(261, 3, 61, '2020-04-25 06:15:41'),
(262, 2, 74, '2020-04-25 06:15:41'),
(263, 4, 28, '2020-04-25 06:15:41'),
(264, 5, 55, '2020-04-25 06:15:41'),
(265, 6, 79, '2020-04-25 06:15:41'),
(266, 6, 32, '2020-04-25 06:15:41'),
(267, 5, 74, '2020-04-25 06:15:41'),
(268, 2, 2, '2020-04-25 06:15:41'),
(269, 1, 6, '2020-04-25 06:15:41'),
(270, 2, 35, '2020-04-25 06:15:41'),
(271, 2, 11, '2020-04-25 06:15:41'),
(272, 4, 35, '2020-04-25 06:15:41'),
(273, 6, 14, '2020-04-25 06:15:41'),
(274, 5, 2, '2020-04-25 06:15:41'),
(275, 6, 67, '2020-04-25 06:15:41'),
(276, 5, 25, '2020-04-25 06:15:41'),
(277, 2, 13, '2020-04-25 06:15:41'),
(278, 2, 78, '2020-04-25 06:15:41'),
(279, 1, 67, '2020-04-25 06:15:41'),
(280, 2, 73, '2020-04-25 06:15:41'),
(281, 6, 72, '2020-04-25 06:15:41'),
(282, 4, 36, '2020-04-25 06:15:41'),
(283, 4, 50, '2020-04-25 06:15:41'),
(284, 6, 56, '2020-04-25 06:15:41'),
(285, 1, 42, '2020-04-25 06:15:41'),
(286, 5, 28, '2020-04-25 06:15:41'),
(287, 6, 65, '2020-04-25 06:15:41'),
(288, 4, 68, '2020-04-25 06:15:41'),
(289, 3, 3, '2020-04-25 06:15:41'),
(290, 3, 4, '2020-04-25 06:15:41'),
(291, 2, 56, '2020-04-25 06:15:41'),
(292, 2, 17, '2020-04-25 06:15:41'),
(293, 3, 53, '2020-04-25 06:15:41'),
(294, 6, 38, '2020-04-25 06:15:41'),
(295, 3, 72, '2020-04-25 06:15:41'),
(296, 1, 26, '2020-04-25 06:15:41'),
(297, 3, 55, '2020-04-25 06:15:41'),
(298, 4, 72, '2020-04-25 06:15:41'),
(299, 2, 29, '2020-04-25 06:15:41'),
(300, 2, 67, '2020-04-25 06:15:41');

-- --------------------------------------------------------

--
-- Table structure for table `test_subjects`
--

CREATE TABLE `test_subjects` (
  `id` bigint(20) UNSIGNED NOT NULL,
  `name` varchar(128) COLLATE utf8mb4_unicode_ci NOT NULL,
  `uri_alias` varchar(48) COLLATE utf8mb4_unicode_ci NOT NULL,
  `course` enum('1','2','3','4') COLLATE utf8mb4_unicode_ci NOT NULL
) ENGINE=InnoDB DEFAULT CHARSET=utf8mb4 COLLATE=utf8mb4_unicode_ci;

--
-- Dumping data for table `test_subjects`
--

INSERT INTO `test_subjects` (`id`, `name`, `uri_alias`, `course`) VALUES
(1, 'ООП', 'oop', '3'),
(2, 'Алгоритми', 'algorithms', '2');

-- --------------------------------------------------------

--
-- Table structure for table `users`
--

CREATE TABLE `users` (
  `id` bigint(20) UNSIGNED NOT NULL,
  `name` varchar(255) COLLATE utf8_unicode_ci NOT NULL,
  `surname` varchar(255) COLLATE utf8_unicode_ci NOT NULL,
  `patronymic` varchar(255) COLLATE utf8_unicode_ci NOT NULL,
  `student_group_id` bigint(20) UNSIGNED NOT NULL,
  `email` varchar(127) COLLATE utf8_unicode_ci NOT NULL,
  `email_verified_at` timestamp NULL DEFAULT NULL,
  `password` varchar(255) COLLATE utf8_unicode_ci NOT NULL,
  `password_changed` tinyint(1) NOT NULL DEFAULT 0,
  `remember_token` varchar(100) COLLATE utf8_unicode_ci DEFAULT NULL,
  `created_at` timestamp NULL DEFAULT NULL,
  `updated_at` timestamp NULL DEFAULT NULL
) ENGINE=InnoDB DEFAULT CHARSET=utf8 COLLATE=utf8_unicode_ci;

--
-- Dumping data for table `users`
--

INSERT INTO `users` (`id`, `name`, `surname`, `patronymic`, `student_group_id`, `email`, `email_verified_at`, `password`, `password_changed`, `remember_token`, `created_at`, `updated_at`) VALUES
(1, 'Олексій', 'Васильєв', 'Таращук', 2, 'vasilv.oleg', NULL, '$2y$10$ksCOjKCiWCay9hXrmnlX5./rgQ1no0lUzhdrWh04l5oH040GT8q6K', 0, NULL, '2020-04-25 06:15:24', '2020-04-25 06:15:24'),
(2, 'Роман', 'Крамарчук', 'Микитюк', 2, 'vasilenko.vladislav', NULL, '$2y$10$6uk4aZXddzcQ9oFAPZHMz.PNwwnOcCfirunJQfbsU9z..UWd2Pru6', 0, NULL, '2020-04-25 06:15:24', '2020-04-25 06:15:24'),
(3, 'Данило', 'Романченко', 'Антоненко', 3, 'polna71', NULL, '$2y$10$iWAOAP.kj8UFfmiZ/GD4EeFdnPwByEZMOeIBNUvIn3DECTzVoGvCm', 0, NULL, '2020-04-25 06:15:24', '2020-04-25 06:15:24'),
(4, 'Світлана', 'Сергієнко', 'Броваренко', 4, 'sereda.andri', NULL, '$2y$10$4X/NKXJUMh4O7MB7aHHrF.6J.gv7swkE.RskutBxfgbJ2/9Bi/dD6', 0, NULL, '2020-04-25 06:15:24', '2020-04-25 06:15:24'),
(5, 'Любов', 'Василенко', 'Броваренко', 1, 'panasyk.mikita', NULL, '$2y$10$C.x.qPaMexUfoq8GymfncuWQc6V9Sa.GkSOVgVY3Yx/vSsj7ssJBC', 0, NULL, '2020-04-25 06:15:25', '2020-04-25 06:15:25'),
(6, 'Єлизавета', 'Гнатюк', 'Кравченко', 1, 'nna77', NULL, '$2y$10$o5WtCY3dH.T06hxITgJryeNy6ooi73GwiCDEcIhl2UQ1//aUjl.Ny', 0, NULL, '2020-04-25 06:15:25', '2020-04-25 06:15:25'),
(7, 'Олег', 'Шевченко', 'Шинкаренко', 3, 'nady07', NULL, '$2y$10$gmWp6PaMbT1hHpVPWXxcYuKMwKaVNDdSFBDoYW0MEWfgQ61mek.QW', 0, NULL, '2020-04-25 06:15:25', '2020-04-25 06:15:25'),
(8, 'Станіслав', 'Пономаренко', 'Пономаренко', 3, 'vra48', NULL, '$2y$10$kSbWtOmnpSHN.W.MIpg0Jut6bl5UCqI5dFszaQSLQz4l.LA6pY6AG', 0, NULL, '2020-04-25 06:15:25', '2020-04-25 06:15:25'),
(9, 'Дар\'я', 'Васильєв', 'Захарчук', 1, 'panasyk.anastasy', NULL, '$2y$10$8SP98/XaQ5C.GI0NMqgk/eaikeEj2QIqJ8LuD/SpVD.1z4PNZ6gy2', 0, NULL, '2020-04-25 06:15:25', '2020-04-25 06:15:25'),
(10, 'Олександра', 'Пономаренко', 'Шевчук', 1, 'dmitro.mikityk', NULL, '$2y$10$czVBdb0DMGspa1cFFBT5eO4t27V6uCu5BX/gTfWGW4OK3N3D8ZKvu', 0, NULL, '2020-04-25 06:15:25', '2020-04-25 06:15:25'),
(11, 'Галина', 'Іванченко', 'Лисенко', 1, 'valentin.bodnarenko', NULL, '$2y$10$gIPxmF/672Jn53UaGgvRrubpM5mGi5H/CgcRp.BeRHupYKNWS0vD6', 0, NULL, '2020-04-25 06:15:25', '2020-04-25 06:15:25'),
(12, 'Євген', 'Антоненко', 'Іванченко', 1, 'qkravcenko', NULL, '$2y$10$VlQWVjjkEUIdhhFWn33xMeHC39Dsl0pNCqIbHBG7Q04.J17ix3gni', 0, NULL, '2020-04-25 06:15:25', '2020-04-25 06:15:25'),
(13, 'В\'ячеслав', 'Кравчук', 'Лисенко', 4, 'bvasilenko', NULL, '$2y$10$XFcRIc5i3L33gt22jX.HwOmKE9a3afjFo4smb598yTP.IHnzChJlW', 0, NULL, '2020-04-25 06:15:25', '2020-04-25 06:15:25'),
(14, 'Надія', 'Шевчук', 'Павлюк', 2, 'volodimir97', NULL, '$2y$10$pxjCkbynC5sgi.rgY9fFF.RrU5hrPW6TXw.ElxYFB0LMvoZSj4noe', 0, NULL, '2020-04-25 06:15:26', '2020-04-25 06:15:26'),
(15, 'Дар\'я', 'Павлюк', 'Василенко', 2, 'sinkarenko.olena', NULL, '$2y$10$G1YLQIEZ0HhgFawEDYC3ZObI66G4KVLb0GL9f.a7AARAWFM6nHhjy', 0, NULL, '2020-04-25 06:15:26', '2020-04-25 06:15:26'),
(16, 'Валентина', 'Іванченко', 'Шинкаренко', 3, 'romancenko.sofy', NULL, '$2y$10$3erhDBZOtW8Wgs3hYol0zOIzrSnOtLIuS/XLr1LbZxjJ/.ZWf.rwi', 0, NULL, '2020-04-25 06:15:26', '2020-04-25 06:15:26'),
(17, 'Тамара', 'Броваренко', 'Васильєв', 2, 'lpanasyk', NULL, '$2y$10$zREz9JnA/xMsICxBRYcRGe1QpziwyzMr3aHCy12zi25FtClO3so4K', 0, NULL, '2020-04-25 06:15:26', '2020-04-25 06:15:26'),
(18, 'Марина', 'Васильєв', 'Павлюк', 4, 'svtlana18', NULL, '$2y$10$YcYDNJkmGNrcrTjhf0lrMeNAGS2sCBdUv6X0GWQN/RPF0CR1rxNxm', 0, NULL, '2020-04-25 06:15:26', '2020-04-25 06:15:26'),
(19, 'Кирил', 'Панасюк', 'Лисенко', 1, 'sereda.valentina', NULL, '$2y$10$S3xlpTYDd9Nhy12aNvna4OdXiuWGjTx1Fhf.8z1F.TEJ3EBGqaAjm', 0, NULL, '2020-04-25 06:15:26', '2020-04-25 06:15:26'),
(20, 'Дар\'я', 'Дмитренко', 'Таращук', 1, 'valery.panasyk', NULL, '$2y$10$WK7MZvy3bzr8km5/C0uR8OpGMNqLjI7hXosl8yacFtgduFyl8I.UW', 0, NULL, '2020-04-25 06:15:26', '2020-04-25 06:15:26'),
(21, 'Євген', 'Пономаренко', 'Павлюк', 4, 'vancenko.pavlo', NULL, '$2y$10$8Q7lOmr0SQPi5CEjAOeUUO2OvbBh88HdMcTHwflza.5ROoNuZIrXm', 0, NULL, '2020-04-25 06:15:27', '2020-04-25 06:15:27'),
(22, 'Ігор', 'Дмитренко', 'Василенко', 3, 'danil99', NULL, '$2y$10$s2yUWa5mAIae9pS1tIUb1eA5fLLDlA6eyWLR1pOPcdz24HOLKEKji', 0, NULL, '2020-04-25 06:15:27', '2020-04-25 06:15:27'),
(23, 'Світлана', 'Захарчук', 'Васильчук', 1, 'psevcenko', NULL, '$2y$10$YOYUhtgeoDAUaKxgkpJnk.Mg/tSOenzLJyZTxiAokAIYnL5rMWBG2', 0, NULL, '2020-04-25 06:15:27', '2020-04-25 06:15:27'),
(24, 'Анна', 'Сергієнко', 'Кравченко', 3, 'kravcuk.sofy', NULL, '$2y$10$0sdDMKkVR2DG9sNDWln1HuyBEC.LcNUqjPTTKVyn9HF/zDJ5uDuVa', 0, NULL, '2020-04-25 06:15:27', '2020-04-25 06:15:27'),
(25, 'Людмила', 'Васильчук', 'Антоненко', 3, 'vgeny.mikityk', NULL, '$2y$10$xAQBMYMoRQLAgE4sgPS3Put7MQXZIeFByK2ZyuvK7bPAqaF12w3Ua', 0, NULL, '2020-04-25 06:15:27', '2020-04-25 06:15:27'),
(26, 'Всеволод', 'Петренко', 'Шинкаренко', 2, 'valeri.brovarenko', NULL, '$2y$10$xIGUGHcGLSIZq39gAsgd6exgx8vp1eQfoM1lCJZqDov.XF4OuvmOy', 0, NULL, '2020-04-25 06:15:27', '2020-04-25 06:15:27'),
(27, 'Вікторія', 'Романченко', 'Броваренко', 1, 'sofy.sergnko', NULL, '$2y$10$Q.BrJOLAM35rS73QzGmTXeubi7Njw8jw6G59i4F0k7bMFECN0E1FS', 0, NULL, '2020-04-25 06:15:27', '2020-04-25 06:15:27'),
(28, 'Раїса', 'Пономарчук', 'Василенко', 4, 'aponomarcuk', NULL, '$2y$10$G3R8BK0DCHiLOFnZa7ZQmecI75EY9k1qnu16g05ZlUv7a6iGbz5/i', 0, NULL, '2020-04-25 06:15:27', '2020-04-25 06:15:27'),
(29, 'Галина', 'Крамарчук', 'Кравчук', 4, 'oleg51', NULL, '$2y$10$.OXmkZ35i5/TuAiZVVZoY.QgAbjIPzQgXU2QXMXfh2LfTHh0QlPEq', 0, NULL, '2020-04-25 06:15:28', '2020-04-25 06:15:28'),
(30, 'Маргарита', 'Микитюк', 'Пономарчук', 3, 'antonenko.alla', NULL, '$2y$10$Hic.GBBohr0nUnNt4YGRlu0tga1wkoy0q7bcTCp1gDeqSdmQ7V6oi', 0, NULL, '2020-04-25 06:15:28', '2020-04-25 06:15:28'),
(31, 'Роман', 'Боднаренко', 'Шевчук', 4, 'cpavlyk', NULL, '$2y$10$CmyNzbOK3fDQBBCVOusW/uukWz73ifWJ744Ab.A0T2R/dDJraATTy', 0, NULL, '2020-04-25 06:15:28', '2020-04-25 06:15:28'),
(32, 'Тимофій', 'Сергієнко', 'Гнатюк', 2, 'bsergnko', NULL, '$2y$10$DbJhgUFnV9sn0qv709mWi.V7nR0xLWbrKxNI3HKE8zvvcOiAaYUP6', 0, NULL, '2020-04-25 06:15:28', '2020-04-25 06:15:28'),
(33, 'Світлана', 'Романченко', 'Антоненко', 1, 'bogdan87', NULL, '$2y$10$ieOweNMvPWSqcs/oAverKuzd4LXwYuA/nFkk.Y41yfXE1sCvSQnZe', 0, NULL, '2020-04-25 06:15:28', '2020-04-25 06:15:28'),
(34, 'Валентина', 'Василенко', 'Захарчук', 3, 'vyceslav46', NULL, '$2y$10$zhB/e1iySzSMZX5KzobD9.t9Gzg9t27lwSzd4K1IAo1anpc0B5f6a', 0, NULL, '2020-04-25 06:15:28', '2020-04-25 06:15:28'),
(35, 'Людмила', 'Крамарчук', 'Пономаренко', 1, 'fvasilcuk', NULL, '$2y$10$eVze9bUYLyTW0BPHB/B7F.K7zRQ65sF5vYL5kYjje946H0FtR.n6m', 0, NULL, '2020-04-25 06:15:28', '2020-04-25 06:15:28'),
(36, 'Валерія', 'Панасюк', 'Середа', 3, 'vasilv.vasil', NULL, '$2y$10$GOzKUad0CFo7V/cEKElyC.pVBaxDcktgFQwgz27xxaiVwPfsdc8u.', 0, NULL, '2020-04-25 06:15:28', '2020-04-25 06:15:28'),
(37, 'Федір', 'Дмитренко', 'Кравченко', 4, 'olena49', NULL, '$2y$10$c2GYgjwOynK8b31nHh1aQe040AqEstfS.DdjU4fiXYWTjBAFygcO6', 0, NULL, '2020-04-25 06:15:29', '2020-04-25 06:15:29'),
(38, 'Віра', 'Пономарчук', 'Василенко', 3, 'panasyk.olga', NULL, '$2y$10$n9TI9xKRAEST5hgEU2VJyuu5WFmwGQzzC0Z.i7.IkU8G38/.WD8Wi', 0, NULL, '2020-04-25 06:15:29', '2020-04-25 06:15:29'),
(39, 'Олександра', 'Крамаренко', 'Петренко', 1, 'lisenko.vgen', NULL, '$2y$10$dILpnzJ1ry2imZ/Ge02L7ek.WymdpOwo7Cuts8cnJj4eOQRk/Gjvm', 0, NULL, '2020-04-25 06:15:29', '2020-04-25 06:15:29'),
(40, 'Віктор', 'Кравчук', 'Петренко', 4, 'rina.sergnko', NULL, '$2y$10$syjpshuByD15TANgHl82ZuC04Tk42kDTycTxa9NPv0vDxtEh0OD4S', 0, NULL, '2020-04-25 06:15:29', '2020-04-25 06:15:29'),
(41, 'Богдан', 'Василенко', 'Сергієнко', 2, 'anatoli28', NULL, '$2y$10$t4NQu8eTpeh/z5NKucfKGe1k07lXQliMMKNe52kVJ9SF2AMaDyCD2', 0, NULL, '2020-04-25 06:15:29', '2020-04-25 06:15:29'),
(42, 'Ярослав', 'Броваренко', 'Пономаренко', 2, 'nzakarcuk', NULL, '$2y$10$rbmHSU1i7GQiLJtm6DljceItWwxJ92tPr8t8S7W0dojs71t30eP9a', 0, NULL, '2020-04-25 06:15:29', '2020-04-25 06:15:29'),
(43, 'Алла', 'Мірошниченко', 'Шевчук', 4, 'tkramarcuk', NULL, '$2y$10$6z6G/TGV.rQkyCQKhR1OtuvPy6fBOeYs3/hBShh2x2lRnHFiToJyu', 0, NULL, '2020-04-25 06:15:29', '2020-04-25 06:15:29'),
(44, 'Софія', 'Мельниченко', 'Гнатюк', 2, 'sereda.yly', NULL, '$2y$10$VYVqqkKSjMvBe1omTVtq1uV34zxK5S/6x8UXzUr6p3wy5vYMRWGf6', 0, NULL, '2020-04-25 06:15:29', '2020-04-25 06:15:29'),
(45, 'Катерина', 'Шевчук', 'Середа', 1, 'qsinkarenko', NULL, '$2y$10$Rou5TNVLcx6bz9L4G5v/eOiAcb4/RSMUSZUr9T1VWIkSA/hRuqeE2', 0, NULL, '2020-04-25 06:15:29', '2020-04-25 06:15:29'),
(46, 'Анна', 'Шевченко', 'Лисенко', 3, 'vra45', NULL, '$2y$10$WWMAEDlFhTAV1SKubw21uOpb0p/ad.fjGMrGdrhZu1s1eZTMomrWO', 0, NULL, '2020-04-25 06:15:30', '2020-04-25 06:15:30'),
(47, 'Софія', 'Васильчук', 'Крамаренко', 1, 'rmikityk', NULL, '$2y$10$7A1IJtoqEnEfApfBOCIKJOFEJqTsliUYC6zsP460HREWNmX8gxxYe', 0, NULL, '2020-04-25 06:15:30', '2020-04-25 06:15:30'),
(48, 'Марія', 'Крамаренко', 'Антоненко', 1, 'lizaveta64', NULL, '$2y$10$kMzx0zIYiuBoA/2328nlBe.MGvpYfjNCXCMCuP3pwE8MCCkgnL/Ky', 0, NULL, '2020-04-25 06:15:30', '2020-04-25 06:15:30'),
(49, 'Світлана', 'Шевченко', 'Антоненко', 3, 'vbodnarenko', NULL, '$2y$10$G0G7dNnWkqq2gb6AMfCdAeA5LuYndd.IlS.VWqJ9w/3v6ucO2gIFu', 0, NULL, '2020-04-25 06:15:30', '2020-04-25 06:15:30'),
(50, 'Ілля', 'Павлюк', 'Гнатюк', 2, 'stanslav.brovarcuk', NULL, '$2y$10$1Krqpb/RMZctx.50RXak3uYJQK1BcnY5Cy/kXdkDuFtvHH8skoADq', 0, NULL, '2020-04-25 06:15:30', '2020-04-25 06:15:30'),
(51, 'Валерія', 'Броварчук', 'Пономарчук', 4, 'qlisenko', NULL, '$2y$10$hyHZU0FrFNC.w0GTf.VL8ex4re9d7lhyeKCr/XK8CGKGYXZud7mdW', 0, NULL, '2020-04-25 06:15:30', '2020-04-25 06:15:30'),
(52, 'Руслан', 'Шинкаренко', 'Гнатюк', 4, 'van.brovarenko', NULL, '$2y$10$OqQsbPSlXPZaTSaWreYPW.6b9Fy069uXwcz2AP.0mB/EQDjjo16/.', 0, NULL, '2020-04-25 06:15:30', '2020-04-25 06:15:30'),
(53, 'Кирил', 'Сергієнко', 'Броваренко', 1, 'lev31', NULL, '$2y$10$Als4jLSRWN0h70uMmbeXeuwj2ZXmPJ2KsXH98viYKNDTLBRZtmMNm', 0, NULL, '2020-04-25 06:15:30', '2020-04-25 06:15:30'),
(54, 'Микола', 'Гнатюк', 'Кравчук', 2, 'valeri.kravcenko', NULL, '$2y$10$359rdpzKIybS.R2tYIAFwOSuv6H/MrtbL.S/SmrbQZoylvm74vWn.', 0, NULL, '2020-04-25 06:15:31', '2020-04-25 06:15:31'),
(55, 'Діана', 'Панасюк', 'Шевченко', 3, 'olena63', NULL, '$2y$10$c5nWKocIibSmhraay8lOu.XhdyUPN9WQ5EHNZWTAZSdl2CEqe76Sa', 0, NULL, '2020-04-25 06:15:31', '2020-04-25 06:15:31'),
(56, 'Ірина', 'Іванченко', 'Захарчук', 1, 'qkravcuk', NULL, '$2y$10$yBc77l1EwIbORcqHO1/I5uxV/cXZPELo62Z08tMrnMUHdG.0eQqd2', 0, NULL, '2020-04-25 06:15:31', '2020-04-25 06:15:31'),
(57, 'Любов', 'Шевчук', 'Дмитренко', 4, 'boleslav37', NULL, '$2y$10$RsBlvZvD823Ava1wgoWyeer0jg5jrHwdPP6RunfPtLs5JVxS1YTg2', 0, NULL, '2020-04-25 06:15:31', '2020-04-25 06:15:31'),
(58, 'Наташа', 'Сергієнко', 'Панасюк', 1, 'qmrosnicenko', NULL, '$2y$10$4XYIo0nwQYZRgs0tyLCOJ.L4AKPzDc61QXGvs0teoStdxbW8rImYy', 0, NULL, '2020-04-25 06:15:31', '2020-04-25 06:15:31'),
(59, 'Костянтин', 'Антоненко', 'Панасюк', 2, 'nna79', NULL, '$2y$10$QfCF4NGsZdS6QGUE96cvAeVwjikAhzAC3MdUP8Ip4qWdEkNamUy8S', 0, NULL, '2020-04-25 06:15:31', '2020-04-25 06:15:31'),
(60, 'Валерія', 'Броварчук', 'Дмитренко', 4, 'skramarenko', NULL, '$2y$10$tf4zeenCHSVUz5xmFEe5VOQUPmtxKMF4EVwFOglCMdz10p/pRxuey', 0, NULL, '2020-04-25 06:15:31', '2020-04-25 06:15:31'),
(61, 'Євгеній', 'Боднаренко', 'Пономаренко', 2, 'svtlana.zakarcuk', NULL, '$2y$10$By6sx./DAGGM9tKJ1KPxYuWNORz03VdnOkduRpIvKX0pgPVoAVM/q', 0, NULL, '2020-04-25 06:15:31', '2020-04-25 06:15:31'),
(62, 'Інна', 'Пономаренко', 'Середа', 2, 'gennadi.dmitrenko', NULL, '$2y$10$GUs3c87fE45woE7LHc8eYO7GZ12mL4pZxvxY.VQwoTsvwy5BsdGim', 0, NULL, '2020-04-25 06:15:32', '2020-04-25 06:15:32'),
(63, 'Кирил', 'Середа', 'Пономарчук', 2, 'sofy53', NULL, '$2y$10$vl0oL2EcETdUWbjprWSaQesYAqexrU2Uzfhq3RjDsMFmHkIQHMvGu', 0, NULL, '2020-04-25 06:15:32', '2020-04-25 06:15:32'),
(64, 'Тамара', 'Броваренко', 'Таращук', 1, 'taras.mrosnicenko', NULL, '$2y$10$1Y1gFS5DsFou7lZcF0Tm5uot2L9w5cUOLT3Qkc29YkQ7asaosqATu', 0, NULL, '2020-04-25 06:15:32', '2020-04-25 06:15:32'),
(65, 'Наташа', 'Панасюк', 'Лисенко', 3, 'gkramarenko', NULL, '$2y$10$9M.3nvjGhyH3UfKXialC8ufbAqIzrXyp8uY7Z9evmhfDllwjF3vP6', 0, NULL, '2020-04-25 06:15:32', '2020-04-25 06:15:32'),
(66, 'Дмитро', 'Таращук', 'Павлюк', 3, 'margarita39', NULL, '$2y$10$j20SKT.KOdwomgqf2vhyleBiSLoYq.9jHYPoTbVml12uIlHCDFFDq', 0, NULL, '2020-04-25 06:15:32', '2020-04-25 06:15:32'),
(67, 'Адам', 'Шинкаренко', 'Боднаренко', 2, 'valentin04', NULL, '$2y$10$yhCN67dM8qhV5Z9Q0/JqduS9/kkSi5I9.1tnvXqxlGtgi59RW01Iy', 0, NULL, '2020-04-25 06:15:32', '2020-04-25 06:15:32'),
(68, 'Софія', 'Мірошниченко', 'Кравченко', 2, 'klisenko', NULL, '$2y$10$o99AzdA0qx0KN7bPQVAh.uKQ0xDo/70PGjezEervMSz2RDKcAJdi2', 0, NULL, '2020-04-25 06:15:32', '2020-04-25 06:15:32'),
(69, 'Валерій', 'Павлюк', 'Крамарчук', 2, 'ukramarcuk', NULL, '$2y$10$2sxZkngG/bCJaJZZptfVo.GiU2buothyQsBLr2Bto.0yzS7BNY1u2', 0, NULL, '2020-04-25 06:15:33', '2020-04-25 06:15:33'),
(70, 'Раїса', 'Антоненко', 'Середа', 2, 'alla.kramarcuk', NULL, '$2y$10$nGWTJpC1NYula/rE3cL9gO7QejUpo4vxE1fmiNpdI7/hmTtVU5RHW', 0, NULL, '2020-04-25 06:15:33', '2020-04-25 06:15:33'),
(71, 'Наташа', 'Дмитренко', 'Захарчук', 3, 'kiril08', NULL, '$2y$10$tMABoYXzVHjd61kCxmEQu.Iio..gQ2tCmTMivMcZS4jSn9SWziAv.', 0, NULL, '2020-04-25 06:15:33', '2020-04-25 06:15:33'),
(72, 'Анна', 'Антоненко', 'Гнатюк', 4, 'sereda.rasa', NULL, '$2y$10$EaKq8W7GWZeoQLy7gL4TN.3xxw6Qv2cCL4uQNgz5Qd8KPjDodG2R6', 0, NULL, '2020-04-25 06:15:33', '2020-04-25 06:15:33'),
(73, 'Тарас', 'Іванченко', 'Кравчук', 4, 'wsereda', NULL, '$2y$10$jD3GMY/4N16c4IJLvTvMv.AmZUvK/O4vVVkJiV6b3MTC4AuR3wq02', 0, NULL, '2020-04-25 06:15:33', '2020-04-25 06:15:33'),
(74, 'Вікторія', 'Панасюк', 'Пономаренко', 4, 'vgen.bodnarenko', NULL, '$2y$10$EIe3/06i83kkqcTTKfF35unKmdRJEEmyZq/90wt.4hILVvXx2Zzw6', 0, NULL, '2020-04-25 06:15:33', '2020-04-25 06:15:33'),
(75, 'Віталій', 'Броварчук', 'Шевченко', 3, 'olena92', NULL, '$2y$10$jz4MZqgSdB47vBqiL78P5.bjU3vbGdrbzc4mERqGS/gOijYr0Y.Ae', 0, NULL, '2020-04-25 06:15:33', '2020-04-25 06:15:33'),
(76, 'Віталій', 'Лисенко', 'Дмитренко', 4, 'bodnarenko.grigori', NULL, '$2y$10$7UIqFab3EAtWDZw6KuoFZu4VOw5rGvYhwf3RxOGcQtsfZRIk4jTFu', 0, NULL, '2020-04-25 06:15:33', '2020-04-25 06:15:33'),
(77, 'Лариса', 'Павлюк', 'Гнатюк', 3, 'lybov08', NULL, '$2y$10$vwEumFQsyUqGLY.syh4QEebwjwmSJ5B7A974sAROwbUeCeHnZP20y', 0, NULL, '2020-04-25 06:15:34', '2020-04-25 06:15:34'),
(78, 'Микола', 'Дмитренко', 'Романченко', 4, 'boleslav79', NULL, '$2y$10$yRnBU0bIMLG85Jo2057wiOVORMo/GiKJoHMoocNmiJKkYuQjyN6MW', 0, NULL, '2020-04-25 06:15:34', '2020-04-25 06:15:34'),
(79, 'Данило', 'Броваренко', 'Василенко', 3, 'valeri74', NULL, '$2y$10$phr44RMh1h7GXzmqqcv5f.blq/AMdlIpFo0kCQ2UH11klB/oR.si2', 0, NULL, '2020-04-25 06:15:34', '2020-04-25 06:15:34'),
(80, 'Вікторія', 'Лисенко', 'Микитюк', 2, 'nna66', NULL, '$2y$10$u9jHp7pAEhRt2Fw.655X2.UI31nDEqZEMYeLCKt2c6idAY1n1db2G', 0, NULL, '2020-04-25 06:15:34', '2020-04-25 06:15:34');

--
-- Indexes for dumped tables
--

--
-- Indexes for table `administrators`
--
ALTER TABLE `administrators`
  ADD PRIMARY KEY (`id`),
  ADD UNIQUE KEY `administrators_email_unique` (`email`);

--
-- Indexes for table `answers`
--
ALTER TABLE `answers`
  ADD PRIMARY KEY (`id`),
  ADD KEY `answers_answer_option_id_foreign` (`answer_option_id`),
  ADD KEY `answers_asked_question_id_foreign` (`asked_question_id`);

--
-- Indexes for table `answer_options`
--
ALTER TABLE `answer_options`
  ADD PRIMARY KEY (`id`),
  ADD KEY `answer_options_question_id_foreign` (`question_id`);

--
-- Indexes for table `asked_questions`
--
ALTER TABLE `asked_questions`
  ADD PRIMARY KEY (`id`),
  ADD KEY `asked_questions_test_result_id_foreign` (`test_result_id`),
  ADD KEY `asked_questions_question_id_foreign` (`question_id`);

--
-- Indexes for table `failed_jobs`
--
ALTER TABLE `failed_jobs`
  ADD PRIMARY KEY (`id`);

--
-- Indexes for table `migrations`
--
ALTER TABLE `migrations`
  ADD PRIMARY KEY (`id`);

--
-- Indexes for table `model_has_permissions`
--
ALTER TABLE `model_has_permissions`
  ADD PRIMARY KEY (`permission_id`,`model_id`,`model_type`),
  ADD KEY `model_has_permissions_model_id_model_type_index` (`model_id`,`model_type`);

--
-- Indexes for table `model_has_roles`
--
ALTER TABLE `model_has_roles`
  ADD PRIMARY KEY (`role_id`,`model_id`,`model_type`),
  ADD KEY `model_has_roles_model_id_model_type_index` (`model_id`,`model_type`);

--
-- Indexes for table `password_resets`
--
ALTER TABLE `password_resets`
  ADD KEY `password_resets_email_index` (`email`);

--
-- Indexes for table `permissions`
--
ALTER TABLE `permissions`
  ADD PRIMARY KEY (`id`);

--
-- Indexes for table `questions`
--
ALTER TABLE `questions`
  ADD PRIMARY KEY (`id`),
  ADD KEY `questions_test_id_foreign` (`test_id`);

--
-- Indexes for table `roles`
--
ALTER TABLE `roles`
  ADD PRIMARY KEY (`id`);

--
-- Indexes for table `role_has_permissions`
--
ALTER TABLE `role_has_permissions`
  ADD PRIMARY KEY (`permission_id`,`role_id`),
  ADD KEY `role_has_permissions_role_id_foreign` (`role_id`);

--
-- Indexes for table `student_groups`
--
ALTER TABLE `student_groups`
  ADD PRIMARY KEY (`id`),
  ADD UNIQUE KEY `student_groups_uri_alias_unique` (`uri_alias`),
  ADD KEY `student_groups_year_index` (`year`),
  ADD KEY `student_groups_created_by_foreign` (`created_by`);

--
-- Indexes for table `tests`
--
ALTER TABLE `tests`
  ADD PRIMARY KEY (`id`),
  ADD UNIQUE KEY `tests_uri_alias_unique` (`uri_alias`),
  ADD KEY `tests_test_subject_id_foreign` (`test_subject_id`),
  ADD KEY `tests_created_by_foreign` (`created_by`);

--
-- Indexes for table `test_composite`
--
ALTER TABLE `test_composite`
  ADD PRIMARY KEY (`id`),
  ADD KEY `test_composite_id_test_foreign` (`id_test`),
  ADD KEY `test_composite_id_include_test_foreign` (`id_include_test`);

--
-- Indexes for table `test_results`
--
ALTER TABLE `test_results`
  ADD PRIMARY KEY (`id`),
  ADD KEY `test_results_test_id_foreign` (`test_id`),
  ADD KEY `test_results_user_id_foreign` (`user_id`);

--
-- Indexes for table `test_subjects`
--
ALTER TABLE `test_subjects`
  ADD PRIMARY KEY (`id`),
  ADD UNIQUE KEY `test_subjects_uri_alias_unique` (`uri_alias`);

--
-- Indexes for table `users`
--
ALTER TABLE `users`
  ADD PRIMARY KEY (`id`),
  ADD UNIQUE KEY `users_email_unique` (`email`),
  ADD KEY `users_student_group_id_foreign` (`student_group_id`);

--
-- AUTO_INCREMENT for dumped tables
--

--
-- AUTO_INCREMENT for table `administrators`
--
ALTER TABLE `administrators`
  MODIFY `id` bigint(20) UNSIGNED NOT NULL AUTO_INCREMENT, AUTO_INCREMENT=5;

--
-- AUTO_INCREMENT for table `answers`
--
ALTER TABLE `answers`
  MODIFY `id` bigint(20) UNSIGNED NOT NULL AUTO_INCREMENT, AUTO_INCREMENT=7007;

--
-- AUTO_INCREMENT for table `answer_options`
--
ALTER TABLE `answer_options`
  MODIFY `id` bigint(20) UNSIGNED NOT NULL AUTO_INCREMENT, AUTO_INCREMENT=149;

--
-- AUTO_INCREMENT for table `asked_questions`
--
ALTER TABLE `asked_questions`
  MODIFY `id` bigint(20) UNSIGNED NOT NULL AUTO_INCREMENT, AUTO_INCREMENT=1965;

--
-- AUTO_INCREMENT for table `failed_jobs`
--
ALTER TABLE `failed_jobs`
  MODIFY `id` bigint(20) UNSIGNED NOT NULL AUTO_INCREMENT;

--
-- AUTO_INCREMENT for table `migrations`
--
ALTER TABLE `migrations`
  MODIFY `id` int(10) UNSIGNED NOT NULL AUTO_INCREMENT, AUTO_INCREMENT=24;

--
-- AUTO_INCREMENT for table `permissions`
--
ALTER TABLE `permissions`
  MODIFY `id` bigint(20) UNSIGNED NOT NULL AUTO_INCREMENT, AUTO_INCREMENT=27;

--
-- AUTO_INCREMENT for table `questions`
--
ALTER TABLE `questions`
  MODIFY `id` bigint(20) UNSIGNED NOT NULL AUTO_INCREMENT, AUTO_INCREMENT=41;

--
-- AUTO_INCREMENT for table `roles`
--
ALTER TABLE `roles`
  MODIFY `id` bigint(20) UNSIGNED NOT NULL AUTO_INCREMENT, AUTO_INCREMENT=4;

--
-- AUTO_INCREMENT for table `student_groups`
--
ALTER TABLE `student_groups`
  MODIFY `id` bigint(20) UNSIGNED NOT NULL AUTO_INCREMENT, AUTO_INCREMENT=5;

--
-- AUTO_INCREMENT for table `tests`
--
ALTER TABLE `tests`
  MODIFY `id` bigint(20) UNSIGNED NOT NULL AUTO_INCREMENT, AUTO_INCREMENT=7;

--
-- AUTO_INCREMENT for table `test_composite`
--
ALTER TABLE `test_composite`
  MODIFY `id` bigint(20) UNSIGNED NOT NULL AUTO_INCREMENT, AUTO_INCREMENT=7;

--
-- AUTO_INCREMENT for table `test_results`
--
ALTER TABLE `test_results`
  MODIFY `id` bigint(20) UNSIGNED NOT NULL AUTO_INCREMENT, AUTO_INCREMENT=301;

--
-- AUTO_INCREMENT for table `test_subjects`
--
ALTER TABLE `test_subjects`
  MODIFY `id` bigint(20) UNSIGNED NOT NULL AUTO_INCREMENT, AUTO_INCREMENT=3;

--
-- AUTO_INCREMENT for table `users`
--
ALTER TABLE `users`
  MODIFY `id` bigint(20) UNSIGNED NOT NULL AUTO_INCREMENT, AUTO_INCREMENT=81;

--
-- Constraints for dumped tables
--

--
-- Constraints for table `answers`
--
ALTER TABLE `answers`
  ADD CONSTRAINT `answers_answer_option_id_foreign` FOREIGN KEY (`answer_option_id`) REFERENCES `answer_options` (`id`) ON DELETE CASCADE ON UPDATE CASCADE,
  ADD CONSTRAINT `answers_asked_question_id_foreign` FOREIGN KEY (`asked_question_id`) REFERENCES `asked_questions` (`id`) ON DELETE CASCADE ON UPDATE CASCADE;

--
-- Constraints for table `answer_options`
--
ALTER TABLE `answer_options`
  ADD CONSTRAINT `answer_options_question_id_foreign` FOREIGN KEY (`question_id`) REFERENCES `questions` (`id`) ON DELETE CASCADE ON UPDATE CASCADE;

--
-- Constraints for table `asked_questions`
--
ALTER TABLE `asked_questions`
  ADD CONSTRAINT `asked_questions_question_id_foreign` FOREIGN KEY (`question_id`) REFERENCES `questions` (`id`) ON DELETE CASCADE ON UPDATE CASCADE,
  ADD CONSTRAINT `asked_questions_test_result_id_foreign` FOREIGN KEY (`test_result_id`) REFERENCES `test_results` (`id`) ON DELETE CASCADE ON UPDATE CASCADE;

--
-- Constraints for table `model_has_permissions`
--
ALTER TABLE `model_has_permissions`
  ADD CONSTRAINT `model_has_permissions_permission_id_foreign` FOREIGN KEY (`permission_id`) REFERENCES `permissions` (`id`) ON DELETE CASCADE;

--
-- Constraints for table `model_has_roles`
--
ALTER TABLE `model_has_roles`
  ADD CONSTRAINT `model_has_roles_role_id_foreign` FOREIGN KEY (`role_id`) REFERENCES `roles` (`id`) ON DELETE CASCADE;

--
-- Constraints for table `questions`
--
ALTER TABLE `questions`
  ADD CONSTRAINT `questions_test_id_foreign` FOREIGN KEY (`test_id`) REFERENCES `tests` (`id`) ON DELETE CASCADE ON UPDATE CASCADE;

--
-- Constraints for table `role_has_permissions`
--
ALTER TABLE `role_has_permissions`
  ADD CONSTRAINT `role_has_permissions_permission_id_foreign` FOREIGN KEY (`permission_id`) REFERENCES `permissions` (`id`) ON DELETE CASCADE,
  ADD CONSTRAINT `role_has_permissions_role_id_foreign` FOREIGN KEY (`role_id`) REFERENCES `roles` (`id`) ON DELETE CASCADE;

--
-- Constraints for table `student_groups`
--
ALTER TABLE `student_groups`
  ADD CONSTRAINT `student_groups_created_by_foreign` FOREIGN KEY (`created_by`) REFERENCES `administrators` (`id`) ON DELETE SET NULL ON UPDATE CASCADE;

--
-- Constraints for table `tests`
--
ALTER TABLE `tests`
  ADD CONSTRAINT `tests_created_by_foreign` FOREIGN KEY (`created_by`) REFERENCES `administrators` (`id`) ON DELETE SET NULL ON UPDATE CASCADE,
  ADD CONSTRAINT `tests_test_subject_id_foreign` FOREIGN KEY (`test_subject_id`) REFERENCES `test_subjects` (`id`) ON DELETE CASCADE ON UPDATE CASCADE;

--
-- Constraints for table `test_composite`
--
ALTER TABLE `test_composite`
  ADD CONSTRAINT `test_composite_id_include_test_foreign` FOREIGN KEY (`id_include_test`) REFERENCES `tests` (`id`) ON DELETE CASCADE ON UPDATE CASCADE,
  ADD CONSTRAINT `test_composite_id_test_foreign` FOREIGN KEY (`id_test`) REFERENCES `tests` (`id`) ON DELETE CASCADE ON UPDATE CASCADE;

--
-- Constraints for table `test_results`
--
ALTER TABLE `test_results`
  ADD CONSTRAINT `test_results_test_id_foreign` FOREIGN KEY (`test_id`) REFERENCES `tests` (`id`) ON DELETE CASCADE ON UPDATE CASCADE,
  ADD CONSTRAINT `test_results_user_id_foreign` FOREIGN KEY (`user_id`) REFERENCES `users` (`id`) ON DELETE CASCADE ON UPDATE CASCADE;

--
-- Constraints for table `users`
--
ALTER TABLE `users`
  ADD CONSTRAINT `users_student_group_id_foreign` FOREIGN KEY (`student_group_id`) REFERENCES `student_groups` (`id`) ON DELETE CASCADE ON UPDATE CASCADE;
COMMIT;

/*!40101 SET CHARACTER_SET_CLIENT=@OLD_CHARACTER_SET_CLIENT */;
/*!40101 SET CHARACTER_SET_RESULTS=@OLD_CHARACTER_SET_RESULTS */;
/*!40101 SET COLLATION_CONNECTION=@OLD_COLLATION_CONNECTION */;
