-- phpMyAdmin SQL Dump
-- version 4.9.0.1
-- https://www.phpmyadmin.net/
--
-- Host: 127.0.0.1
-- Generation Time: Apr 30, 2020 at 11:08 PM
-- Server version: 10.3.16-MariaDB
-- PHP Version: 7.3.7

SET SQL_MODE = "NO_AUTO_VALUE_ON_ZERO";
SET AUTOCOMMIT = 0;
START TRANSACTION;
SET time_zone = "+00:00";


/*!40101 SET @OLD_CHARACTER_SET_CLIENT=@@CHARACTER_SET_CLIENT */;
/*!40101 SET @OLD_CHARACTER_SET_RESULTS=@@CHARACTER_SET_RESULTS */;
/*!40101 SET @OLD_COLLATION_CONNECTION=@@COLLATION_CONNECTION */;
/*!40101 SET NAMES utf8mb4 */;

--
-- Database: `quizzy_database`
--

-- --------------------------------------------------------

--
-- Table structure for table `administrators`
--

CREATE TABLE `administrators` (
  `id` bigint(20) UNSIGNED NOT NULL,
  `name` varchar(255) COLLATE utf8mb4_unicode_ci NOT NULL,
  `surname` varchar(255) COLLATE utf8mb4_unicode_ci NOT NULL,
  `patronymic` varchar(255) COLLATE utf8mb4_unicode_ci NOT NULL,
  `email` varchar(127) COLLATE utf8mb4_unicode_ci NOT NULL,
  `email_verified_at` timestamp NULL DEFAULT NULL,
  `password` varchar(255) COLLATE utf8mb4_unicode_ci NOT NULL,
  `password_changed` tinyint(1) NOT NULL DEFAULT 0,
  `remember_token` varchar(100) COLLATE utf8mb4_unicode_ci DEFAULT NULL,
  `created_at` timestamp NULL DEFAULT NULL,
  `updated_at` timestamp NULL DEFAULT NULL
) ENGINE=InnoDB DEFAULT CHARSET=utf8mb4 COLLATE=utf8mb4_unicode_ci;

--
-- Dumping data for table `administrators`
--

INSERT INTO `administrators` (`id`, `name`, `surname`, `patronymic`, `email`, `email_verified_at`, `password`, `password_changed`, `remember_token`, `created_at`, `updated_at`) VALUES
(1, '', 'system', '', 'system', NULL, '$2y$10$u39Ln3/GsO4kzh3Eq5tj2OkIOS.Ct4H6aqUFCJw5E8pwYXt4rqS66', 0, NULL, '2020-04-30 18:06:02', '2020-04-30 18:06:02'),
(2, 'Євген', 'Григоровський', 'Сергійович', 'admin', NULL, '$2y$10$I4Zga6pgKKYga6ZETW6FFO0ra86BBIo/P5ODfNE3j0NXPdgDuCSbG', 0, NULL, '2020-04-30 18:06:02', '2020-04-30 18:06:02'),
(3, 'Ірина', 'Гутник', 'Іванівна', 'iryna-hutnyk', NULL, '$2y$10$aI.1nkY2g1qhbTnU7Y0wk.Zz.cylBuC2fYX5qBOqmJpP.Izxfc.LS', 0, NULL, '2020-04-30 18:06:02', '2020-04-30 18:06:02'),
(4, 'Олександр', 'Моїк', 'Ігорович', 'sand', NULL, '$2y$10$USUzGilpHXgyRRB6KXcLiemj6HXoPAJDRHB3L0V7AU8Rf9NWwHBMu', 0, NULL, '2020-04-30 18:06:02', '2020-04-30 18:06:02');

-- --------------------------------------------------------

--
-- Table structure for table `answers`
--

CREATE TABLE `answers` (
  `id` bigint(20) UNSIGNED NOT NULL,
  `answer_option_id` bigint(20) UNSIGNED NOT NULL,
  `asked_question_id` bigint(20) UNSIGNED NOT NULL,
  `is_chosen` tinyint(4) NOT NULL DEFAULT 0
) ENGINE=InnoDB DEFAULT CHARSET=utf8mb4 COLLATE=utf8mb4_unicode_ci;

--
-- Dumping data for table `answers`
--

INSERT INTO `answers` (`id`, `answer_option_id`, `asked_question_id`, `is_chosen`) VALUES
(1, 145, 1, 0),
(2, 146, 1, 1),
(3, 147, 1, 0),
(4, 142, 2, 1),
(5, 143, 2, 0),
(6, 144, 2, 1),
(7, 61, 3, 1),
(8, 62, 3, 0),
(9, 63, 3, 1),
(10, 64, 3, 0),
(11, 118, 4, 1),
(12, 119, 4, 0),
(13, 120, 4, 1),
(14, 121, 4, 0),
(15, 122, 4, 0),
(16, 7, 5, 1),
(17, 8, 5, 0),
(18, 9, 5, 0),
(19, 10, 5, 0),
(20, 11, 5, 1),
(21, 97, 6, 1),
(22, 98, 6, 1),
(23, 19, 7, 1),
(24, 20, 7, 0),
(25, 27, 8, 1),
(26, 28, 8, 1),
(27, 29, 8, 0),
(28, 30, 8, 1),
(29, 138, 9, 1),
(30, 139, 9, 0),
(31, 44, 10, 1),
(32, 45, 10, 1),
(33, 61, 11, 1),
(34, 62, 11, 0),
(35, 63, 11, 1),
(36, 64, 11, 0),
(37, 138, 12, 1),
(38, 139, 12, 0),
(39, 27, 13, 1),
(40, 28, 13, 1),
(41, 29, 13, 1),
(42, 30, 13, 1),
(43, 118, 14, 0),
(44, 119, 14, 1),
(45, 120, 14, 1),
(46, 121, 14, 0),
(47, 122, 14, 0),
(48, 7, 15, 1),
(49, 8, 15, 0),
(50, 9, 15, 0),
(51, 10, 15, 0),
(52, 11, 15, 1),
(53, 44, 16, 1),
(54, 45, 16, 1),
(55, 19, 17, 1),
(56, 20, 17, 0),
(57, 97, 18, 1),
(58, 98, 18, 1),
(59, 130, 19, 1),
(60, 131, 19, 0),
(61, 132, 19, 0),
(62, 133, 19, 1),
(63, 108, 20, 1),
(64, 109, 20, 1),
(65, 110, 20, 1),
(66, 111, 20, 0),
(67, 112, 20, 0),
(68, 82, 21, 1),
(69, 83, 21, 0),
(70, 134, 22, 1),
(71, 135, 22, 1),
(72, 136, 22, 0),
(73, 137, 22, 0),
(74, 15, 23, 1),
(75, 16, 23, 0),
(76, 17, 23, 0),
(77, 18, 23, 1),
(78, 140, 24, 1),
(79, 141, 24, 0),
(80, 12, 25, 1),
(81, 13, 25, 1),
(82, 14, 25, 0),
(83, 123, 26, 0),
(84, 124, 26, 1),
(85, 125, 26, 1),
(86, 126, 26, 1),
(87, 86, 27, 1),
(88, 87, 27, 0),
(89, 76, 28, 1),
(90, 77, 28, 0),
(91, 78, 28, 0),
(92, 99, 29, 1),
(93, 100, 29, 0),
(94, 101, 29, 1),
(95, 102, 29, 0),
(96, 84, 30, 1),
(97, 85, 30, 0),
(98, 31, 31, 1),
(99, 32, 31, 1),
(100, 33, 31, 0),
(101, 34, 31, 1),
(102, 65, 32, 1),
(103, 66, 32, 1),
(104, 72, 33, 1),
(105, 73, 33, 0),
(106, 74, 33, 1),
(107, 75, 33, 0),
(108, 92, 34, 1),
(109, 93, 34, 0),
(110, 94, 34, 1),
(111, 95, 34, 1),
(112, 96, 34, 1),
(113, 127, 35, 0),
(114, 128, 35, 1),
(115, 129, 35, 1),
(116, 21, 36, 0),
(117, 22, 36, 1),
(118, 23, 36, 1),
(119, 24, 37, 0),
(120, 25, 37, 1),
(121, 26, 37, 1),
(122, 88, 38, 0),
(123, 89, 38, 0),
(124, 90, 38, 1),
(125, 91, 38, 1),
(126, 138, 39, 1),
(127, 139, 39, 0),
(128, 44, 40, 1),
(129, 45, 40, 1),
(130, 19, 41, 1),
(131, 20, 41, 0),
(132, 7, 42, 1),
(133, 8, 42, 1),
(134, 9, 42, 0),
(135, 10, 42, 0),
(136, 11, 42, 1),
(137, 61, 43, 1),
(138, 62, 43, 0),
(139, 63, 43, 1),
(140, 64, 43, 0),
(141, 97, 44, 1),
(142, 98, 44, 1),
(143, 118, 45, 1),
(144, 119, 45, 0),
(145, 120, 45, 1),
(146, 121, 45, 0),
(147, 122, 45, 1),
(148, 27, 46, 1),
(149, 28, 46, 0),
(150, 29, 46, 0),
(151, 30, 46, 1),
(152, 103, 47, 1),
(153, 104, 47, 1),
(154, 105, 47, 1),
(155, 106, 47, 0),
(156, 107, 47, 0),
(157, 113, 48, 1),
(158, 114, 48, 1),
(159, 115, 48, 0),
(160, 116, 48, 0),
(161, 117, 48, 1),
(162, 67, 49, 0),
(163, 68, 49, 1),
(164, 69, 49, 0),
(165, 70, 49, 0),
(166, 71, 49, 1),
(167, 40, 50, 1),
(168, 41, 50, 1),
(169, 42, 50, 1),
(170, 43, 50, 1),
(171, 35, 51, 1),
(172, 36, 51, 0),
(173, 37, 51, 1),
(174, 38, 51, 0),
(175, 39, 51, 1),
(176, 54, 52, 1),
(177, 55, 52, 0),
(178, 56, 52, 0),
(179, 46, 53, 1),
(180, 47, 53, 0),
(181, 48, 53, 1),
(182, 49, 53, 0),
(183, 50, 54, 1),
(184, 51, 54, 1),
(185, 52, 54, 1),
(186, 53, 54, 0),
(187, 57, 55, 1),
(188, 58, 55, 1),
(189, 59, 55, 0),
(190, 60, 55, 0),
(191, 79, 56, 0),
(192, 80, 56, 1),
(193, 81, 56, 0),
(194, 57, 57, 1),
(195, 58, 57, 1),
(196, 59, 57, 0),
(197, 60, 57, 0),
(198, 67, 58, 1),
(199, 68, 58, 0),
(200, 69, 58, 0),
(201, 70, 58, 1),
(202, 71, 58, 1),
(203, 46, 59, 1),
(204, 47, 59, 0),
(205, 48, 59, 1),
(206, 49, 59, 0),
(207, 113, 60, 1),
(208, 114, 60, 1),
(209, 115, 60, 0),
(210, 116, 60, 0),
(211, 117, 60, 1),
(212, 35, 61, 1),
(213, 36, 61, 0),
(214, 37, 61, 1),
(215, 38, 61, 0),
(216, 39, 61, 0),
(217, 40, 62, 1),
(218, 41, 62, 0),
(219, 42, 62, 0),
(220, 43, 62, 1),
(221, 54, 63, 1),
(222, 55, 63, 1),
(223, 56, 63, 0),
(224, 103, 64, 1),
(225, 104, 64, 0),
(226, 105, 64, 1),
(227, 106, 64, 1),
(228, 107, 64, 0),
(229, 79, 65, 1),
(230, 80, 65, 1),
(231, 81, 65, 0),
(232, 50, 66, 1),
(233, 51, 66, 0),
(234, 52, 66, 1),
(235, 53, 66, 1),
(236, 19, 67, 1),
(237, 20, 67, 0),
(238, 61, 68, 1),
(239, 62, 68, 0),
(240, 63, 68, 1),
(241, 64, 68, 0),
(242, 7, 69, 1),
(243, 8, 69, 0),
(244, 9, 69, 0),
(245, 10, 69, 1),
(246, 11, 69, 0),
(247, 97, 70, 1),
(248, 98, 70, 1),
(249, 118, 71, 0),
(250, 119, 71, 0),
(251, 120, 71, 1),
(252, 121, 71, 0),
(253, 122, 71, 0),
(254, 44, 72, 1),
(255, 45, 72, 1),
(256, 27, 73, 1),
(257, 28, 73, 1),
(258, 29, 73, 0),
(259, 30, 73, 1),
(260, 138, 74, 1),
(261, 139, 74, 0),
(262, 130, 75, 1),
(263, 131, 75, 0),
(264, 132, 75, 0),
(265, 133, 75, 0),
(266, 82, 76, 0),
(267, 83, 76, 0),
(268, 108, 77, 1),
(269, 109, 77, 1),
(270, 110, 77, 1),
(271, 111, 77, 0),
(272, 112, 77, 0),
(273, 142, 78, 0),
(274, 143, 78, 0),
(275, 144, 78, 1),
(276, 145, 79, 0),
(277, 146, 79, 0),
(278, 147, 79, 0),
(279, 24, 80, 1),
(280, 25, 80, 1),
(281, 26, 80, 1),
(282, 88, 81, 1),
(283, 89, 81, 1),
(284, 90, 81, 1),
(285, 91, 81, 0),
(286, 21, 82, 1),
(287, 22, 82, 0),
(288, 23, 82, 1),
(289, 99, 83, 1),
(290, 100, 83, 1),
(291, 101, 83, 1),
(292, 102, 83, 1),
(293, 65, 84, 1),
(294, 66, 84, 1),
(295, 31, 85, 1),
(296, 32, 85, 1),
(297, 33, 85, 0),
(298, 34, 85, 1),
(299, 92, 86, 1),
(300, 93, 86, 0),
(301, 94, 86, 1),
(302, 95, 86, 1),
(303, 96, 86, 1),
(304, 84, 87, 1),
(305, 85, 87, 1),
(306, 76, 88, 1),
(307, 77, 88, 1),
(308, 78, 88, 0),
(309, 123, 89, 0),
(310, 124, 89, 1),
(311, 125, 89, 1),
(312, 126, 89, 0),
(313, 140, 90, 0),
(314, 141, 90, 0),
(315, 134, 91, 1),
(316, 135, 91, 0),
(317, 136, 91, 1),
(318, 137, 91, 0),
(319, 72, 92, 1),
(320, 73, 92, 1),
(321, 74, 92, 1),
(322, 75, 92, 1),
(323, 12, 93, 1),
(324, 13, 93, 0),
(325, 14, 93, 0),
(326, 15, 94, 1),
(327, 16, 94, 0),
(328, 17, 94, 0),
(329, 18, 94, 1),
(330, 127, 95, 1),
(331, 128, 95, 1),
(332, 129, 95, 1),
(333, 86, 96, 1),
(334, 87, 96, 0),
(335, 123, 97, 0),
(336, 124, 97, 1),
(337, 125, 97, 1),
(338, 126, 97, 0),
(339, 127, 98, 1),
(340, 128, 98, 1),
(341, 129, 98, 1),
(342, 12, 99, 1),
(343, 13, 99, 1),
(344, 14, 99, 1),
(345, 76, 100, 0),
(346, 77, 100, 0),
(347, 78, 100, 0),
(348, 134, 101, 0),
(349, 135, 101, 1),
(350, 136, 101, 0),
(351, 137, 101, 0),
(352, 86, 102, 1),
(353, 87, 102, 0),
(354, 92, 103, 1),
(355, 93, 103, 0),
(356, 94, 103, 1),
(357, 95, 103, 1),
(358, 96, 103, 1),
(359, 65, 104, 1),
(360, 66, 104, 1),
(361, 31, 105, 1),
(362, 32, 105, 1),
(363, 33, 105, 0),
(364, 34, 105, 1),
(365, 99, 106, 1),
(366, 100, 106, 0),
(367, 101, 106, 1),
(368, 102, 106, 1),
(369, 15, 107, 1),
(370, 16, 107, 1),
(371, 17, 107, 1),
(372, 18, 107, 1),
(373, 140, 108, 1),
(374, 141, 108, 0),
(375, 84, 109, 1),
(376, 85, 109, 0),
(377, 72, 110, 1),
(378, 73, 110, 1),
(379, 74, 110, 0),
(380, 75, 110, 0),
(381, 67, 111, 1),
(382, 68, 111, 1),
(383, 69, 111, 1),
(384, 70, 111, 1),
(385, 71, 111, 1),
(386, 103, 112, 1),
(387, 104, 112, 0),
(388, 105, 112, 1),
(389, 106, 112, 0),
(390, 107, 112, 0),
(391, 79, 113, 1),
(392, 80, 113, 0),
(393, 81, 113, 0),
(394, 46, 114, 1),
(395, 47, 114, 0),
(396, 48, 114, 1),
(397, 49, 114, 0),
(398, 50, 115, 0),
(399, 51, 115, 1),
(400, 52, 115, 1),
(401, 53, 115, 0),
(402, 35, 116, 1),
(403, 36, 116, 0),
(404, 37, 116, 0),
(405, 38, 116, 0),
(406, 39, 116, 0),
(407, 54, 117, 1),
(408, 55, 117, 1),
(409, 56, 117, 0),
(410, 113, 118, 1),
(411, 114, 118, 1),
(412, 115, 118, 0),
(413, 116, 118, 0),
(414, 117, 118, 1),
(415, 57, 119, 1),
(416, 58, 119, 0),
(417, 59, 119, 0),
(418, 60, 119, 0),
(419, 40, 120, 1),
(420, 41, 120, 1),
(421, 42, 120, 0),
(422, 43, 120, 1),
(423, 142, 121, 1),
(424, 143, 121, 0),
(425, 144, 121, 1),
(426, 145, 122, 0),
(427, 146, 122, 1),
(428, 147, 122, 0),
(429, 82, 123, 0),
(430, 83, 123, 0),
(431, 130, 124, 1),
(432, 131, 124, 0),
(433, 132, 124, 0),
(434, 133, 124, 0),
(435, 108, 125, 0),
(436, 109, 125, 1),
(437, 110, 125, 1),
(438, 111, 125, 0),
(439, 112, 125, 1),
(440, 82, 126, 1),
(441, 83, 126, 0),
(442, 108, 127, 1),
(443, 109, 127, 1),
(444, 110, 127, 1),
(445, 111, 127, 1),
(446, 112, 127, 0),
(447, 130, 128, 1),
(448, 131, 128, 0),
(449, 132, 128, 0),
(450, 133, 128, 0),
(451, 46, 129, 0),
(452, 47, 129, 0),
(453, 48, 129, 1),
(454, 49, 129, 1),
(455, 35, 130, 1),
(456, 36, 130, 0),
(457, 37, 130, 1),
(458, 38, 130, 1),
(459, 39, 130, 0),
(460, 103, 131, 1),
(461, 104, 131, 0),
(462, 105, 131, 1),
(463, 106, 131, 1),
(464, 107, 131, 0),
(465, 113, 132, 1),
(466, 114, 132, 1),
(467, 115, 132, 0),
(468, 116, 132, 0),
(469, 117, 132, 1),
(470, 40, 133, 1),
(471, 41, 133, 1),
(472, 42, 133, 0),
(473, 43, 133, 1),
(474, 67, 134, 1),
(475, 68, 134, 0),
(476, 69, 134, 0),
(477, 70, 134, 0),
(478, 71, 134, 1),
(479, 79, 135, 1),
(480, 80, 135, 0),
(481, 81, 135, 0),
(482, 57, 136, 1),
(483, 58, 136, 1),
(484, 59, 136, 1),
(485, 60, 136, 0),
(486, 50, 137, 1),
(487, 51, 137, 1),
(488, 52, 137, 1),
(489, 53, 137, 0),
(490, 54, 138, 1),
(491, 55, 138, 1),
(492, 56, 138, 0),
(493, 113, 139, 1),
(494, 114, 139, 0),
(495, 115, 139, 0),
(496, 116, 139, 0),
(497, 117, 139, 1),
(498, 40, 140, 1),
(499, 41, 140, 1),
(500, 42, 140, 0),
(501, 43, 140, 1),
(502, 67, 141, 1),
(503, 68, 141, 1),
(504, 69, 141, 0),
(505, 70, 141, 1),
(506, 71, 141, 1),
(507, 54, 142, 0),
(508, 55, 142, 1),
(509, 56, 142, 0),
(510, 103, 143, 1),
(511, 104, 143, 0),
(512, 105, 143, 1),
(513, 106, 143, 0),
(514, 107, 143, 0),
(515, 57, 144, 1),
(516, 58, 144, 1),
(517, 59, 144, 0),
(518, 60, 144, 0),
(519, 79, 145, 1),
(520, 80, 145, 1),
(521, 81, 145, 1),
(522, 46, 146, 1),
(523, 47, 146, 0),
(524, 48, 146, 1),
(525, 49, 146, 0),
(526, 35, 147, 1),
(527, 36, 147, 0),
(528, 37, 147, 1),
(529, 38, 147, 1),
(530, 39, 147, 1),
(531, 50, 148, 1),
(532, 51, 148, 1),
(533, 52, 148, 1),
(534, 53, 148, 0),
(535, 88, 149, 1),
(536, 89, 149, 0),
(537, 90, 149, 0),
(538, 91, 149, 0),
(539, 24, 150, 0),
(540, 25, 150, 1),
(541, 26, 150, 1),
(542, 21, 151, 1),
(543, 22, 151, 1),
(544, 23, 151, 1),
(545, 24, 152, 1),
(546, 25, 152, 1),
(547, 26, 152, 1),
(548, 21, 153, 1),
(549, 22, 153, 0),
(550, 23, 153, 1),
(551, 88, 154, 0),
(552, 89, 154, 0),
(553, 90, 154, 1),
(554, 91, 154, 0),
(555, 88, 155, 0),
(556, 89, 155, 0),
(557, 90, 155, 1),
(558, 91, 155, 0),
(559, 24, 156, 1),
(560, 25, 156, 1),
(561, 26, 156, 1),
(562, 21, 157, 0),
(563, 22, 157, 0),
(564, 23, 157, 1),
(565, 142, 158, 0),
(566, 143, 158, 0),
(567, 144, 158, 1),
(568, 145, 159, 0),
(569, 146, 159, 1),
(570, 147, 159, 0),
(571, 21, 160, 0),
(572, 22, 160, 1),
(573, 23, 160, 1),
(574, 24, 161, 1),
(575, 25, 161, 1),
(576, 26, 161, 0),
(577, 88, 162, 1),
(578, 89, 162, 0),
(579, 90, 162, 1),
(580, 91, 162, 0),
(581, 24, 163, 1),
(582, 25, 163, 0),
(583, 26, 163, 1),
(584, 21, 164, 1),
(585, 22, 164, 0),
(586, 23, 164, 1),
(587, 88, 165, 1),
(588, 89, 165, 0),
(589, 90, 165, 1),
(590, 91, 165, 0),
(591, 24, 166, 1),
(592, 25, 166, 0),
(593, 26, 166, 1),
(594, 21, 167, 1),
(595, 22, 167, 0),
(596, 23, 167, 1),
(597, 88, 168, 1),
(598, 89, 168, 0),
(599, 90, 168, 1),
(600, 91, 168, 0),
(601, 127, 169, 0),
(602, 128, 169, 1),
(603, 129, 169, 0),
(604, 12, 170, 1),
(605, 13, 170, 1),
(606, 14, 170, 0),
(607, 99, 171, 1),
(608, 100, 171, 0),
(609, 101, 171, 1),
(610, 102, 171, 1),
(611, 72, 172, 1),
(612, 73, 172, 0),
(613, 74, 172, 1),
(614, 75, 172, 0),
(615, 76, 173, 1),
(616, 77, 173, 0),
(617, 78, 173, 0),
(618, 123, 174, 1),
(619, 124, 174, 1),
(620, 125, 174, 1),
(621, 126, 174, 0),
(622, 134, 175, 1),
(623, 135, 175, 1),
(624, 136, 175, 0),
(625, 137, 175, 0),
(626, 140, 176, 1),
(627, 141, 176, 0),
(628, 15, 177, 1),
(629, 16, 177, 0),
(630, 17, 177, 0),
(631, 18, 177, 1),
(632, 84, 178, 0),
(633, 85, 178, 1),
(634, 92, 179, 1),
(635, 93, 179, 0),
(636, 94, 179, 1),
(637, 95, 179, 1),
(638, 96, 179, 1),
(639, 86, 180, 1),
(640, 87, 180, 0),
(641, 31, 181, 1),
(642, 32, 181, 1),
(643, 33, 181, 0),
(644, 34, 181, 0),
(645, 65, 182, 1),
(646, 66, 182, 1),
(647, 145, 183, 0),
(648, 146, 183, 0),
(649, 147, 183, 1),
(650, 142, 184, 1),
(651, 143, 184, 1),
(652, 144, 184, 1),
(653, 142, 185, 1),
(654, 143, 185, 1),
(655, 144, 185, 0),
(656, 145, 186, 0),
(657, 146, 186, 1),
(658, 147, 186, 0),
(659, 79, 187, 1),
(660, 80, 187, 0),
(661, 81, 187, 0),
(662, 35, 188, 1),
(663, 36, 188, 0),
(664, 37, 188, 1),
(665, 38, 188, 0),
(666, 39, 188, 1),
(667, 103, 189, 1),
(668, 104, 189, 0),
(669, 105, 189, 1),
(670, 106, 189, 1),
(671, 107, 189, 0),
(672, 50, 190, 1),
(673, 51, 190, 1),
(674, 52, 190, 1),
(675, 53, 190, 1),
(676, 40, 191, 0),
(677, 41, 191, 1),
(678, 42, 191, 0),
(679, 43, 191, 1),
(680, 54, 192, 0),
(681, 55, 192, 1),
(682, 56, 192, 0),
(683, 67, 193, 1),
(684, 68, 193, 1),
(685, 69, 193, 0),
(686, 70, 193, 1),
(687, 71, 193, 1),
(688, 57, 194, 1),
(689, 58, 194, 1),
(690, 59, 194, 0),
(691, 60, 194, 1),
(692, 46, 195, 1),
(693, 47, 195, 0),
(694, 48, 195, 0),
(695, 49, 195, 1),
(696, 113, 196, 1),
(697, 114, 196, 1),
(698, 115, 196, 0),
(699, 116, 196, 0),
(700, 117, 196, 0),
(701, 82, 197, 1),
(702, 83, 197, 0),
(703, 108, 198, 1),
(704, 109, 198, 1),
(705, 110, 198, 1),
(706, 111, 198, 0),
(707, 112, 198, 0),
(708, 130, 199, 0),
(709, 131, 199, 0),
(710, 132, 199, 0),
(711, 133, 199, 0),
(712, 142, 200, 1),
(713, 143, 200, 0),
(714, 144, 200, 1),
(715, 145, 201, 0),
(716, 146, 201, 0),
(717, 147, 201, 0),
(718, 24, 202, 1),
(719, 25, 202, 1),
(720, 26, 202, 1),
(721, 21, 203, 1),
(722, 22, 203, 0),
(723, 23, 203, 1),
(724, 88, 204, 1),
(725, 89, 204, 1),
(726, 90, 204, 1),
(727, 91, 204, 0),
(728, 21, 205, 1),
(729, 22, 205, 0),
(730, 23, 205, 0),
(731, 24, 206, 0),
(732, 25, 206, 1),
(733, 26, 206, 0),
(734, 88, 207, 1),
(735, 89, 207, 0),
(736, 90, 207, 1),
(737, 91, 207, 0),
(738, 67, 208, 1),
(739, 68, 208, 1),
(740, 69, 208, 1),
(741, 70, 208, 1),
(742, 71, 208, 1),
(743, 50, 209, 0),
(744, 51, 209, 1),
(745, 52, 209, 0),
(746, 53, 209, 0),
(747, 103, 210, 1),
(748, 104, 210, 0),
(749, 105, 210, 1),
(750, 106, 210, 0),
(751, 107, 210, 0),
(752, 113, 211, 1),
(753, 114, 211, 1),
(754, 115, 211, 1),
(755, 116, 211, 1),
(756, 117, 211, 1),
(757, 54, 212, 1),
(758, 55, 212, 1),
(759, 56, 212, 0),
(760, 40, 213, 0),
(761, 41, 213, 1),
(762, 42, 213, 1),
(763, 43, 213, 1),
(764, 35, 214, 1),
(765, 36, 214, 0),
(766, 37, 214, 0),
(767, 38, 214, 0),
(768, 39, 214, 1),
(769, 79, 215, 1),
(770, 80, 215, 0),
(771, 81, 215, 0),
(772, 57, 216, 1),
(773, 58, 216, 1),
(774, 59, 216, 1),
(775, 60, 216, 0),
(776, 46, 217, 1),
(777, 47, 217, 0),
(778, 48, 217, 1),
(779, 49, 217, 1),
(780, 145, 218, 0),
(781, 146, 218, 1),
(782, 147, 218, 0),
(783, 142, 219, 1),
(784, 143, 219, 0),
(785, 144, 219, 1),
(786, 24, 220, 1),
(787, 25, 220, 1),
(788, 26, 220, 1),
(789, 21, 221, 1),
(790, 22, 221, 0),
(791, 23, 221, 1),
(792, 88, 222, 1),
(793, 89, 222, 0),
(794, 90, 222, 1),
(795, 91, 222, 0),
(796, 27, 223, 1),
(797, 28, 223, 1),
(798, 29, 223, 1),
(799, 30, 223, 1),
(800, 97, 224, 1),
(801, 98, 224, 1),
(802, 118, 225, 1),
(803, 119, 225, 1),
(804, 120, 225, 1),
(805, 121, 225, 1),
(806, 122, 225, 0),
(807, 7, 226, 1),
(808, 8, 226, 0),
(809, 9, 226, 0),
(810, 10, 226, 0),
(811, 11, 226, 1),
(812, 44, 227, 1),
(813, 45, 227, 1),
(814, 138, 228, 1),
(815, 139, 228, 0),
(816, 19, 229, 0),
(817, 20, 229, 0),
(818, 61, 230, 1),
(819, 62, 230, 0),
(820, 63, 230, 1),
(821, 64, 230, 0),
(822, 97, 231, 1),
(823, 98, 231, 1),
(824, 19, 232, 0),
(825, 20, 232, 1),
(826, 118, 233, 1),
(827, 119, 233, 0),
(828, 120, 233, 1),
(829, 121, 233, 0),
(830, 122, 233, 0),
(831, 138, 234, 1),
(832, 139, 234, 0),
(833, 61, 235, 0),
(834, 62, 235, 0),
(835, 63, 235, 0),
(836, 64, 235, 0),
(837, 7, 236, 0),
(838, 8, 236, 0),
(839, 9, 236, 0),
(840, 10, 236, 0),
(841, 11, 236, 1),
(842, 44, 237, 1),
(843, 45, 237, 0),
(844, 27, 238, 1),
(845, 28, 238, 1),
(846, 29, 238, 0),
(847, 30, 238, 1),
(848, 113, 239, 0),
(849, 114, 239, 1),
(850, 115, 239, 0),
(851, 116, 239, 0),
(852, 117, 239, 0),
(853, 79, 240, 1),
(854, 80, 240, 0),
(855, 81, 240, 0),
(856, 57, 241, 1),
(857, 58, 241, 1),
(858, 59, 241, 1),
(859, 60, 241, 1),
(860, 46, 242, 0),
(861, 47, 242, 0),
(862, 48, 242, 1),
(863, 49, 242, 0),
(864, 67, 243, 1),
(865, 68, 243, 1),
(866, 69, 243, 0),
(867, 70, 243, 1),
(868, 71, 243, 1),
(869, 50, 244, 1),
(870, 51, 244, 1),
(871, 52, 244, 1),
(872, 53, 244, 0),
(873, 54, 245, 1),
(874, 55, 245, 1),
(875, 56, 245, 0),
(876, 35, 246, 1),
(877, 36, 246, 0),
(878, 37, 246, 1),
(879, 38, 246, 0),
(880, 39, 246, 1),
(881, 40, 247, 1),
(882, 41, 247, 0),
(883, 42, 247, 0),
(884, 43, 247, 1),
(885, 103, 248, 1),
(886, 104, 248, 0),
(887, 105, 248, 1),
(888, 106, 248, 1),
(889, 107, 248, 0),
(890, 127, 249, 1),
(891, 128, 249, 1),
(892, 129, 249, 1),
(893, 12, 250, 1),
(894, 13, 250, 1),
(895, 14, 250, 0),
(896, 140, 251, 0),
(897, 141, 251, 0),
(898, 123, 252, 1),
(899, 124, 252, 1),
(900, 125, 252, 1),
(901, 126, 252, 0),
(902, 15, 253, 0),
(903, 16, 253, 1),
(904, 17, 253, 0),
(905, 18, 253, 1),
(906, 84, 254, 1),
(907, 85, 254, 1),
(908, 65, 255, 1),
(909, 66, 255, 1),
(910, 99, 256, 1),
(911, 100, 256, 0),
(912, 101, 256, 1),
(913, 102, 256, 1),
(914, 72, 257, 1),
(915, 73, 257, 0),
(916, 74, 257, 1),
(917, 75, 257, 0),
(918, 31, 258, 1),
(919, 32, 258, 1),
(920, 33, 258, 0),
(921, 34, 258, 1),
(922, 76, 259, 1),
(923, 77, 259, 0),
(924, 78, 259, 1),
(925, 92, 260, 1),
(926, 93, 260, 0),
(927, 94, 260, 1),
(928, 95, 260, 0),
(929, 96, 260, 1),
(930, 86, 261, 0),
(931, 87, 261, 0),
(932, 134, 262, 1),
(933, 135, 262, 1),
(934, 136, 262, 0),
(935, 137, 262, 0),
(936, 118, 263, 1),
(937, 119, 263, 0),
(938, 120, 263, 1),
(939, 121, 263, 1),
(940, 122, 263, 1),
(941, 27, 264, 0),
(942, 28, 264, 1),
(943, 29, 264, 0),
(944, 30, 264, 1),
(945, 7, 265, 1),
(946, 8, 265, 0),
(947, 9, 265, 0),
(948, 10, 265, 1),
(949, 11, 265, 1),
(950, 138, 266, 1),
(951, 139, 266, 0),
(952, 61, 267, 1),
(953, 62, 267, 0),
(954, 63, 267, 1),
(955, 64, 267, 0),
(956, 97, 268, 1),
(957, 98, 268, 1),
(958, 19, 269, 1),
(959, 20, 269, 0),
(960, 44, 270, 1),
(961, 45, 270, 1),
(962, 15, 271, 1),
(963, 16, 271, 0),
(964, 17, 271, 1),
(965, 18, 271, 1),
(966, 31, 272, 1),
(967, 32, 272, 1),
(968, 33, 272, 0),
(969, 34, 272, 1),
(970, 123, 273, 1),
(971, 124, 273, 1),
(972, 125, 273, 1),
(973, 126, 273, 1),
(974, 84, 274, 1),
(975, 85, 274, 1),
(976, 140, 275, 1),
(977, 141, 275, 0),
(978, 134, 276, 1),
(979, 135, 276, 1),
(980, 136, 276, 0),
(981, 137, 276, 1),
(982, 92, 277, 1),
(983, 93, 277, 0),
(984, 94, 277, 1),
(985, 95, 277, 1),
(986, 96, 277, 1),
(987, 12, 278, 1),
(988, 13, 278, 1),
(989, 14, 278, 0),
(990, 86, 279, 1),
(991, 87, 279, 1),
(992, 99, 280, 1),
(993, 100, 280, 0),
(994, 101, 280, 1),
(995, 102, 280, 1),
(996, 65, 281, 1),
(997, 66, 281, 1),
(998, 76, 282, 1),
(999, 77, 282, 0),
(1000, 78, 282, 0),
(1001, 72, 283, 1),
(1002, 73, 283, 0),
(1003, 74, 283, 1),
(1004, 75, 283, 0),
(1005, 127, 284, 1),
(1006, 128, 284, 1),
(1007, 129, 284, 1),
(1008, 19, 285, 1),
(1009, 20, 285, 0),
(1010, 118, 286, 1),
(1011, 119, 286, 0),
(1012, 120, 286, 1),
(1013, 121, 286, 0),
(1014, 122, 286, 0),
(1015, 44, 287, 1),
(1016, 45, 287, 1),
(1017, 27, 288, 1),
(1018, 28, 288, 1),
(1019, 29, 288, 0),
(1020, 30, 288, 1),
(1021, 97, 289, 1),
(1022, 98, 289, 1),
(1023, 61, 290, 1),
(1024, 62, 290, 0),
(1025, 63, 290, 1),
(1026, 64, 290, 0),
(1027, 7, 291, 1),
(1028, 8, 291, 1),
(1029, 9, 291, 0),
(1030, 10, 291, 0),
(1031, 11, 291, 1),
(1032, 138, 292, 0),
(1033, 139, 292, 0),
(1034, 15, 293, 1),
(1035, 16, 293, 0),
(1036, 17, 293, 0),
(1037, 18, 293, 1),
(1038, 127, 294, 1),
(1039, 128, 294, 1),
(1040, 129, 294, 1),
(1041, 134, 295, 0),
(1042, 135, 295, 1),
(1043, 136, 295, 0),
(1044, 137, 295, 0),
(1045, 140, 296, 1),
(1046, 141, 296, 0),
(1047, 76, 297, 1),
(1048, 77, 297, 1),
(1049, 78, 297, 0),
(1050, 92, 298, 1),
(1051, 93, 298, 0),
(1052, 94, 298, 1),
(1053, 95, 298, 1),
(1054, 96, 298, 1),
(1055, 84, 299, 1),
(1056, 85, 299, 1),
(1057, 12, 300, 1),
(1058, 13, 300, 1),
(1059, 14, 300, 0),
(1060, 86, 301, 1),
(1061, 87, 301, 0),
(1062, 65, 302, 1),
(1063, 66, 302, 1),
(1064, 123, 303, 1),
(1065, 124, 303, 1),
(1066, 125, 303, 1),
(1067, 126, 303, 0),
(1068, 99, 304, 1),
(1069, 100, 304, 0),
(1070, 101, 304, 1),
(1071, 102, 304, 1),
(1072, 31, 305, 0),
(1073, 32, 305, 0),
(1074, 33, 305, 0),
(1075, 34, 305, 1),
(1076, 72, 306, 1),
(1077, 73, 306, 1),
(1078, 74, 306, 1),
(1079, 75, 306, 0),
(1080, 113, 307, 1),
(1081, 114, 307, 1),
(1082, 115, 307, 0),
(1083, 116, 307, 0),
(1084, 117, 307, 1),
(1085, 79, 308, 0),
(1086, 80, 308, 0),
(1087, 81, 308, 1),
(1088, 67, 309, 1),
(1089, 68, 309, 0),
(1090, 69, 309, 0),
(1091, 70, 309, 1),
(1092, 71, 309, 1),
(1093, 46, 310, 1),
(1094, 47, 310, 1),
(1095, 48, 310, 1),
(1096, 49, 310, 0),
(1097, 54, 311, 1),
(1098, 55, 311, 1),
(1099, 56, 311, 0),
(1100, 103, 312, 1),
(1101, 104, 312, 1),
(1102, 105, 312, 1),
(1103, 106, 312, 1),
(1104, 107, 312, 0),
(1105, 40, 313, 0),
(1106, 41, 313, 1),
(1107, 42, 313, 0),
(1108, 43, 313, 1),
(1109, 50, 314, 1),
(1110, 51, 314, 1),
(1111, 52, 314, 0),
(1112, 53, 314, 0),
(1113, 35, 315, 0),
(1114, 36, 315, 0),
(1115, 37, 315, 1),
(1116, 38, 315, 0),
(1117, 39, 315, 1),
(1118, 57, 316, 1),
(1119, 58, 316, 0),
(1120, 59, 316, 0),
(1121, 60, 316, 0),
(1122, 92, 317, 0),
(1123, 93, 317, 0),
(1124, 94, 317, 1),
(1125, 95, 317, 1),
(1126, 96, 317, 1),
(1127, 65, 318, 1),
(1128, 66, 318, 0),
(1129, 127, 319, 0),
(1130, 128, 319, 1),
(1131, 129, 319, 1),
(1132, 12, 320, 1),
(1133, 13, 320, 1),
(1134, 14, 320, 0),
(1135, 134, 321, 0),
(1136, 135, 321, 1),
(1137, 136, 321, 0),
(1138, 137, 321, 0),
(1139, 123, 322, 1),
(1140, 124, 322, 1),
(1141, 125, 322, 1),
(1142, 126, 322, 1),
(1143, 31, 323, 0),
(1144, 32, 323, 1),
(1145, 33, 323, 0),
(1146, 34, 323, 1),
(1147, 15, 324, 1),
(1148, 16, 324, 0),
(1149, 17, 324, 0),
(1150, 18, 324, 1),
(1151, 84, 325, 1),
(1152, 85, 325, 1),
(1153, 76, 326, 1),
(1154, 77, 326, 0),
(1155, 78, 326, 0),
(1156, 140, 327, 0),
(1157, 141, 327, 0),
(1158, 99, 328, 0),
(1159, 100, 328, 0),
(1160, 101, 328, 1),
(1161, 102, 328, 1),
(1162, 86, 329, 1),
(1163, 87, 329, 1),
(1164, 72, 330, 1),
(1165, 73, 330, 1),
(1166, 74, 330, 1),
(1167, 75, 330, 0),
(1168, 97, 331, 1),
(1169, 98, 331, 1),
(1170, 27, 332, 1),
(1171, 28, 332, 0),
(1172, 29, 332, 1),
(1173, 30, 332, 1),
(1174, 7, 333, 0),
(1175, 8, 333, 0),
(1176, 9, 333, 0),
(1177, 10, 333, 0),
(1178, 11, 333, 1),
(1179, 138, 334, 1),
(1180, 139, 334, 0),
(1181, 118, 335, 1),
(1182, 119, 335, 1),
(1183, 120, 335, 1),
(1184, 121, 335, 0),
(1185, 122, 335, 1),
(1186, 61, 336, 1),
(1187, 62, 336, 0),
(1188, 63, 336, 1),
(1189, 64, 336, 1),
(1190, 19, 337, 1),
(1191, 20, 337, 0),
(1192, 44, 338, 1),
(1193, 45, 338, 1),
(1194, 142, 339, 0),
(1195, 143, 339, 0),
(1196, 144, 339, 1),
(1197, 145, 340, 0),
(1198, 146, 340, 1),
(1199, 147, 340, 1),
(1200, 54, 341, 1),
(1201, 55, 341, 1),
(1202, 56, 341, 0),
(1203, 67, 342, 1),
(1204, 68, 342, 1),
(1205, 69, 342, 0),
(1206, 70, 342, 1),
(1207, 71, 342, 1),
(1208, 103, 343, 1),
(1209, 104, 343, 0),
(1210, 105, 343, 1),
(1211, 106, 343, 1),
(1212, 107, 343, 0),
(1213, 79, 344, 0),
(1214, 80, 344, 0),
(1215, 81, 344, 0),
(1216, 57, 345, 1),
(1217, 58, 345, 1),
(1218, 59, 345, 0),
(1219, 60, 345, 0),
(1220, 46, 346, 1),
(1221, 47, 346, 0),
(1222, 48, 346, 1),
(1223, 49, 346, 0),
(1224, 50, 347, 0),
(1225, 51, 347, 1),
(1226, 52, 347, 1),
(1227, 53, 347, 0),
(1228, 40, 348, 1),
(1229, 41, 348, 1),
(1230, 42, 348, 0),
(1231, 43, 348, 0),
(1232, 35, 349, 1),
(1233, 36, 349, 0),
(1234, 37, 349, 0),
(1235, 38, 349, 0),
(1236, 39, 349, 1),
(1237, 113, 350, 1),
(1238, 114, 350, 1),
(1239, 115, 350, 0),
(1240, 116, 350, 1),
(1241, 117, 350, 0),
(1242, 61, 351, 1),
(1243, 62, 351, 0),
(1244, 63, 351, 1),
(1245, 64, 351, 0),
(1246, 7, 352, 0),
(1247, 8, 352, 0),
(1248, 9, 352, 0),
(1249, 10, 352, 0),
(1250, 11, 352, 1),
(1251, 97, 353, 1),
(1252, 98, 353, 1),
(1253, 118, 354, 1),
(1254, 119, 354, 0),
(1255, 120, 354, 1),
(1256, 121, 354, 0),
(1257, 122, 354, 0),
(1258, 44, 355, 0),
(1259, 45, 355, 1),
(1260, 27, 356, 1),
(1261, 28, 356, 0),
(1262, 29, 356, 0),
(1263, 30, 356, 1),
(1264, 138, 357, 1),
(1265, 139, 357, 0),
(1266, 19, 358, 0),
(1267, 20, 358, 0),
(1268, 21, 359, 0),
(1269, 22, 359, 0),
(1270, 23, 359, 0),
(1271, 88, 360, 1),
(1272, 89, 360, 0),
(1273, 90, 360, 1),
(1274, 91, 360, 0),
(1275, 24, 361, 0),
(1276, 25, 361, 1),
(1277, 26, 361, 1),
(1278, 24, 362, 1),
(1279, 25, 362, 1),
(1280, 26, 362, 0),
(1281, 88, 363, 1),
(1282, 89, 363, 0),
(1283, 90, 363, 1),
(1284, 91, 363, 0),
(1285, 21, 364, 0),
(1286, 22, 364, 0),
(1287, 23, 364, 0),
(1288, 97, 365, 1),
(1289, 98, 365, 1),
(1290, 19, 366, 1),
(1291, 20, 366, 0),
(1292, 44, 367, 1),
(1293, 45, 367, 1),
(1294, 61, 368, 0),
(1295, 62, 368, 0),
(1296, 63, 368, 1),
(1297, 64, 368, 0),
(1298, 118, 369, 1),
(1299, 119, 369, 0),
(1300, 120, 369, 1),
(1301, 121, 369, 0),
(1302, 122, 369, 0),
(1303, 138, 370, 0),
(1304, 139, 370, 0),
(1305, 27, 371, 1),
(1306, 28, 371, 1),
(1307, 29, 371, 0),
(1308, 30, 371, 1),
(1309, 7, 372, 0),
(1310, 8, 372, 0),
(1311, 9, 372, 0),
(1312, 10, 372, 1),
(1313, 11, 372, 1),
(1314, 44, 373, 1),
(1315, 45, 373, 0),
(1316, 7, 374, 1),
(1317, 8, 374, 0),
(1318, 9, 374, 0),
(1319, 10, 374, 1),
(1320, 11, 374, 1),
(1321, 19, 375, 1),
(1322, 20, 375, 0),
(1323, 138, 376, 1),
(1324, 139, 376, 0),
(1325, 97, 377, 1),
(1326, 98, 377, 0),
(1327, 118, 378, 1),
(1328, 119, 378, 0),
(1329, 120, 378, 1),
(1330, 121, 378, 0),
(1331, 122, 378, 0),
(1332, 61, 379, 1),
(1333, 62, 379, 0),
(1334, 63, 379, 1),
(1335, 64, 379, 0),
(1336, 27, 380, 0),
(1337, 28, 380, 1),
(1338, 29, 380, 0),
(1339, 30, 380, 1),
(1340, 108, 381, 1),
(1341, 109, 381, 0),
(1342, 110, 381, 1),
(1343, 111, 381, 0),
(1344, 112, 381, 0),
(1345, 82, 382, 1),
(1346, 83, 382, 1),
(1347, 130, 383, 1),
(1348, 131, 383, 0),
(1349, 132, 383, 0),
(1350, 133, 383, 0),
(1351, 57, 384, 1),
(1352, 58, 384, 1),
(1353, 59, 384, 0),
(1354, 60, 384, 0),
(1355, 46, 385, 1),
(1356, 47, 385, 0),
(1357, 48, 385, 0),
(1358, 49, 385, 0),
(1359, 79, 386, 1),
(1360, 80, 386, 0),
(1361, 81, 386, 0),
(1362, 103, 387, 1),
(1363, 104, 387, 0),
(1364, 105, 387, 0),
(1365, 106, 387, 1),
(1366, 107, 387, 0),
(1367, 54, 388, 1),
(1368, 55, 388, 1),
(1369, 56, 388, 0),
(1370, 113, 389, 1),
(1371, 114, 389, 1),
(1372, 115, 389, 0),
(1373, 116, 389, 0),
(1374, 117, 389, 1),
(1375, 35, 390, 1),
(1376, 36, 390, 0),
(1377, 37, 390, 1),
(1378, 38, 390, 0),
(1379, 39, 390, 1),
(1380, 40, 391, 1),
(1381, 41, 391, 1),
(1382, 42, 391, 0),
(1383, 43, 391, 1),
(1384, 50, 392, 1),
(1385, 51, 392, 1),
(1386, 52, 392, 1),
(1387, 53, 392, 0),
(1388, 67, 393, 1),
(1389, 68, 393, 1),
(1390, 69, 393, 0),
(1391, 70, 393, 1),
(1392, 71, 393, 1),
(1393, 24, 394, 1),
(1394, 25, 394, 1),
(1395, 26, 394, 1),
(1396, 88, 395, 0),
(1397, 89, 395, 0),
(1398, 90, 395, 1),
(1399, 91, 395, 0),
(1400, 21, 396, 1),
(1401, 22, 396, 0),
(1402, 23, 396, 1),
(1403, 7, 397, 1),
(1404, 8, 397, 0),
(1405, 9, 397, 1),
(1406, 10, 397, 0),
(1407, 11, 397, 0),
(1408, 118, 398, 0),
(1409, 119, 398, 0),
(1410, 120, 398, 1),
(1411, 121, 398, 0),
(1412, 122, 398, 0),
(1413, 44, 399, 0),
(1414, 45, 399, 0),
(1415, 19, 400, 1),
(1416, 20, 400, 0),
(1417, 138, 401, 0),
(1418, 139, 401, 0),
(1419, 27, 402, 1),
(1420, 28, 402, 1),
(1421, 29, 402, 0),
(1422, 30, 402, 1),
(1423, 97, 403, 1),
(1424, 98, 403, 1),
(1425, 61, 404, 1),
(1426, 62, 404, 0),
(1427, 63, 404, 1),
(1428, 64, 404, 0),
(1429, 21, 405, 0),
(1430, 22, 405, 0),
(1431, 23, 405, 1),
(1432, 88, 406, 1),
(1433, 89, 406, 0),
(1434, 90, 406, 1),
(1435, 91, 406, 0),
(1436, 24, 407, 0),
(1437, 25, 407, 1),
(1438, 26, 407, 1),
(1439, 40, 408, 1),
(1440, 41, 408, 1),
(1441, 42, 408, 0),
(1442, 43, 408, 0),
(1443, 113, 409, 1),
(1444, 114, 409, 1),
(1445, 115, 409, 0),
(1446, 116, 409, 0),
(1447, 117, 409, 1),
(1448, 67, 410, 0),
(1449, 68, 410, 0),
(1450, 69, 410, 0),
(1451, 70, 410, 1),
(1452, 71, 410, 1),
(1453, 79, 411, 1),
(1454, 80, 411, 1),
(1455, 81, 411, 0),
(1456, 57, 412, 1),
(1457, 58, 412, 1),
(1458, 59, 412, 0),
(1459, 60, 412, 0),
(1460, 54, 413, 1),
(1461, 55, 413, 1),
(1462, 56, 413, 0),
(1463, 103, 414, 1),
(1464, 104, 414, 0),
(1465, 105, 414, 1),
(1466, 106, 414, 1),
(1467, 107, 414, 0),
(1468, 50, 415, 1),
(1469, 51, 415, 1),
(1470, 52, 415, 1),
(1471, 53, 415, 0),
(1472, 46, 416, 1),
(1473, 47, 416, 0),
(1474, 48, 416, 1),
(1475, 49, 416, 1),
(1476, 35, 417, 0),
(1477, 36, 417, 0),
(1478, 37, 417, 1),
(1479, 38, 417, 0),
(1480, 39, 417, 1),
(1481, 145, 418, 0),
(1482, 146, 418, 1),
(1483, 147, 418, 0),
(1484, 142, 419, 1),
(1485, 143, 419, 0),
(1486, 144, 419, 1),
(1487, 19, 420, 1),
(1488, 20, 420, 0),
(1489, 61, 421, 1),
(1490, 62, 421, 0),
(1491, 63, 421, 1),
(1492, 64, 421, 0),
(1493, 27, 422, 1),
(1494, 28, 422, 1),
(1495, 29, 422, 0),
(1496, 30, 422, 1),
(1497, 138, 423, 0),
(1498, 139, 423, 0),
(1499, 97, 424, 0),
(1500, 98, 424, 1),
(1501, 118, 425, 1),
(1502, 119, 425, 0),
(1503, 120, 425, 1),
(1504, 121, 425, 0),
(1505, 122, 425, 0),
(1506, 44, 426, 1),
(1507, 45, 426, 1),
(1508, 7, 427, 1),
(1509, 8, 427, 0),
(1510, 9, 427, 0),
(1511, 10, 427, 0),
(1512, 11, 427, 0),
(1513, 79, 428, 0),
(1514, 80, 428, 0),
(1515, 81, 428, 0),
(1516, 50, 429, 1),
(1517, 51, 429, 1),
(1518, 52, 429, 1),
(1519, 53, 429, 0),
(1520, 54, 430, 1),
(1521, 55, 430, 1),
(1522, 56, 430, 0),
(1523, 40, 431, 1),
(1524, 41, 431, 1),
(1525, 42, 431, 1),
(1526, 43, 431, 1),
(1527, 57, 432, 1),
(1528, 58, 432, 1),
(1529, 59, 432, 0),
(1530, 60, 432, 0),
(1531, 35, 433, 1),
(1532, 36, 433, 0),
(1533, 37, 433, 1),
(1534, 38, 433, 0),
(1535, 39, 433, 1),
(1536, 103, 434, 1),
(1537, 104, 434, 0),
(1538, 105, 434, 0),
(1539, 106, 434, 0),
(1540, 107, 434, 0),
(1541, 46, 435, 1),
(1542, 47, 435, 0),
(1543, 48, 435, 1),
(1544, 49, 435, 0),
(1545, 113, 436, 0),
(1546, 114, 436, 1),
(1547, 115, 436, 0),
(1548, 116, 436, 0),
(1549, 117, 436, 1),
(1550, 67, 437, 1),
(1551, 68, 437, 1),
(1552, 69, 437, 0),
(1553, 70, 437, 1),
(1554, 71, 437, 1),
(1555, 76, 438, 1),
(1556, 77, 438, 0),
(1557, 78, 438, 0),
(1558, 134, 439, 1),
(1559, 135, 439, 1),
(1560, 136, 439, 0),
(1561, 137, 439, 0),
(1562, 15, 440, 1),
(1563, 16, 440, 0),
(1564, 17, 440, 0),
(1565, 18, 440, 1),
(1566, 99, 441, 1),
(1567, 100, 441, 0),
(1568, 101, 441, 1),
(1569, 102, 441, 1),
(1570, 92, 442, 0),
(1571, 93, 442, 0),
(1572, 94, 442, 1),
(1573, 95, 442, 1),
(1574, 96, 442, 0),
(1575, 84, 443, 1),
(1576, 85, 443, 1),
(1577, 140, 444, 1),
(1578, 141, 444, 1),
(1579, 12, 445, 1),
(1580, 13, 445, 0),
(1581, 14, 445, 0),
(1582, 127, 446, 1),
(1583, 128, 446, 0),
(1584, 129, 446, 1),
(1585, 72, 447, 1),
(1586, 73, 447, 1),
(1587, 74, 447, 0),
(1588, 75, 447, 0),
(1589, 123, 448, 1),
(1590, 124, 448, 1),
(1591, 125, 448, 1),
(1592, 126, 448, 0),
(1593, 31, 449, 1),
(1594, 32, 449, 0),
(1595, 33, 449, 1),
(1596, 34, 449, 1),
(1597, 65, 450, 1),
(1598, 66, 450, 1),
(1599, 86, 451, 1),
(1600, 87, 451, 0),
(1601, 21, 452, 0),
(1602, 22, 452, 1),
(1603, 23, 452, 1),
(1604, 88, 453, 1),
(1605, 89, 453, 0),
(1606, 90, 453, 1),
(1607, 91, 453, 0),
(1608, 24, 454, 1),
(1609, 25, 454, 1),
(1610, 26, 454, 1),
(1611, 15, 455, 1),
(1612, 16, 455, 0),
(1613, 17, 455, 1),
(1614, 18, 455, 1),
(1615, 99, 456, 1),
(1616, 100, 456, 0),
(1617, 101, 456, 1),
(1618, 102, 456, 1),
(1619, 65, 457, 1),
(1620, 66, 457, 1),
(1621, 140, 458, 0),
(1622, 141, 458, 0),
(1623, 76, 459, 1),
(1624, 77, 459, 0),
(1625, 78, 459, 0),
(1626, 134, 460, 1),
(1627, 135, 460, 1),
(1628, 136, 460, 0),
(1629, 137, 460, 0),
(1630, 84, 461, 0),
(1631, 85, 461, 1),
(1632, 72, 462, 1),
(1633, 73, 462, 1),
(1634, 74, 462, 1),
(1635, 75, 462, 0),
(1636, 12, 463, 1),
(1637, 13, 463, 1),
(1638, 14, 463, 0),
(1639, 92, 464, 1),
(1640, 93, 464, 0),
(1641, 94, 464, 1),
(1642, 95, 464, 1),
(1643, 96, 464, 1),
(1644, 123, 465, 0),
(1645, 124, 465, 0),
(1646, 125, 465, 1),
(1647, 126, 465, 0),
(1648, 31, 466, 0),
(1649, 32, 466, 1),
(1650, 33, 466, 0),
(1651, 34, 466, 1),
(1652, 127, 467, 1),
(1653, 128, 467, 1),
(1654, 129, 467, 1),
(1655, 86, 468, 1),
(1656, 87, 468, 0),
(1657, 79, 469, 1),
(1658, 80, 469, 0),
(1659, 81, 469, 0),
(1660, 113, 470, 1),
(1661, 114, 470, 1),
(1662, 115, 470, 1),
(1663, 116, 470, 0),
(1664, 117, 470, 0),
(1665, 54, 471, 1),
(1666, 55, 471, 1),
(1667, 56, 471, 0),
(1668, 103, 472, 1),
(1669, 104, 472, 0),
(1670, 105, 472, 1),
(1671, 106, 472, 1),
(1672, 107, 472, 1),
(1673, 46, 473, 1),
(1674, 47, 473, 0),
(1675, 48, 473, 1),
(1676, 49, 473, 0),
(1677, 35, 474, 1),
(1678, 36, 474, 0),
(1679, 37, 474, 1),
(1680, 38, 474, 0),
(1681, 39, 474, 1),
(1682, 50, 475, 1),
(1683, 51, 475, 1),
(1684, 52, 475, 1),
(1685, 53, 475, 0),
(1686, 40, 476, 1),
(1687, 41, 476, 0),
(1688, 42, 476, 1),
(1689, 43, 476, 0),
(1690, 67, 477, 0),
(1691, 68, 477, 1),
(1692, 69, 477, 0),
(1693, 70, 477, 0),
(1694, 71, 477, 1),
(1695, 57, 478, 1),
(1696, 58, 478, 1),
(1697, 59, 478, 0),
(1698, 60, 478, 0),
(1699, 65, 479, 1),
(1700, 66, 479, 1),
(1701, 86, 480, 1),
(1702, 87, 480, 0),
(1703, 127, 481, 0),
(1704, 128, 481, 1),
(1705, 129, 481, 1),
(1706, 12, 482, 1),
(1707, 13, 482, 0),
(1708, 14, 482, 0),
(1709, 31, 483, 0),
(1710, 32, 483, 1),
(1711, 33, 483, 0),
(1712, 34, 483, 1),
(1713, 76, 484, 1),
(1714, 77, 484, 1),
(1715, 78, 484, 1),
(1716, 84, 485, 1),
(1717, 85, 485, 0),
(1718, 140, 486, 1),
(1719, 141, 486, 0),
(1720, 15, 487, 1),
(1721, 16, 487, 0),
(1722, 17, 487, 0),
(1723, 18, 487, 1),
(1724, 123, 488, 1),
(1725, 124, 488, 1),
(1726, 125, 488, 1),
(1727, 126, 488, 0),
(1728, 92, 489, 1),
(1729, 93, 489, 0),
(1730, 94, 489, 0),
(1731, 95, 489, 1),
(1732, 96, 489, 1),
(1733, 99, 490, 1),
(1734, 100, 490, 0),
(1735, 101, 490, 1),
(1736, 102, 490, 1),
(1737, 134, 491, 1),
(1738, 135, 491, 1),
(1739, 136, 491, 0),
(1740, 137, 491, 0),
(1741, 72, 492, 1),
(1742, 73, 492, 1),
(1743, 74, 492, 0),
(1744, 75, 492, 0),
(1745, 35, 493, 1),
(1746, 36, 493, 0),
(1747, 37, 493, 1),
(1748, 38, 493, 0),
(1749, 39, 493, 1),
(1750, 103, 494, 1),
(1751, 104, 494, 0),
(1752, 105, 494, 0),
(1753, 106, 494, 0),
(1754, 107, 494, 0),
(1755, 40, 495, 1),
(1756, 41, 495, 0),
(1757, 42, 495, 0),
(1758, 43, 495, 0),
(1759, 54, 496, 1),
(1760, 55, 496, 1),
(1761, 56, 496, 0),
(1762, 46, 497, 1),
(1763, 47, 497, 0),
(1764, 48, 497, 1),
(1765, 49, 497, 0),
(1766, 57, 498, 1),
(1767, 58, 498, 1),
(1768, 59, 498, 0),
(1769, 60, 498, 0),
(1770, 113, 499, 1),
(1771, 114, 499, 1),
(1772, 115, 499, 0),
(1773, 116, 499, 0),
(1774, 117, 499, 1),
(1775, 67, 500, 1),
(1776, 68, 500, 1),
(1777, 69, 500, 0),
(1778, 70, 500, 1),
(1779, 71, 500, 1),
(1780, 50, 501, 1),
(1781, 51, 501, 0),
(1782, 52, 501, 1),
(1783, 53, 501, 0),
(1784, 79, 502, 1),
(1785, 80, 502, 0),
(1786, 81, 502, 0),
(1787, 40, 503, 1),
(1788, 41, 503, 0),
(1789, 42, 503, 0),
(1790, 43, 503, 1),
(1791, 57, 504, 1),
(1792, 58, 504, 1),
(1793, 59, 504, 0),
(1794, 60, 504, 0),
(1795, 50, 505, 1),
(1796, 51, 505, 1),
(1797, 52, 505, 1),
(1798, 53, 505, 0),
(1799, 79, 506, 0),
(1800, 80, 506, 0),
(1801, 81, 506, 0),
(1802, 103, 507, 1),
(1803, 104, 507, 1),
(1804, 105, 507, 1),
(1805, 106, 507, 1),
(1806, 107, 507, 0),
(1807, 67, 508, 1),
(1808, 68, 508, 1),
(1809, 69, 508, 0),
(1810, 70, 508, 0),
(1811, 71, 508, 1),
(1812, 46, 509, 1),
(1813, 47, 509, 0),
(1814, 48, 509, 1),
(1815, 49, 509, 0),
(1816, 54, 510, 1),
(1817, 55, 510, 1),
(1818, 56, 510, 0),
(1819, 35, 511, 1),
(1820, 36, 511, 0),
(1821, 37, 511, 1),
(1822, 38, 511, 0),
(1823, 39, 511, 1),
(1824, 113, 512, 1),
(1825, 114, 512, 0),
(1826, 115, 512, 0),
(1827, 116, 512, 1),
(1828, 117, 512, 1),
(1829, 21, 513, 0),
(1830, 22, 513, 0),
(1831, 23, 513, 0),
(1832, 24, 514, 1),
(1833, 25, 514, 1),
(1834, 26, 514, 1),
(1835, 88, 515, 1),
(1836, 89, 515, 0),
(1837, 90, 515, 0),
(1838, 91, 515, 0),
(1839, 145, 516, 0),
(1840, 146, 516, 1),
(1841, 147, 516, 0),
(1842, 142, 517, 0),
(1843, 143, 517, 0),
(1844, 144, 517, 1),
(1845, 19, 518, 1),
(1846, 20, 518, 1),
(1847, 138, 519, 1),
(1848, 139, 519, 0),
(1849, 118, 520, 1),
(1850, 119, 520, 1),
(1851, 120, 520, 1),
(1852, 121, 520, 0),
(1853, 122, 520, 0),
(1854, 7, 521, 1),
(1855, 8, 521, 0),
(1856, 9, 521, 0),
(1857, 10, 521, 0),
(1858, 11, 521, 1),
(1859, 44, 522, 1),
(1860, 45, 522, 1),
(1861, 61, 523, 1),
(1862, 62, 523, 0),
(1863, 63, 523, 1),
(1864, 64, 523, 0),
(1865, 27, 524, 1),
(1866, 28, 524, 1),
(1867, 29, 524, 0),
(1868, 30, 524, 1),
(1869, 97, 525, 1),
(1870, 98, 525, 1),
(1871, 21, 526, 1),
(1872, 22, 526, 0),
(1873, 23, 526, 0),
(1874, 24, 527, 1),
(1875, 25, 527, 1),
(1876, 26, 527, 1),
(1877, 88, 528, 1),
(1878, 89, 528, 0),
(1879, 90, 528, 1),
(1880, 91, 528, 0),
(1881, 113, 529, 1),
(1882, 114, 529, 1),
(1883, 115, 529, 0),
(1884, 116, 529, 0),
(1885, 117, 529, 1),
(1886, 46, 530, 1),
(1887, 47, 530, 0),
(1888, 48, 530, 1),
(1889, 49, 530, 0),
(1890, 50, 531, 1),
(1891, 51, 531, 1),
(1892, 52, 531, 1),
(1893, 53, 531, 0),
(1894, 54, 532, 1),
(1895, 55, 532, 1),
(1896, 56, 532, 0),
(1897, 103, 533, 1),
(1898, 104, 533, 0),
(1899, 105, 533, 1),
(1900, 106, 533, 1),
(1901, 107, 533, 0),
(1902, 35, 534, 1),
(1903, 36, 534, 0),
(1904, 37, 534, 0),
(1905, 38, 534, 0),
(1906, 39, 534, 1),
(1907, 57, 535, 1),
(1908, 58, 535, 1),
(1909, 59, 535, 0),
(1910, 60, 535, 0),
(1911, 40, 536, 1),
(1912, 41, 536, 1),
(1913, 42, 536, 0),
(1914, 43, 536, 1),
(1915, 79, 537, 1),
(1916, 80, 537, 0),
(1917, 81, 537, 0),
(1918, 67, 538, 1),
(1919, 68, 538, 1),
(1920, 69, 538, 0),
(1921, 70, 538, 1),
(1922, 71, 538, 1),
(1923, 130, 539, 1),
(1924, 131, 539, 0),
(1925, 132, 539, 0),
(1926, 133, 539, 1),
(1927, 108, 540, 1),
(1928, 109, 540, 1),
(1929, 110, 540, 1),
(1930, 111, 540, 0),
(1931, 112, 540, 0),
(1932, 82, 541, 1),
(1933, 83, 541, 1),
(1934, 44, 542, 1),
(1935, 45, 542, 1),
(1936, 19, 543, 1),
(1937, 20, 543, 1),
(1938, 61, 544, 1),
(1939, 62, 544, 0),
(1940, 63, 544, 1),
(1941, 64, 544, 1),
(1942, 118, 545, 1),
(1943, 119, 545, 0),
(1944, 120, 545, 1),
(1945, 121, 545, 0),
(1946, 122, 545, 0),
(1947, 97, 546, 1),
(1948, 98, 546, 1),
(1949, 7, 547, 1),
(1950, 8, 547, 0),
(1951, 9, 547, 1),
(1952, 10, 547, 1),
(1953, 11, 547, 1),
(1954, 27, 548, 0),
(1955, 28, 548, 0),
(1956, 29, 548, 0),
(1957, 30, 548, 1),
(1958, 138, 549, 1),
(1959, 139, 549, 0),
(1960, 130, 550, 1),
(1961, 131, 550, 0),
(1962, 132, 550, 0),
(1963, 133, 550, 0),
(1964, 82, 551, 1),
(1965, 83, 551, 0),
(1966, 108, 552, 1),
(1967, 109, 552, 0),
(1968, 110, 552, 1),
(1969, 111, 552, 1),
(1970, 112, 552, 0),
(1971, 31, 553, 1),
(1972, 32, 553, 1),
(1973, 33, 553, 0),
(1974, 34, 553, 1),
(1975, 15, 554, 1),
(1976, 16, 554, 0),
(1977, 17, 554, 0),
(1978, 18, 554, 1),
(1979, 140, 555, 1),
(1980, 141, 555, 0),
(1981, 86, 556, 0),
(1982, 87, 556, 0),
(1983, 134, 557, 1),
(1984, 135, 557, 1),
(1985, 136, 557, 0),
(1986, 137, 557, 1),
(1987, 84, 558, 1),
(1988, 85, 558, 1),
(1989, 12, 559, 1),
(1990, 13, 559, 1),
(1991, 14, 559, 0),
(1992, 127, 560, 1),
(1993, 128, 560, 1),
(1994, 129, 560, 1),
(1995, 72, 561, 1),
(1996, 73, 561, 0),
(1997, 74, 561, 1),
(1998, 75, 561, 1),
(1999, 92, 562, 1),
(2000, 93, 562, 1),
(2001, 94, 562, 1),
(2002, 95, 562, 1),
(2003, 96, 562, 1),
(2004, 99, 563, 1),
(2005, 100, 563, 0),
(2006, 101, 563, 1),
(2007, 102, 563, 0),
(2008, 123, 564, 1),
(2009, 124, 564, 1),
(2010, 125, 564, 1),
(2011, 126, 564, 0),
(2012, 76, 565, 1),
(2013, 77, 565, 0),
(2014, 78, 565, 0),
(2015, 65, 566, 1),
(2016, 66, 566, 1),
(2017, 142, 567, 1),
(2018, 143, 567, 1),
(2019, 144, 567, 1),
(2020, 145, 568, 0),
(2021, 146, 568, 1),
(2022, 147, 568, 0),
(2023, 145, 569, 0),
(2024, 146, 569, 0),
(2025, 147, 569, 0),
(2026, 142, 570, 1),
(2027, 143, 570, 0),
(2028, 144, 570, 1),
(2029, 142, 571, 1),
(2030, 143, 571, 0),
(2031, 144, 571, 1),
(2032, 145, 572, 1),
(2033, 146, 572, 1),
(2034, 147, 572, 0),
(2035, 82, 573, 0),
(2036, 83, 573, 0),
(2037, 108, 574, 1),
(2038, 109, 574, 1),
(2039, 110, 574, 1),
(2040, 111, 574, 1),
(2041, 112, 574, 0),
(2042, 130, 575, 1),
(2043, 131, 575, 0),
(2044, 132, 575, 1),
(2045, 133, 575, 0),
(2046, 76, 576, 1),
(2047, 77, 576, 0),
(2048, 78, 576, 0),
(2049, 65, 577, 1),
(2050, 66, 577, 1),
(2051, 92, 578, 1),
(2052, 93, 578, 0),
(2053, 94, 578, 0),
(2054, 95, 578, 1),
(2055, 96, 578, 1),
(2056, 72, 579, 1),
(2057, 73, 579, 1),
(2058, 74, 579, 0),
(2059, 75, 579, 0),
(2060, 123, 580, 1),
(2061, 124, 580, 1),
(2062, 125, 580, 1),
(2063, 126, 580, 0),
(2064, 31, 581, 1),
(2065, 32, 581, 1),
(2066, 33, 581, 0),
(2067, 34, 581, 1),
(2068, 134, 582, 1),
(2069, 135, 582, 1),
(2070, 136, 582, 1),
(2071, 137, 582, 0),
(2072, 84, 583, 0),
(2073, 85, 583, 1),
(2074, 12, 584, 1),
(2075, 13, 584, 1),
(2076, 14, 584, 0),
(2077, 127, 585, 1),
(2078, 128, 585, 1),
(2079, 129, 585, 1),
(2080, 86, 586, 1),
(2081, 87, 586, 0),
(2082, 99, 587, 1),
(2083, 100, 587, 0),
(2084, 101, 587, 1),
(2085, 102, 587, 1),
(2086, 140, 588, 1),
(2087, 141, 588, 0),
(2088, 15, 589, 1),
(2089, 16, 589, 0),
(2090, 17, 589, 0),
(2091, 18, 589, 1),
(2092, 15, 590, 1),
(2093, 16, 590, 0),
(2094, 17, 590, 0),
(2095, 18, 590, 1),
(2096, 84, 591, 1),
(2097, 85, 591, 1),
(2098, 31, 592, 1),
(2099, 32, 592, 1),
(2100, 33, 592, 1),
(2101, 34, 592, 0),
(2102, 12, 593, 1),
(2103, 13, 593, 1),
(2104, 14, 593, 0),
(2105, 92, 594, 1),
(2106, 93, 594, 0),
(2107, 94, 594, 0),
(2108, 95, 594, 1),
(2109, 96, 594, 0),
(2110, 140, 595, 1),
(2111, 141, 595, 0),
(2112, 86, 596, 1),
(2113, 87, 596, 0),
(2114, 123, 597, 0),
(2115, 124, 597, 1),
(2116, 125, 597, 1),
(2117, 126, 597, 0),
(2118, 65, 598, 1),
(2119, 66, 598, 1),
(2120, 127, 599, 0),
(2121, 128, 599, 1),
(2122, 129, 599, 1),
(2123, 134, 600, 1),
(2124, 135, 600, 0),
(2125, 136, 600, 0),
(2126, 137, 600, 0),
(2127, 72, 601, 1),
(2128, 73, 601, 1),
(2129, 74, 601, 0),
(2130, 75, 601, 1),
(2131, 76, 602, 1),
(2132, 77, 602, 0),
(2133, 78, 602, 0),
(2134, 99, 603, 0),
(2135, 100, 603, 0),
(2136, 101, 603, 1),
(2137, 102, 603, 0),
(2138, 24, 604, 1),
(2139, 25, 604, 0),
(2140, 26, 604, 1),
(2141, 88, 605, 1),
(2142, 89, 605, 0),
(2143, 90, 605, 1),
(2144, 91, 605, 0),
(2145, 21, 606, 1),
(2146, 22, 606, 0),
(2147, 23, 606, 1),
(2148, 88, 607, 1),
(2149, 89, 607, 0),
(2150, 90, 607, 1),
(2151, 91, 607, 0),
(2152, 24, 608, 1),
(2153, 25, 608, 1),
(2154, 26, 608, 1),
(2155, 21, 609, 1),
(2156, 22, 609, 1),
(2157, 23, 609, 1),
(2158, 118, 610, 1),
(2159, 119, 610, 0),
(2160, 120, 610, 1),
(2161, 121, 610, 0),
(2162, 122, 610, 1),
(2163, 138, 611, 1),
(2164, 139, 611, 0),
(2165, 97, 612, 0),
(2166, 98, 612, 1),
(2167, 27, 613, 1),
(2168, 28, 613, 1),
(2169, 29, 613, 0),
(2170, 30, 613, 1),
(2171, 44, 614, 1),
(2172, 45, 614, 1),
(2173, 61, 615, 0),
(2174, 62, 615, 0),
(2175, 63, 615, 1),
(2176, 64, 615, 0),
(2177, 7, 616, 1),
(2178, 8, 616, 0),
(2179, 9, 616, 0),
(2180, 10, 616, 0),
(2181, 11, 616, 1),
(2182, 19, 617, 1),
(2183, 20, 617, 0),
(2184, 65, 618, 1),
(2185, 66, 618, 1),
(2186, 140, 619, 1),
(2187, 141, 619, 0),
(2188, 99, 620, 1),
(2189, 100, 620, 0),
(2190, 101, 620, 1),
(2191, 102, 620, 1),
(2192, 134, 621, 1),
(2193, 135, 621, 0),
(2194, 136, 621, 0),
(2195, 137, 621, 0),
(2196, 31, 622, 1),
(2197, 32, 622, 1),
(2198, 33, 622, 0),
(2199, 34, 622, 1),
(2200, 12, 623, 1),
(2201, 13, 623, 0),
(2202, 14, 623, 0),
(2203, 86, 624, 0),
(2204, 87, 624, 1),
(2205, 76, 625, 1),
(2206, 77, 625, 0),
(2207, 78, 625, 0),
(2208, 72, 626, 1),
(2209, 73, 626, 1),
(2210, 74, 626, 1),
(2211, 75, 626, 0),
(2212, 123, 627, 1),
(2213, 124, 627, 1),
(2214, 125, 627, 1),
(2215, 126, 627, 0),
(2216, 127, 628, 1),
(2217, 128, 628, 1),
(2218, 129, 628, 0),
(2219, 15, 629, 1),
(2220, 16, 629, 0),
(2221, 17, 629, 0),
(2222, 18, 629, 1),
(2223, 92, 630, 1),
(2224, 93, 630, 0),
(2225, 94, 630, 0),
(2226, 95, 630, 1),
(2227, 96, 630, 1),
(2228, 84, 631, 1),
(2229, 85, 631, 1),
(2230, 97, 632, 1),
(2231, 98, 632, 1),
(2232, 138, 633, 1),
(2233, 139, 633, 0),
(2234, 19, 634, 1),
(2235, 20, 634, 0),
(2236, 44, 635, 0),
(2237, 45, 635, 1),
(2238, 118, 636, 1),
(2239, 119, 636, 0),
(2240, 120, 636, 1),
(2241, 121, 636, 0),
(2242, 122, 636, 0),
(2243, 27, 637, 1),
(2244, 28, 637, 1),
(2245, 29, 637, 0),
(2246, 30, 637, 1),
(2247, 61, 638, 1),
(2248, 62, 638, 0),
(2249, 63, 638, 1),
(2250, 64, 638, 0),
(2251, 7, 639, 1),
(2252, 8, 639, 0),
(2253, 9, 639, 0),
(2254, 10, 639, 0),
(2255, 11, 639, 1),
(2256, 24, 640, 1),
(2257, 25, 640, 1),
(2258, 26, 640, 1),
(2259, 88, 641, 0),
(2260, 89, 641, 1),
(2261, 90, 641, 1),
(2262, 91, 641, 0),
(2263, 21, 642, 1),
(2264, 22, 642, 0),
(2265, 23, 642, 0),
(2266, 138, 643, 1),
(2267, 139, 643, 0),
(2268, 97, 644, 0),
(2269, 98, 644, 1),
(2270, 7, 645, 1),
(2271, 8, 645, 0),
(2272, 9, 645, 1),
(2273, 10, 645, 0),
(2274, 11, 645, 1),
(2275, 27, 646, 1),
(2276, 28, 646, 1),
(2277, 29, 646, 0),
(2278, 30, 646, 0),
(2279, 44, 647, 1),
(2280, 45, 647, 1),
(2281, 19, 648, 1),
(2282, 20, 648, 0),
(2283, 118, 649, 1),
(2284, 119, 649, 0),
(2285, 120, 649, 1),
(2286, 121, 649, 0),
(2287, 122, 649, 0),
(2288, 61, 650, 1),
(2289, 62, 650, 0),
(2290, 63, 650, 1),
(2291, 64, 650, 1),
(2292, 113, 651, 1),
(2293, 114, 651, 1),
(2294, 115, 651, 0),
(2295, 116, 651, 0),
(2296, 117, 651, 0),
(2297, 35, 652, 1),
(2298, 36, 652, 0),
(2299, 37, 652, 1),
(2300, 38, 652, 0),
(2301, 39, 652, 1),
(2302, 46, 653, 1),
(2303, 47, 653, 0),
(2304, 48, 653, 1),
(2305, 49, 653, 0),
(2306, 67, 654, 0),
(2307, 68, 654, 1),
(2308, 69, 654, 0),
(2309, 70, 654, 1),
(2310, 71, 654, 1),
(2311, 54, 655, 1),
(2312, 55, 655, 1),
(2313, 56, 655, 0),
(2314, 40, 656, 0),
(2315, 41, 656, 1),
(2316, 42, 656, 0),
(2317, 43, 656, 0),
(2318, 50, 657, 1),
(2319, 51, 657, 0),
(2320, 52, 657, 1),
(2321, 53, 657, 0),
(2322, 57, 658, 1),
(2323, 58, 658, 1),
(2324, 59, 658, 0),
(2325, 60, 658, 0),
(2326, 79, 659, 1),
(2327, 80, 659, 0),
(2328, 81, 659, 0),
(2329, 103, 660, 1),
(2330, 104, 660, 0),
(2331, 105, 660, 1),
(2332, 106, 660, 1),
(2333, 107, 660, 0),
(2334, 88, 661, 1),
(2335, 89, 661, 0),
(2336, 90, 661, 1),
(2337, 91, 661, 0),
(2338, 21, 662, 1),
(2339, 22, 662, 0),
(2340, 23, 662, 1),
(2341, 24, 663, 1),
(2342, 25, 663, 1),
(2343, 26, 663, 1),
(2344, 108, 664, 1),
(2345, 109, 664, 1),
(2346, 110, 664, 1),
(2347, 111, 664, 1),
(2348, 112, 664, 0),
(2349, 82, 665, 1),
(2350, 83, 665, 0),
(2351, 130, 666, 1),
(2352, 131, 666, 0),
(2353, 132, 666, 0),
(2354, 133, 666, 0),
(2355, 57, 667, 0),
(2356, 58, 667, 0),
(2357, 59, 667, 0),
(2358, 60, 667, 0),
(2359, 103, 668, 1),
(2360, 104, 668, 0),
(2361, 105, 668, 0),
(2362, 106, 668, 1),
(2363, 107, 668, 0),
(2364, 40, 669, 1),
(2365, 41, 669, 1),
(2366, 42, 669, 0),
(2367, 43, 669, 1),
(2368, 79, 670, 1),
(2369, 80, 670, 0),
(2370, 81, 670, 0),
(2371, 67, 671, 1),
(2372, 68, 671, 1),
(2373, 69, 671, 0),
(2374, 70, 671, 1),
(2375, 71, 671, 1),
(2376, 113, 672, 1),
(2377, 114, 672, 1),
(2378, 115, 672, 0),
(2379, 116, 672, 0),
(2380, 117, 672, 1),
(2381, 35, 673, 1),
(2382, 36, 673, 0),
(2383, 37, 673, 1),
(2384, 38, 673, 0),
(2385, 39, 673, 1),
(2386, 54, 674, 1),
(2387, 55, 674, 1),
(2388, 56, 674, 0),
(2389, 46, 675, 1),
(2390, 47, 675, 1),
(2391, 48, 675, 1),
(2392, 49, 675, 0),
(2393, 50, 676, 1),
(2394, 51, 676, 0),
(2395, 52, 676, 1),
(2396, 53, 676, 0),
(2397, 88, 677, 1),
(2398, 89, 677, 0),
(2399, 90, 677, 1),
(2400, 91, 677, 1),
(2401, 24, 678, 1),
(2402, 25, 678, 1),
(2403, 26, 678, 1),
(2404, 21, 679, 1),
(2405, 22, 679, 0),
(2406, 23, 679, 1),
(2407, 79, 680, 1),
(2408, 80, 680, 0),
(2409, 81, 680, 1),
(2410, 113, 681, 1),
(2411, 114, 681, 0),
(2412, 115, 681, 0),
(2413, 116, 681, 0),
(2414, 117, 681, 1),
(2415, 57, 682, 0),
(2416, 58, 682, 1),
(2417, 59, 682, 0),
(2418, 60, 682, 0),
(2419, 35, 683, 1),
(2420, 36, 683, 0),
(2421, 37, 683, 0),
(2422, 38, 683, 0),
(2423, 39, 683, 1),
(2424, 103, 684, 1),
(2425, 104, 684, 0),
(2426, 105, 684, 1),
(2427, 106, 684, 1),
(2428, 107, 684, 0),
(2429, 40, 685, 1),
(2430, 41, 685, 1),
(2431, 42, 685, 0),
(2432, 43, 685, 1),
(2433, 54, 686, 1),
(2434, 55, 686, 1),
(2435, 56, 686, 0),
(2436, 46, 687, 1),
(2437, 47, 687, 0),
(2438, 48, 687, 0),
(2439, 49, 687, 0),
(2440, 50, 688, 1),
(2441, 51, 688, 1),
(2442, 52, 688, 0),
(2443, 53, 688, 0),
(2444, 67, 689, 1),
(2445, 68, 689, 1),
(2446, 69, 689, 0),
(2447, 70, 689, 1),
(2448, 71, 689, 1),
(2449, 88, 690, 1),
(2450, 89, 690, 0),
(2451, 90, 690, 0),
(2452, 91, 690, 0),
(2453, 21, 691, 1),
(2454, 22, 691, 0),
(2455, 23, 691, 1),
(2456, 24, 692, 1),
(2457, 25, 692, 1),
(2458, 26, 692, 1),
(2459, 140, 693, 1),
(2460, 141, 693, 0),
(2461, 65, 694, 1),
(2462, 66, 694, 0),
(2463, 31, 695, 1),
(2464, 32, 695, 1),
(2465, 33, 695, 0),
(2466, 34, 695, 1),
(2467, 99, 696, 1),
(2468, 100, 696, 0),
(2469, 101, 696, 1),
(2470, 102, 696, 1),
(2471, 15, 697, 1),
(2472, 16, 697, 0),
(2473, 17, 697, 0),
(2474, 18, 697, 1),
(2475, 123, 698, 1),
(2476, 124, 698, 0),
(2477, 125, 698, 1),
(2478, 126, 698, 0),
(2479, 12, 699, 1),
(2480, 13, 699, 1),
(2481, 14, 699, 0),
(2482, 127, 700, 1),
(2483, 128, 700, 1),
(2484, 129, 700, 1),
(2485, 92, 701, 1),
(2486, 93, 701, 0),
(2487, 94, 701, 0),
(2488, 95, 701, 1),
(2489, 96, 701, 1),
(2490, 134, 702, 1),
(2491, 135, 702, 1),
(2492, 136, 702, 0),
(2493, 137, 702, 0),
(2494, 72, 703, 1),
(2495, 73, 703, 1),
(2496, 74, 703, 1),
(2497, 75, 703, 0),
(2498, 76, 704, 0),
(2499, 77, 704, 0),
(2500, 78, 704, 0),
(2501, 86, 705, 1),
(2502, 87, 705, 1),
(2503, 84, 706, 0),
(2504, 85, 706, 1),
(2505, 145, 707, 1),
(2506, 146, 707, 1),
(2507, 147, 707, 0),
(2508, 142, 708, 1),
(2509, 143, 708, 0),
(2510, 144, 708, 0),
(2511, 19, 709, 1),
(2512, 20, 709, 0),
(2513, 7, 710, 0),
(2514, 8, 710, 0),
(2515, 9, 710, 0),
(2516, 10, 710, 0),
(2517, 11, 710, 0),
(2518, 27, 711, 1),
(2519, 28, 711, 1),
(2520, 29, 711, 0),
(2521, 30, 711, 1),
(2522, 138, 712, 1),
(2523, 139, 712, 1),
(2524, 44, 713, 1),
(2525, 45, 713, 1),
(2526, 97, 714, 1),
(2527, 98, 714, 0),
(2528, 118, 715, 1),
(2529, 119, 715, 0),
(2530, 120, 715, 1),
(2531, 121, 715, 0),
(2532, 122, 715, 0),
(2533, 61, 716, 1),
(2534, 62, 716, 0),
(2535, 63, 716, 1),
(2536, 64, 716, 0),
(2537, 61, 717, 0),
(2538, 62, 717, 1),
(2539, 63, 717, 1),
(2540, 64, 717, 0),
(2541, 44, 718, 1),
(2542, 45, 718, 1),
(2543, 138, 719, 1),
(2544, 139, 719, 1),
(2545, 7, 720, 1),
(2546, 8, 720, 1),
(2547, 9, 720, 0),
(2548, 10, 720, 1),
(2549, 11, 720, 1),
(2550, 19, 721, 1),
(2551, 20, 721, 0),
(2552, 118, 722, 0),
(2553, 119, 722, 0),
(2554, 120, 722, 1),
(2555, 121, 722, 0),
(2556, 122, 722, 0),
(2557, 27, 723, 0),
(2558, 28, 723, 1),
(2559, 29, 723, 0),
(2560, 30, 723, 1),
(2561, 97, 724, 1),
(2562, 98, 724, 1),
(2563, 46, 725, 1),
(2564, 47, 725, 0),
(2565, 48, 725, 1),
(2566, 49, 725, 1),
(2567, 67, 726, 1),
(2568, 68, 726, 0),
(2569, 69, 726, 0),
(2570, 70, 726, 1),
(2571, 71, 726, 1),
(2572, 35, 727, 1),
(2573, 36, 727, 1),
(2574, 37, 727, 1),
(2575, 38, 727, 0),
(2576, 39, 727, 1),
(2577, 54, 728, 1),
(2578, 55, 728, 0),
(2579, 56, 728, 0),
(2580, 40, 729, 1),
(2581, 41, 729, 1),
(2582, 42, 729, 0),
(2583, 43, 729, 1),
(2584, 79, 730, 1),
(2585, 80, 730, 0),
(2586, 81, 730, 1),
(2587, 57, 731, 1),
(2588, 58, 731, 0),
(2589, 59, 731, 0),
(2590, 60, 731, 0),
(2591, 113, 732, 1),
(2592, 114, 732, 0),
(2593, 115, 732, 0),
(2594, 116, 732, 0),
(2595, 117, 732, 0),
(2596, 103, 733, 1),
(2597, 104, 733, 0),
(2598, 105, 733, 1),
(2599, 106, 733, 1),
(2600, 107, 733, 0),
(2601, 50, 734, 1),
(2602, 51, 734, 1),
(2603, 52, 734, 1),
(2604, 53, 734, 0),
(2605, 21, 735, 1),
(2606, 22, 735, 0),
(2607, 23, 735, 1),
(2608, 24, 736, 1),
(2609, 25, 736, 1),
(2610, 26, 736, 1),
(2611, 88, 737, 1),
(2612, 89, 737, 0),
(2613, 90, 737, 1),
(2614, 91, 737, 0),
(2615, 40, 738, 1),
(2616, 41, 738, 1),
(2617, 42, 738, 1),
(2618, 43, 738, 0),
(2619, 103, 739, 1),
(2620, 104, 739, 0),
(2621, 105, 739, 1),
(2622, 106, 739, 1),
(2623, 107, 739, 0),
(2624, 79, 740, 0),
(2625, 80, 740, 0),
(2626, 81, 740, 0),
(2627, 35, 741, 1),
(2628, 36, 741, 0),
(2629, 37, 741, 1),
(2630, 38, 741, 0),
(2631, 39, 741, 1),
(2632, 113, 742, 1),
(2633, 114, 742, 1),
(2634, 115, 742, 0),
(2635, 116, 742, 0),
(2636, 117, 742, 1),
(2637, 54, 743, 1),
(2638, 55, 743, 1),
(2639, 56, 743, 0),
(2640, 57, 744, 1),
(2641, 58, 744, 1),
(2642, 59, 744, 0),
(2643, 60, 744, 0),
(2644, 46, 745, 1),
(2645, 47, 745, 0),
(2646, 48, 745, 1),
(2647, 49, 745, 0),
(2648, 67, 746, 1),
(2649, 68, 746, 1),
(2650, 69, 746, 0),
(2651, 70, 746, 1),
(2652, 71, 746, 1),
(2653, 50, 747, 1),
(2654, 51, 747, 1),
(2655, 52, 747, 1),
(2656, 53, 747, 0),
(2657, 108, 748, 1),
(2658, 109, 748, 1),
(2659, 110, 748, 1),
(2660, 111, 748, 0),
(2661, 112, 748, 0),
(2662, 82, 749, 1),
(2663, 83, 749, 0),
(2664, 130, 750, 1),
(2665, 131, 750, 0),
(2666, 132, 750, 0),
(2667, 133, 750, 0),
(2668, 31, 751, 0),
(2669, 32, 751, 1),
(2670, 33, 751, 0),
(2671, 34, 751, 1),
(2672, 92, 752, 1),
(2673, 93, 752, 0),
(2674, 94, 752, 0),
(2675, 95, 752, 1),
(2676, 96, 752, 0),
(2677, 86, 753, 1),
(2678, 87, 753, 0),
(2679, 15, 754, 1),
(2680, 16, 754, 0),
(2681, 17, 754, 0),
(2682, 18, 754, 1),
(2683, 84, 755, 0),
(2684, 85, 755, 1),
(2685, 140, 756, 1),
(2686, 141, 756, 1),
(2687, 123, 757, 1),
(2688, 124, 757, 1),
(2689, 125, 757, 1),
(2690, 126, 757, 1),
(2691, 76, 758, 1),
(2692, 77, 758, 0),
(2693, 78, 758, 0),
(2694, 65, 759, 1),
(2695, 66, 759, 1),
(2696, 127, 760, 1),
(2697, 128, 760, 1),
(2698, 129, 760, 1),
(2699, 134, 761, 1),
(2700, 135, 761, 1),
(2701, 136, 761, 0),
(2702, 137, 761, 0),
(2703, 12, 762, 1),
(2704, 13, 762, 1),
(2705, 14, 762, 0),
(2706, 99, 763, 0),
(2707, 100, 763, 0),
(2708, 101, 763, 1),
(2709, 102, 763, 1),
(2710, 72, 764, 1),
(2711, 73, 764, 1),
(2712, 74, 764, 0),
(2713, 75, 764, 0),
(2714, 82, 765, 1),
(2715, 83, 765, 0),
(2716, 108, 766, 1),
(2717, 109, 766, 1),
(2718, 110, 766, 0),
(2719, 111, 766, 0),
(2720, 112, 766, 0),
(2721, 130, 767, 1),
(2722, 131, 767, 0),
(2723, 132, 767, 0),
(2724, 133, 767, 0),
(2725, 142, 768, 1),
(2726, 143, 768, 1),
(2727, 144, 768, 1),
(2728, 145, 769, 0),
(2729, 146, 769, 1),
(2730, 147, 769, 0),
(2731, 130, 770, 1),
(2732, 131, 770, 0),
(2733, 132, 770, 0),
(2734, 133, 770, 0),
(2735, 108, 771, 0),
(2736, 109, 771, 1),
(2737, 110, 771, 1),
(2738, 111, 771, 0),
(2739, 112, 771, 0),
(2740, 82, 772, 1),
(2741, 83, 772, 0),
(2742, 61, 773, 1),
(2743, 62, 773, 0),
(2744, 63, 773, 0),
(2745, 64, 773, 0),
(2746, 7, 774, 1),
(2747, 8, 774, 0),
(2748, 9, 774, 0),
(2749, 10, 774, 1),
(2750, 11, 774, 1),
(2751, 44, 775, 0),
(2752, 45, 775, 1),
(2753, 138, 776, 0),
(2754, 139, 776, 0),
(2755, 97, 777, 1),
(2756, 98, 777, 1),
(2757, 27, 778, 1),
(2758, 28, 778, 1),
(2759, 29, 778, 0),
(2760, 30, 778, 1),
(2761, 19, 779, 1),
(2762, 20, 779, 0),
(2763, 118, 780, 1),
(2764, 119, 780, 0),
(2765, 120, 780, 1),
(2766, 121, 780, 0),
(2767, 122, 780, 0),
(2768, 130, 781, 0),
(2769, 131, 781, 0),
(2770, 132, 781, 1),
(2771, 133, 781, 0),
(2772, 108, 782, 1),
(2773, 109, 782, 1),
(2774, 110, 782, 1),
(2775, 111, 782, 0),
(2776, 112, 782, 0),
(2777, 82, 783, 1),
(2778, 83, 783, 0),
(2779, 142, 784, 1),
(2780, 143, 784, 0),
(2781, 144, 784, 1),
(2782, 145, 785, 0),
(2783, 146, 785, 1),
(2784, 147, 785, 0),
(2785, 108, 786, 1),
(2786, 109, 786, 1),
(2787, 110, 786, 1),
(2788, 111, 786, 0),
(2789, 112, 786, 0),
(2790, 130, 787, 1),
(2791, 131, 787, 1),
(2792, 132, 787, 1),
(2793, 133, 787, 0),
(2794, 82, 788, 1),
(2795, 83, 788, 0),
(2796, 127, 789, 1),
(2797, 128, 789, 1),
(2798, 129, 789, 0),
(2799, 99, 790, 1),
(2800, 100, 790, 0),
(2801, 101, 790, 1),
(2802, 102, 790, 1),
(2803, 65, 791, 1),
(2804, 66, 791, 0),
(2805, 92, 792, 1),
(2806, 93, 792, 1),
(2807, 94, 792, 1),
(2808, 95, 792, 1),
(2809, 96, 792, 1);
INSERT INTO `answers` (`id`, `answer_option_id`, `asked_question_id`, `is_chosen`) VALUES
(2810, 140, 793, 1),
(2811, 141, 793, 0),
(2812, 76, 794, 1),
(2813, 77, 794, 0),
(2814, 78, 794, 0),
(2815, 15, 795, 1),
(2816, 16, 795, 0),
(2817, 17, 795, 1),
(2818, 18, 795, 1),
(2819, 134, 796, 1),
(2820, 135, 796, 1),
(2821, 136, 796, 1),
(2822, 137, 796, 0),
(2823, 72, 797, 1),
(2824, 73, 797, 1),
(2825, 74, 797, 1),
(2826, 75, 797, 0),
(2827, 84, 798, 1),
(2828, 85, 798, 1),
(2829, 123, 799, 1),
(2830, 124, 799, 1),
(2831, 125, 799, 1),
(2832, 126, 799, 0),
(2833, 12, 800, 1),
(2834, 13, 800, 1),
(2835, 14, 800, 0),
(2836, 86, 801, 0),
(2837, 87, 801, 0),
(2838, 31, 802, 1),
(2839, 32, 802, 1),
(2840, 33, 802, 0),
(2841, 34, 802, 1),
(2842, 67, 803, 1),
(2843, 68, 803, 1),
(2844, 69, 803, 0),
(2845, 70, 803, 0),
(2846, 71, 803, 1),
(2847, 40, 804, 1),
(2848, 41, 804, 1),
(2849, 42, 804, 0),
(2850, 43, 804, 1),
(2851, 113, 805, 1),
(2852, 114, 805, 1),
(2853, 115, 805, 0),
(2854, 116, 805, 1),
(2855, 117, 805, 1),
(2856, 57, 806, 1),
(2857, 58, 806, 1),
(2858, 59, 806, 0),
(2859, 60, 806, 0),
(2860, 35, 807, 1),
(2861, 36, 807, 1),
(2862, 37, 807, 1),
(2863, 38, 807, 0),
(2864, 39, 807, 1),
(2865, 50, 808, 1),
(2866, 51, 808, 0),
(2867, 52, 808, 1),
(2868, 53, 808, 0),
(2869, 46, 809, 1),
(2870, 47, 809, 0),
(2871, 48, 809, 0),
(2872, 49, 809, 0),
(2873, 54, 810, 1),
(2874, 55, 810, 1),
(2875, 56, 810, 0),
(2876, 79, 811, 1),
(2877, 80, 811, 1),
(2878, 81, 811, 0),
(2879, 103, 812, 1),
(2880, 104, 812, 1),
(2881, 105, 812, 0),
(2882, 106, 812, 1),
(2883, 107, 812, 1),
(2884, 142, 813, 1),
(2885, 143, 813, 0),
(2886, 144, 813, 1),
(2887, 145, 814, 1),
(2888, 146, 814, 1),
(2889, 147, 814, 0),
(2890, 24, 815, 0),
(2891, 25, 815, 1),
(2892, 26, 815, 1),
(2893, 88, 816, 1),
(2894, 89, 816, 0),
(2895, 90, 816, 1),
(2896, 91, 816, 0),
(2897, 21, 817, 1),
(2898, 22, 817, 0),
(2899, 23, 817, 1),
(2900, 138, 818, 0),
(2901, 139, 818, 0),
(2902, 27, 819, 1),
(2903, 28, 819, 1),
(2904, 29, 819, 0),
(2905, 30, 819, 1),
(2906, 19, 820, 0),
(2907, 20, 820, 0),
(2908, 44, 821, 1),
(2909, 45, 821, 1),
(2910, 7, 822, 1),
(2911, 8, 822, 0),
(2912, 9, 822, 0),
(2913, 10, 822, 0),
(2914, 11, 822, 1),
(2915, 97, 823, 1),
(2916, 98, 823, 1),
(2917, 61, 824, 1),
(2918, 62, 824, 1),
(2919, 63, 824, 1),
(2920, 64, 824, 0),
(2921, 118, 825, 1),
(2922, 119, 825, 0),
(2923, 120, 825, 1),
(2924, 121, 825, 0),
(2925, 122, 825, 0),
(2926, 113, 826, 1),
(2927, 114, 826, 1),
(2928, 115, 826, 0),
(2929, 116, 826, 0),
(2930, 117, 826, 1),
(2931, 46, 827, 1),
(2932, 47, 827, 0),
(2933, 48, 827, 1),
(2934, 49, 827, 1),
(2935, 40, 828, 0),
(2936, 41, 828, 0),
(2937, 42, 828, 0),
(2938, 43, 828, 1),
(2939, 79, 829, 1),
(2940, 80, 829, 0),
(2941, 81, 829, 0),
(2942, 50, 830, 1),
(2943, 51, 830, 0),
(2944, 52, 830, 1),
(2945, 53, 830, 1),
(2946, 103, 831, 1),
(2947, 104, 831, 0),
(2948, 105, 831, 1),
(2949, 106, 831, 1),
(2950, 107, 831, 0),
(2951, 54, 832, 1),
(2952, 55, 832, 1),
(2953, 56, 832, 1),
(2954, 35, 833, 1),
(2955, 36, 833, 0),
(2956, 37, 833, 1),
(2957, 38, 833, 1),
(2958, 39, 833, 1),
(2959, 67, 834, 1),
(2960, 68, 834, 0),
(2961, 69, 834, 0),
(2962, 70, 834, 1),
(2963, 71, 834, 1),
(2964, 57, 835, 0),
(2965, 58, 835, 0),
(2966, 59, 835, 1),
(2967, 60, 835, 0),
(2968, 145, 836, 0),
(2969, 146, 836, 1),
(2970, 147, 836, 1),
(2971, 142, 837, 1),
(2972, 143, 837, 0),
(2973, 144, 837, 1),
(2974, 145, 838, 0),
(2975, 146, 838, 1),
(2976, 147, 838, 0),
(2977, 142, 839, 1),
(2978, 143, 839, 0),
(2979, 144, 839, 1),
(2980, 24, 840, 1),
(2981, 25, 840, 0),
(2982, 26, 840, 1),
(2983, 88, 841, 1),
(2984, 89, 841, 0),
(2985, 90, 841, 1),
(2986, 91, 841, 0),
(2987, 21, 842, 1),
(2988, 22, 842, 0),
(2989, 23, 842, 0),
(2990, 7, 843, 1),
(2991, 8, 843, 0),
(2992, 9, 843, 0),
(2993, 10, 843, 1),
(2994, 11, 843, 0),
(2995, 61, 844, 1),
(2996, 62, 844, 0),
(2997, 63, 844, 1),
(2998, 64, 844, 0),
(2999, 97, 845, 1),
(3000, 98, 845, 0),
(3001, 118, 846, 1),
(3002, 119, 846, 0),
(3003, 120, 846, 1),
(3004, 121, 846, 0),
(3005, 122, 846, 0),
(3006, 44, 847, 1),
(3007, 45, 847, 1),
(3008, 138, 848, 1),
(3009, 139, 848, 0),
(3010, 19, 849, 0),
(3011, 20, 849, 0),
(3012, 27, 850, 1),
(3013, 28, 850, 0),
(3014, 29, 850, 0),
(3015, 30, 850, 1),
(3016, 67, 851, 0),
(3017, 68, 851, 1),
(3018, 69, 851, 0),
(3019, 70, 851, 1),
(3020, 71, 851, 0),
(3021, 103, 852, 1),
(3022, 104, 852, 0),
(3023, 105, 852, 1),
(3024, 106, 852, 1),
(3025, 107, 852, 0),
(3026, 35, 853, 1),
(3027, 36, 853, 0),
(3028, 37, 853, 1),
(3029, 38, 853, 0),
(3030, 39, 853, 1),
(3031, 57, 854, 1),
(3032, 58, 854, 1),
(3033, 59, 854, 1),
(3034, 60, 854, 0),
(3035, 113, 855, 1),
(3036, 114, 855, 0),
(3037, 115, 855, 0),
(3038, 116, 855, 0),
(3039, 117, 855, 1),
(3040, 79, 856, 1),
(3041, 80, 856, 0),
(3042, 81, 856, 0),
(3043, 54, 857, 1),
(3044, 55, 857, 1),
(3045, 56, 857, 1),
(3046, 46, 858, 1),
(3047, 47, 858, 1),
(3048, 48, 858, 1),
(3049, 49, 858, 1),
(3050, 40, 859, 0),
(3051, 41, 859, 1),
(3052, 42, 859, 1),
(3053, 43, 859, 1),
(3054, 50, 860, 0),
(3055, 51, 860, 1),
(3056, 52, 860, 1),
(3057, 53, 860, 0),
(3058, 138, 861, 1),
(3059, 139, 861, 0),
(3060, 118, 862, 1),
(3061, 119, 862, 0),
(3062, 120, 862, 1),
(3063, 121, 862, 1),
(3064, 122, 862, 0),
(3065, 61, 863, 1),
(3066, 62, 863, 0),
(3067, 63, 863, 1),
(3068, 64, 863, 1),
(3069, 44, 864, 1),
(3070, 45, 864, 1),
(3071, 27, 865, 1),
(3072, 28, 865, 0),
(3073, 29, 865, 0),
(3074, 30, 865, 0),
(3075, 7, 866, 1),
(3076, 8, 866, 0),
(3077, 9, 866, 0),
(3078, 10, 866, 0),
(3079, 11, 866, 1),
(3080, 97, 867, 1),
(3081, 98, 867, 1),
(3082, 19, 868, 1),
(3083, 20, 868, 0),
(3084, 145, 869, 0),
(3085, 146, 869, 1),
(3086, 147, 869, 0),
(3087, 142, 870, 1),
(3088, 143, 870, 0),
(3089, 144, 870, 0),
(3090, 97, 871, 1),
(3091, 98, 871, 1),
(3092, 19, 872, 1),
(3093, 20, 872, 0),
(3094, 7, 873, 1),
(3095, 8, 873, 0),
(3096, 9, 873, 1),
(3097, 10, 873, 0),
(3098, 11, 873, 1),
(3099, 44, 874, 1),
(3100, 45, 874, 1),
(3101, 138, 875, 1),
(3102, 139, 875, 0),
(3103, 118, 876, 1),
(3104, 119, 876, 0),
(3105, 120, 876, 1),
(3106, 121, 876, 0),
(3107, 122, 876, 1),
(3108, 27, 877, 1),
(3109, 28, 877, 1),
(3110, 29, 877, 0),
(3111, 30, 877, 1),
(3112, 61, 878, 1),
(3113, 62, 878, 0),
(3114, 63, 878, 1),
(3115, 64, 878, 0),
(3116, 92, 879, 1),
(3117, 93, 879, 0),
(3118, 94, 879, 1),
(3119, 95, 879, 1),
(3120, 96, 879, 1),
(3121, 84, 880, 1),
(3122, 85, 880, 1),
(3123, 12, 881, 1),
(3124, 13, 881, 0),
(3125, 14, 881, 0),
(3126, 134, 882, 1),
(3127, 135, 882, 1),
(3128, 136, 882, 0),
(3129, 137, 882, 0),
(3130, 72, 883, 1),
(3131, 73, 883, 0),
(3132, 74, 883, 1),
(3133, 75, 883, 0),
(3134, 123, 884, 1),
(3135, 124, 884, 1),
(3136, 125, 884, 1),
(3137, 126, 884, 0),
(3138, 76, 885, 1),
(3139, 77, 885, 0),
(3140, 78, 885, 0),
(3141, 15, 886, 1),
(3142, 16, 886, 0),
(3143, 17, 886, 0),
(3144, 18, 886, 1),
(3145, 86, 887, 1),
(3146, 87, 887, 0),
(3147, 65, 888, 1),
(3148, 66, 888, 1),
(3149, 127, 889, 1),
(3150, 128, 889, 1),
(3151, 129, 889, 0),
(3152, 31, 890, 1),
(3153, 32, 890, 1),
(3154, 33, 890, 0),
(3155, 34, 890, 1),
(3156, 140, 891, 1),
(3157, 141, 891, 0),
(3158, 99, 892, 1),
(3159, 100, 892, 0),
(3160, 101, 892, 1),
(3161, 102, 892, 1),
(3162, 108, 893, 1),
(3163, 109, 893, 1),
(3164, 110, 893, 0),
(3165, 111, 893, 0),
(3166, 112, 893, 1),
(3167, 82, 894, 1),
(3168, 83, 894, 0),
(3169, 130, 895, 1),
(3170, 131, 895, 1),
(3171, 132, 895, 0),
(3172, 133, 895, 0),
(3173, 82, 896, 1),
(3174, 83, 896, 0),
(3175, 108, 897, 1),
(3176, 109, 897, 1),
(3177, 110, 897, 1),
(3178, 111, 897, 0),
(3179, 112, 897, 0),
(3180, 130, 898, 1),
(3181, 131, 898, 0),
(3182, 132, 898, 0),
(3183, 133, 898, 1),
(3184, 21, 899, 1),
(3185, 22, 899, 0),
(3186, 23, 899, 0),
(3187, 24, 900, 0),
(3188, 25, 900, 1),
(3189, 26, 900, 0),
(3190, 88, 901, 1),
(3191, 89, 901, 0),
(3192, 90, 901, 1),
(3193, 91, 901, 1),
(3194, 35, 902, 1),
(3195, 36, 902, 1),
(3196, 37, 902, 1),
(3197, 38, 902, 0),
(3198, 39, 902, 0),
(3199, 103, 903, 1),
(3200, 104, 903, 1),
(3201, 105, 903, 1),
(3202, 106, 903, 1),
(3203, 107, 903, 0),
(3204, 79, 904, 1),
(3205, 80, 904, 0),
(3206, 81, 904, 0),
(3207, 54, 905, 1),
(3208, 55, 905, 0),
(3209, 56, 905, 0),
(3210, 46, 906, 1),
(3211, 47, 906, 1),
(3212, 48, 906, 1),
(3213, 49, 906, 0),
(3214, 40, 907, 1),
(3215, 41, 907, 0),
(3216, 42, 907, 0),
(3217, 43, 907, 1),
(3218, 57, 908, 1),
(3219, 58, 908, 1),
(3220, 59, 908, 1),
(3221, 60, 908, 0),
(3222, 113, 909, 1),
(3223, 114, 909, 1),
(3224, 115, 909, 0),
(3225, 116, 909, 1),
(3226, 117, 909, 1),
(3227, 50, 910, 1),
(3228, 51, 910, 1),
(3229, 52, 910, 1),
(3230, 53, 910, 0),
(3231, 67, 911, 1),
(3232, 68, 911, 1),
(3233, 69, 911, 0),
(3234, 70, 911, 1),
(3235, 71, 911, 1),
(3236, 138, 912, 1),
(3237, 139, 912, 0),
(3238, 61, 913, 1),
(3239, 62, 913, 0),
(3240, 63, 913, 1),
(3241, 64, 913, 0),
(3242, 118, 914, 1),
(3243, 119, 914, 0),
(3244, 120, 914, 1),
(3245, 121, 914, 0),
(3246, 122, 914, 0),
(3247, 7, 915, 1),
(3248, 8, 915, 1),
(3249, 9, 915, 0),
(3250, 10, 915, 0),
(3251, 11, 915, 1),
(3252, 19, 916, 1),
(3253, 20, 916, 0),
(3254, 27, 917, 0),
(3255, 28, 917, 1),
(3256, 29, 917, 0),
(3257, 30, 917, 1),
(3258, 97, 918, 1),
(3259, 98, 918, 1),
(3260, 44, 919, 1),
(3261, 45, 919, 1),
(3262, 82, 920, 1),
(3263, 83, 920, 1),
(3264, 130, 921, 1),
(3265, 131, 921, 0),
(3266, 132, 921, 0),
(3267, 133, 921, 0),
(3268, 108, 922, 1),
(3269, 109, 922, 1),
(3270, 110, 922, 1),
(3271, 111, 922, 0),
(3272, 112, 922, 0),
(3273, 21, 923, 0),
(3274, 22, 923, 0),
(3275, 23, 923, 1),
(3276, 88, 924, 0),
(3277, 89, 924, 0),
(3278, 90, 924, 1),
(3279, 91, 924, 0),
(3280, 24, 925, 1),
(3281, 25, 925, 1),
(3282, 26, 925, 1),
(3283, 108, 926, 1),
(3284, 109, 926, 0),
(3285, 110, 926, 1),
(3286, 111, 926, 0),
(3287, 112, 926, 0),
(3288, 130, 927, 1),
(3289, 131, 927, 0),
(3290, 132, 927, 0),
(3291, 133, 927, 1),
(3292, 82, 928, 1),
(3293, 83, 928, 0),
(3294, 54, 929, 1),
(3295, 55, 929, 1),
(3296, 56, 929, 0),
(3297, 113, 930, 1),
(3298, 114, 930, 1),
(3299, 115, 930, 0),
(3300, 116, 930, 0),
(3301, 117, 930, 1),
(3302, 40, 931, 1),
(3303, 41, 931, 1),
(3304, 42, 931, 0),
(3305, 43, 931, 1),
(3306, 79, 932, 0),
(3307, 80, 932, 0),
(3308, 81, 932, 0),
(3309, 103, 933, 1),
(3310, 104, 933, 1),
(3311, 105, 933, 1),
(3312, 106, 933, 1),
(3313, 107, 933, 0),
(3314, 46, 934, 1),
(3315, 47, 934, 0),
(3316, 48, 934, 1),
(3317, 49, 934, 0),
(3318, 35, 935, 1),
(3319, 36, 935, 0),
(3320, 37, 935, 0),
(3321, 38, 935, 0),
(3322, 39, 935, 1),
(3323, 57, 936, 1),
(3324, 58, 936, 1),
(3325, 59, 936, 0),
(3326, 60, 936, 0),
(3327, 67, 937, 1),
(3328, 68, 937, 1),
(3329, 69, 937, 0),
(3330, 70, 937, 1),
(3331, 71, 937, 1),
(3332, 50, 938, 1),
(3333, 51, 938, 1),
(3334, 52, 938, 1),
(3335, 53, 938, 0),
(3336, 24, 939, 1),
(3337, 25, 939, 1),
(3338, 26, 939, 1),
(3339, 21, 940, 1),
(3340, 22, 940, 1),
(3341, 23, 940, 0),
(3342, 88, 941, 1),
(3343, 89, 941, 0),
(3344, 90, 941, 1),
(3345, 91, 941, 0),
(3346, 19, 942, 1),
(3347, 20, 942, 0),
(3348, 61, 943, 1),
(3349, 62, 943, 0),
(3350, 63, 943, 1),
(3351, 64, 943, 0),
(3352, 118, 944, 1),
(3353, 119, 944, 0),
(3354, 120, 944, 1),
(3355, 121, 944, 0),
(3356, 122, 944, 1),
(3357, 27, 945, 1),
(3358, 28, 945, 1),
(3359, 29, 945, 0),
(3360, 30, 945, 1),
(3361, 44, 946, 1),
(3362, 45, 946, 1),
(3363, 138, 947, 1),
(3364, 139, 947, 0),
(3365, 97, 948, 1),
(3366, 98, 948, 1),
(3367, 7, 949, 1),
(3368, 8, 949, 0),
(3369, 9, 949, 0),
(3370, 10, 949, 0),
(3371, 11, 949, 1),
(3372, 123, 950, 0),
(3373, 124, 950, 1),
(3374, 125, 950, 1),
(3375, 126, 950, 0),
(3376, 99, 951, 1),
(3377, 100, 951, 0),
(3378, 101, 951, 1),
(3379, 102, 951, 1),
(3380, 12, 952, 0),
(3381, 13, 952, 0),
(3382, 14, 952, 0),
(3383, 65, 953, 0),
(3384, 66, 953, 1),
(3385, 15, 954, 1),
(3386, 16, 954, 0),
(3387, 17, 954, 0),
(3388, 18, 954, 1),
(3389, 86, 955, 1),
(3390, 87, 955, 1),
(3391, 140, 956, 1),
(3392, 141, 956, 0),
(3393, 92, 957, 1),
(3394, 93, 957, 0),
(3395, 94, 957, 1),
(3396, 95, 957, 1),
(3397, 96, 957, 1),
(3398, 76, 958, 0),
(3399, 77, 958, 0),
(3400, 78, 958, 0),
(3401, 84, 959, 1),
(3402, 85, 959, 1),
(3403, 134, 960, 0),
(3404, 135, 960, 0),
(3405, 136, 960, 0),
(3406, 137, 960, 0),
(3407, 127, 961, 1),
(3408, 128, 961, 1),
(3409, 129, 961, 0),
(3410, 31, 962, 1),
(3411, 32, 962, 1),
(3412, 33, 962, 0),
(3413, 34, 962, 1),
(3414, 72, 963, 1),
(3415, 73, 963, 1),
(3416, 74, 963, 1),
(3417, 75, 963, 0),
(3418, 82, 964, 1),
(3419, 83, 964, 0),
(3420, 108, 965, 0),
(3421, 109, 965, 1),
(3422, 110, 965, 1),
(3423, 111, 965, 0),
(3424, 112, 965, 0),
(3425, 130, 966, 0),
(3426, 131, 966, 0),
(3427, 132, 966, 0),
(3428, 133, 966, 0),
(3429, 142, 967, 1),
(3430, 143, 967, 0),
(3431, 144, 967, 1),
(3432, 145, 968, 0),
(3433, 146, 968, 1),
(3434, 147, 968, 0),
(3435, 92, 969, 1),
(3436, 93, 969, 1),
(3437, 94, 969, 1),
(3438, 95, 969, 1),
(3439, 96, 969, 1),
(3440, 86, 970, 1),
(3441, 87, 970, 0),
(3442, 15, 971, 1),
(3443, 16, 971, 0),
(3444, 17, 971, 0),
(3445, 18, 971, 1),
(3446, 123, 972, 1),
(3447, 124, 972, 1),
(3448, 125, 972, 1),
(3449, 126, 972, 0),
(3450, 72, 973, 0),
(3451, 73, 973, 1),
(3452, 74, 973, 1),
(3453, 75, 973, 0),
(3454, 65, 974, 1),
(3455, 66, 974, 0),
(3456, 76, 975, 1),
(3457, 77, 975, 0),
(3458, 78, 975, 0),
(3459, 127, 976, 1),
(3460, 128, 976, 1),
(3461, 129, 976, 0),
(3462, 134, 977, 1),
(3463, 135, 977, 1),
(3464, 136, 977, 0),
(3465, 137, 977, 0),
(3466, 12, 978, 1),
(3467, 13, 978, 1),
(3468, 14, 978, 1),
(3469, 31, 979, 1),
(3470, 32, 979, 1),
(3471, 33, 979, 0),
(3472, 34, 979, 1),
(3473, 84, 980, 1),
(3474, 85, 980, 1),
(3475, 99, 981, 1),
(3476, 100, 981, 0),
(3477, 101, 981, 0),
(3478, 102, 981, 1),
(3479, 140, 982, 1),
(3480, 141, 982, 0),
(3481, 67, 983, 1),
(3482, 68, 983, 1),
(3483, 69, 983, 0),
(3484, 70, 983, 1),
(3485, 71, 983, 1),
(3486, 103, 984, 0),
(3487, 104, 984, 0),
(3488, 105, 984, 1),
(3489, 106, 984, 1),
(3490, 107, 984, 0),
(3491, 35, 985, 1),
(3492, 36, 985, 0),
(3493, 37, 985, 1),
(3494, 38, 985, 0),
(3495, 39, 985, 1),
(3496, 57, 986, 1),
(3497, 58, 986, 1),
(3498, 59, 986, 0),
(3499, 60, 986, 0),
(3500, 113, 987, 1),
(3501, 114, 987, 1),
(3502, 115, 987, 0),
(3503, 116, 987, 0),
(3504, 117, 987, 1),
(3505, 50, 988, 0),
(3506, 51, 988, 1),
(3507, 52, 988, 1),
(3508, 53, 988, 0),
(3509, 54, 989, 1),
(3510, 55, 989, 1),
(3511, 56, 989, 0),
(3512, 40, 990, 1),
(3513, 41, 990, 1),
(3514, 42, 990, 0),
(3515, 43, 990, 1),
(3516, 46, 991, 1),
(3517, 47, 991, 0),
(3518, 48, 991, 1),
(3519, 49, 991, 0),
(3520, 79, 992, 1),
(3521, 80, 992, 0),
(3522, 81, 992, 0),
(3523, 142, 993, 1),
(3524, 143, 993, 0),
(3525, 144, 993, 1),
(3526, 145, 994, 0),
(3527, 146, 994, 1),
(3528, 147, 994, 0),
(3529, 108, 995, 1),
(3530, 109, 995, 1),
(3531, 110, 995, 1),
(3532, 111, 995, 0),
(3533, 112, 995, 0),
(3534, 82, 996, 1),
(3535, 83, 996, 0),
(3536, 130, 997, 1),
(3537, 131, 997, 0),
(3538, 132, 997, 0),
(3539, 133, 997, 0),
(3540, 72, 998, 1),
(3541, 73, 998, 0),
(3542, 74, 998, 0),
(3543, 75, 998, 0),
(3544, 99, 999, 1),
(3545, 100, 999, 0),
(3546, 101, 999, 1),
(3547, 102, 999, 1),
(3548, 86, 1000, 1),
(3549, 87, 1000, 0),
(3550, 127, 1001, 0),
(3551, 128, 1001, 1),
(3552, 129, 1001, 1),
(3553, 84, 1002, 0),
(3554, 85, 1002, 1),
(3555, 123, 1003, 1),
(3556, 124, 1003, 0),
(3557, 125, 1003, 1),
(3558, 126, 1003, 0),
(3559, 140, 1004, 1),
(3560, 141, 1004, 1),
(3561, 65, 1005, 1),
(3562, 66, 1005, 0),
(3563, 92, 1006, 1),
(3564, 93, 1006, 0),
(3565, 94, 1006, 1),
(3566, 95, 1006, 1),
(3567, 96, 1006, 1),
(3568, 76, 1007, 0),
(3569, 77, 1007, 0),
(3570, 78, 1007, 0),
(3571, 12, 1008, 0),
(3572, 13, 1008, 1),
(3573, 14, 1008, 0),
(3574, 31, 1009, 1),
(3575, 32, 1009, 0),
(3576, 33, 1009, 0),
(3577, 34, 1009, 1),
(3578, 15, 1010, 1),
(3579, 16, 1010, 0),
(3580, 17, 1010, 1),
(3581, 18, 1010, 1),
(3582, 134, 1011, 1),
(3583, 135, 1011, 1),
(3584, 136, 1011, 1),
(3585, 137, 1011, 0),
(3586, 92, 1012, 1),
(3587, 93, 1012, 1),
(3588, 94, 1012, 1),
(3589, 95, 1012, 1),
(3590, 96, 1012, 1),
(3591, 15, 1013, 1),
(3592, 16, 1013, 1),
(3593, 17, 1013, 0),
(3594, 18, 1013, 1),
(3595, 65, 1014, 1),
(3596, 66, 1014, 1),
(3597, 140, 1015, 1),
(3598, 141, 1015, 0),
(3599, 127, 1016, 1),
(3600, 128, 1016, 1),
(3601, 129, 1016, 1),
(3602, 86, 1017, 0),
(3603, 87, 1017, 0),
(3604, 123, 1018, 1),
(3605, 124, 1018, 0),
(3606, 125, 1018, 1),
(3607, 126, 1018, 0),
(3608, 76, 1019, 1),
(3609, 77, 1019, 0),
(3610, 78, 1019, 0),
(3611, 134, 1020, 1),
(3612, 135, 1020, 0),
(3613, 136, 1020, 0),
(3614, 137, 1020, 0),
(3615, 99, 1021, 0),
(3616, 100, 1021, 1),
(3617, 101, 1021, 1),
(3618, 102, 1021, 1),
(3619, 12, 1022, 1),
(3620, 13, 1022, 1),
(3621, 14, 1022, 0),
(3622, 84, 1023, 1),
(3623, 85, 1023, 1),
(3624, 31, 1024, 1),
(3625, 32, 1024, 1),
(3626, 33, 1024, 1),
(3627, 34, 1024, 1),
(3628, 72, 1025, 1),
(3629, 73, 1025, 1),
(3630, 74, 1025, 1),
(3631, 75, 1025, 0),
(3632, 142, 1026, 1),
(3633, 143, 1026, 0),
(3634, 144, 1026, 1),
(3635, 145, 1027, 0),
(3636, 146, 1027, 1),
(3637, 147, 1027, 0),
(3638, 86, 1028, 1),
(3639, 87, 1028, 0),
(3640, 15, 1029, 1),
(3641, 16, 1029, 0),
(3642, 17, 1029, 0),
(3643, 18, 1029, 0),
(3644, 12, 1030, 1),
(3645, 13, 1030, 0),
(3646, 14, 1030, 0),
(3647, 65, 1031, 1),
(3648, 66, 1031, 1),
(3649, 140, 1032, 1),
(3650, 141, 1032, 0),
(3651, 123, 1033, 1),
(3652, 124, 1033, 1),
(3653, 125, 1033, 1),
(3654, 126, 1033, 0),
(3655, 76, 1034, 1),
(3656, 77, 1034, 1),
(3657, 78, 1034, 1),
(3658, 127, 1035, 1),
(3659, 128, 1035, 1),
(3660, 129, 1035, 0),
(3661, 84, 1036, 0),
(3662, 85, 1036, 1),
(3663, 99, 1037, 1),
(3664, 100, 1037, 0),
(3665, 101, 1037, 1),
(3666, 102, 1037, 1),
(3667, 92, 1038, 1),
(3668, 93, 1038, 0),
(3669, 94, 1038, 1),
(3670, 95, 1038, 1),
(3671, 96, 1038, 1),
(3672, 72, 1039, 0),
(3673, 73, 1039, 0),
(3674, 74, 1039, 0),
(3675, 75, 1039, 0),
(3676, 31, 1040, 1),
(3677, 32, 1040, 1),
(3678, 33, 1040, 0),
(3679, 34, 1040, 1),
(3680, 134, 1041, 1),
(3681, 135, 1041, 1),
(3682, 136, 1041, 0),
(3683, 137, 1041, 0),
(3684, 82, 1042, 1),
(3685, 83, 1042, 1),
(3686, 108, 1043, 1),
(3687, 109, 1043, 1),
(3688, 110, 1043, 1),
(3689, 111, 1043, 1),
(3690, 112, 1043, 1),
(3691, 130, 1044, 1),
(3692, 131, 1044, 0),
(3693, 132, 1044, 0),
(3694, 133, 1044, 1),
(3695, 142, 1045, 1),
(3696, 143, 1045, 0),
(3697, 144, 1045, 0),
(3698, 145, 1046, 0),
(3699, 146, 1046, 1),
(3700, 147, 1046, 1),
(3701, 88, 1047, 1),
(3702, 89, 1047, 0),
(3703, 90, 1047, 1),
(3704, 91, 1047, 0),
(3705, 24, 1048, 1),
(3706, 25, 1048, 1),
(3707, 26, 1048, 1),
(3708, 21, 1049, 1),
(3709, 22, 1049, 1),
(3710, 23, 1049, 0),
(3711, 21, 1050, 1),
(3712, 22, 1050, 0),
(3713, 23, 1050, 0),
(3714, 24, 1051, 1),
(3715, 25, 1051, 1),
(3716, 26, 1051, 1),
(3717, 88, 1052, 1),
(3718, 89, 1052, 0),
(3719, 90, 1052, 0),
(3720, 91, 1052, 0),
(3721, 46, 1053, 1),
(3722, 47, 1053, 1),
(3723, 48, 1053, 1),
(3724, 49, 1053, 0),
(3725, 50, 1054, 0),
(3726, 51, 1054, 1),
(3727, 52, 1054, 1),
(3728, 53, 1054, 0),
(3729, 57, 1055, 1),
(3730, 58, 1055, 1),
(3731, 59, 1055, 0),
(3732, 60, 1055, 0),
(3733, 54, 1056, 1),
(3734, 55, 1056, 1),
(3735, 56, 1056, 0),
(3736, 35, 1057, 1),
(3737, 36, 1057, 1),
(3738, 37, 1057, 1),
(3739, 38, 1057, 0),
(3740, 39, 1057, 1),
(3741, 113, 1058, 1),
(3742, 114, 1058, 1),
(3743, 115, 1058, 0),
(3744, 116, 1058, 0),
(3745, 117, 1058, 1),
(3746, 40, 1059, 1),
(3747, 41, 1059, 1),
(3748, 42, 1059, 1),
(3749, 43, 1059, 1),
(3750, 103, 1060, 1),
(3751, 104, 1060, 0),
(3752, 105, 1060, 1),
(3753, 106, 1060, 1),
(3754, 107, 1060, 0),
(3755, 67, 1061, 1),
(3756, 68, 1061, 1),
(3757, 69, 1061, 0),
(3758, 70, 1061, 1),
(3759, 71, 1061, 1),
(3760, 79, 1062, 1),
(3761, 80, 1062, 0),
(3762, 81, 1062, 0),
(3763, 88, 1063, 1),
(3764, 89, 1063, 0),
(3765, 90, 1063, 1),
(3766, 91, 1063, 1),
(3767, 24, 1064, 0),
(3768, 25, 1064, 1),
(3769, 26, 1064, 1),
(3770, 21, 1065, 1),
(3771, 22, 1065, 0),
(3772, 23, 1065, 1),
(3773, 130, 1066, 1),
(3774, 131, 1066, 0),
(3775, 132, 1066, 0),
(3776, 133, 1066, 0),
(3777, 82, 1067, 1),
(3778, 83, 1067, 1),
(3779, 108, 1068, 1),
(3780, 109, 1068, 1),
(3781, 110, 1068, 0),
(3782, 111, 1068, 0),
(3783, 112, 1068, 1),
(3784, 108, 1069, 1),
(3785, 109, 1069, 1),
(3786, 110, 1069, 1),
(3787, 111, 1069, 1),
(3788, 112, 1069, 0),
(3789, 130, 1070, 1),
(3790, 131, 1070, 0),
(3791, 132, 1070, 0),
(3792, 133, 1070, 1),
(3793, 82, 1071, 1),
(3794, 83, 1071, 0),
(3795, 142, 1072, 1),
(3796, 143, 1072, 0),
(3797, 144, 1072, 1),
(3798, 145, 1073, 0),
(3799, 146, 1073, 1),
(3800, 147, 1073, 1),
(3801, 103, 1074, 1),
(3802, 104, 1074, 1),
(3803, 105, 1074, 1),
(3804, 106, 1074, 0),
(3805, 107, 1074, 0),
(3806, 35, 1075, 1),
(3807, 36, 1075, 0),
(3808, 37, 1075, 1),
(3809, 38, 1075, 1),
(3810, 39, 1075, 1),
(3811, 40, 1076, 1),
(3812, 41, 1076, 1),
(3813, 42, 1076, 1),
(3814, 43, 1076, 0),
(3815, 54, 1077, 1),
(3816, 55, 1077, 1),
(3817, 56, 1077, 0),
(3818, 46, 1078, 1),
(3819, 47, 1078, 0),
(3820, 48, 1078, 0),
(3821, 49, 1078, 1),
(3822, 57, 1079, 1),
(3823, 58, 1079, 1),
(3824, 59, 1079, 0),
(3825, 60, 1079, 0),
(3826, 67, 1080, 1),
(3827, 68, 1080, 1),
(3828, 69, 1080, 1),
(3829, 70, 1080, 1),
(3830, 71, 1080, 0),
(3831, 113, 1081, 1),
(3832, 114, 1081, 1),
(3833, 115, 1081, 0),
(3834, 116, 1081, 0),
(3835, 117, 1081, 1),
(3836, 79, 1082, 0),
(3837, 80, 1082, 0),
(3838, 81, 1082, 0),
(3839, 50, 1083, 1),
(3840, 51, 1083, 1),
(3841, 52, 1083, 1),
(3842, 53, 1083, 0),
(3843, 108, 1084, 1),
(3844, 109, 1084, 1),
(3845, 110, 1084, 1),
(3846, 111, 1084, 1),
(3847, 112, 1084, 0),
(3848, 82, 1085, 1),
(3849, 83, 1085, 0),
(3850, 130, 1086, 1),
(3851, 131, 1086, 0),
(3852, 132, 1086, 0),
(3853, 133, 1086, 0),
(3854, 99, 1087, 1),
(3855, 100, 1087, 1),
(3856, 101, 1087, 1),
(3857, 102, 1087, 0),
(3858, 86, 1088, 0),
(3859, 87, 1088, 0),
(3860, 127, 1089, 1),
(3861, 128, 1089, 1),
(3862, 129, 1089, 1),
(3863, 12, 1090, 1),
(3864, 13, 1090, 1),
(3865, 14, 1090, 1),
(3866, 123, 1091, 1),
(3867, 124, 1091, 1),
(3868, 125, 1091, 1),
(3869, 126, 1091, 0),
(3870, 65, 1092, 1),
(3871, 66, 1092, 0),
(3872, 72, 1093, 1),
(3873, 73, 1093, 0),
(3874, 74, 1093, 1),
(3875, 75, 1093, 0),
(3876, 15, 1094, 1),
(3877, 16, 1094, 1),
(3878, 17, 1094, 0),
(3879, 18, 1094, 1),
(3880, 92, 1095, 1),
(3881, 93, 1095, 0),
(3882, 94, 1095, 1),
(3883, 95, 1095, 0),
(3884, 96, 1095, 1),
(3885, 140, 1096, 0),
(3886, 141, 1096, 0),
(3887, 31, 1097, 0),
(3888, 32, 1097, 1),
(3889, 33, 1097, 0),
(3890, 34, 1097, 0),
(3891, 76, 1098, 1),
(3892, 77, 1098, 0),
(3893, 78, 1098, 1),
(3894, 134, 1099, 1),
(3895, 135, 1099, 1),
(3896, 136, 1099, 0),
(3897, 137, 1099, 0),
(3898, 84, 1100, 1),
(3899, 85, 1100, 1),
(3900, 65, 1101, 1),
(3901, 66, 1101, 1),
(3902, 134, 1102, 1),
(3903, 135, 1102, 0),
(3904, 136, 1102, 1),
(3905, 137, 1102, 0),
(3906, 140, 1103, 1),
(3907, 141, 1103, 0),
(3908, 84, 1104, 1),
(3909, 85, 1104, 0),
(3910, 86, 1105, 1),
(3911, 87, 1105, 0),
(3912, 92, 1106, 1),
(3913, 93, 1106, 0),
(3914, 94, 1106, 1),
(3915, 95, 1106, 1),
(3916, 96, 1106, 1),
(3917, 127, 1107, 1),
(3918, 128, 1107, 1),
(3919, 129, 1107, 1),
(3920, 72, 1108, 1),
(3921, 73, 1108, 1),
(3922, 74, 1108, 1),
(3923, 75, 1108, 0),
(3924, 123, 1109, 1),
(3925, 124, 1109, 1),
(3926, 125, 1109, 0),
(3927, 126, 1109, 0),
(3928, 15, 1110, 1),
(3929, 16, 1110, 1),
(3930, 17, 1110, 0),
(3931, 18, 1110, 1),
(3932, 76, 1111, 1),
(3933, 77, 1111, 1),
(3934, 78, 1111, 0),
(3935, 31, 1112, 1),
(3936, 32, 1112, 1),
(3937, 33, 1112, 0),
(3938, 34, 1112, 1),
(3939, 12, 1113, 1),
(3940, 13, 1113, 1),
(3941, 14, 1113, 0),
(3942, 99, 1114, 1),
(3943, 100, 1114, 0),
(3944, 101, 1114, 1),
(3945, 102, 1114, 0),
(3946, 40, 1115, 1),
(3947, 41, 1115, 1),
(3948, 42, 1115, 0),
(3949, 43, 1115, 1),
(3950, 113, 1116, 0),
(3951, 114, 1116, 1),
(3952, 115, 1116, 0),
(3953, 116, 1116, 0),
(3954, 117, 1116, 1),
(3955, 35, 1117, 0),
(3956, 36, 1117, 0),
(3957, 37, 1117, 1),
(3958, 38, 1117, 0),
(3959, 39, 1117, 1),
(3960, 103, 1118, 1),
(3961, 104, 1118, 0),
(3962, 105, 1118, 1),
(3963, 106, 1118, 1),
(3964, 107, 1118, 0),
(3965, 46, 1119, 1),
(3966, 47, 1119, 1),
(3967, 48, 1119, 0),
(3968, 49, 1119, 0),
(3969, 57, 1120, 1),
(3970, 58, 1120, 1),
(3971, 59, 1120, 0),
(3972, 60, 1120, 0),
(3973, 54, 1121, 1),
(3974, 55, 1121, 1),
(3975, 56, 1121, 1),
(3976, 79, 1122, 1),
(3977, 80, 1122, 0),
(3978, 81, 1122, 0),
(3979, 67, 1123, 1),
(3980, 68, 1123, 1),
(3981, 69, 1123, 0),
(3982, 70, 1123, 1),
(3983, 71, 1123, 1),
(3984, 50, 1124, 1),
(3985, 51, 1124, 1),
(3986, 52, 1124, 1),
(3987, 53, 1124, 1),
(3988, 142, 1125, 0),
(3989, 143, 1125, 0),
(3990, 144, 1125, 1),
(3991, 145, 1126, 1),
(3992, 146, 1126, 1),
(3993, 147, 1126, 0),
(3994, 88, 1127, 1),
(3995, 89, 1127, 0),
(3996, 90, 1127, 1),
(3997, 91, 1127, 1),
(3998, 21, 1128, 1),
(3999, 22, 1128, 0),
(4000, 23, 1128, 1),
(4001, 24, 1129, 1),
(4002, 25, 1129, 0),
(4003, 26, 1129, 1),
(4004, 142, 1130, 0),
(4005, 143, 1130, 1),
(4006, 144, 1130, 0),
(4007, 145, 1131, 1),
(4008, 146, 1131, 1),
(4009, 147, 1131, 0),
(4010, 40, 1132, 1),
(4011, 41, 1132, 0),
(4012, 42, 1132, 0),
(4013, 43, 1132, 1),
(4014, 46, 1133, 0),
(4015, 47, 1133, 0),
(4016, 48, 1133, 1),
(4017, 49, 1133, 0),
(4018, 103, 1134, 1),
(4019, 104, 1134, 1),
(4020, 105, 1134, 1),
(4021, 106, 1134, 1),
(4022, 107, 1134, 0),
(4023, 113, 1135, 1),
(4024, 114, 1135, 1),
(4025, 115, 1135, 0),
(4026, 116, 1135, 1),
(4027, 117, 1135, 1),
(4028, 67, 1136, 0),
(4029, 68, 1136, 1),
(4030, 69, 1136, 1),
(4031, 70, 1136, 1),
(4032, 71, 1136, 1),
(4033, 54, 1137, 1),
(4034, 55, 1137, 1),
(4035, 56, 1137, 0),
(4036, 50, 1138, 1),
(4037, 51, 1138, 1),
(4038, 52, 1138, 0),
(4039, 53, 1138, 0),
(4040, 57, 1139, 1),
(4041, 58, 1139, 1),
(4042, 59, 1139, 1),
(4043, 60, 1139, 0),
(4044, 79, 1140, 1),
(4045, 80, 1140, 0),
(4046, 81, 1140, 0),
(4047, 35, 1141, 1),
(4048, 36, 1141, 0),
(4049, 37, 1141, 1),
(4050, 38, 1141, 0),
(4051, 39, 1141, 1),
(4052, 92, 1142, 1),
(4053, 93, 1142, 1),
(4054, 94, 1142, 1),
(4055, 95, 1142, 0),
(4056, 96, 1142, 1),
(4057, 86, 1143, 1),
(4058, 87, 1143, 0),
(4059, 76, 1144, 1),
(4060, 77, 1144, 0),
(4061, 78, 1144, 0),
(4062, 99, 1145, 1),
(4063, 100, 1145, 0),
(4064, 101, 1145, 1),
(4065, 102, 1145, 1),
(4066, 134, 1146, 0),
(4067, 135, 1146, 0),
(4068, 136, 1146, 0),
(4069, 137, 1146, 0),
(4070, 15, 1147, 0),
(4071, 16, 1147, 1),
(4072, 17, 1147, 0),
(4073, 18, 1147, 1),
(4074, 123, 1148, 1),
(4075, 124, 1148, 1),
(4076, 125, 1148, 1),
(4077, 126, 1148, 1),
(4078, 12, 1149, 0),
(4079, 13, 1149, 1),
(4080, 14, 1149, 0),
(4081, 31, 1150, 1),
(4082, 32, 1150, 1),
(4083, 33, 1150, 0),
(4084, 34, 1150, 0),
(4085, 140, 1151, 1),
(4086, 141, 1151, 0),
(4087, 65, 1152, 1),
(4088, 66, 1152, 1),
(4089, 127, 1153, 1),
(4090, 128, 1153, 1),
(4091, 129, 1153, 1),
(4092, 84, 1154, 1),
(4093, 85, 1154, 0),
(4094, 72, 1155, 1),
(4095, 73, 1155, 1),
(4096, 74, 1155, 1),
(4097, 75, 1155, 0),
(4098, 44, 1156, 1),
(4099, 45, 1156, 0),
(4100, 97, 1157, 1),
(4101, 98, 1157, 0),
(4102, 19, 1158, 1),
(4103, 20, 1158, 0),
(4104, 7, 1159, 1),
(4105, 8, 1159, 1),
(4106, 9, 1159, 1),
(4107, 10, 1159, 0),
(4108, 11, 1159, 1),
(4109, 118, 1160, 1),
(4110, 119, 1160, 0),
(4111, 120, 1160, 1),
(4112, 121, 1160, 0),
(4113, 122, 1160, 1),
(4114, 61, 1161, 1),
(4115, 62, 1161, 0),
(4116, 63, 1161, 1),
(4117, 64, 1161, 0),
(4118, 138, 1162, 1),
(4119, 139, 1162, 0),
(4120, 27, 1163, 1),
(4121, 28, 1163, 1),
(4122, 29, 1163, 0),
(4123, 30, 1163, 1),
(4124, 61, 1164, 0),
(4125, 62, 1164, 0),
(4126, 63, 1164, 1),
(4127, 64, 1164, 0),
(4128, 44, 1165, 1),
(4129, 45, 1165, 1),
(4130, 7, 1166, 1),
(4131, 8, 1166, 0),
(4132, 9, 1166, 0),
(4133, 10, 1166, 0),
(4134, 11, 1166, 1),
(4135, 138, 1167, 1),
(4136, 139, 1167, 0),
(4137, 19, 1168, 1),
(4138, 20, 1168, 0),
(4139, 27, 1169, 0),
(4140, 28, 1169, 1),
(4141, 29, 1169, 0),
(4142, 30, 1169, 1),
(4143, 118, 1170, 1),
(4144, 119, 1170, 0),
(4145, 120, 1170, 1),
(4146, 121, 1170, 0),
(4147, 122, 1170, 0),
(4148, 97, 1171, 1),
(4149, 98, 1171, 1),
(4150, 145, 1172, 0),
(4151, 146, 1172, 1),
(4152, 147, 1172, 0),
(4153, 142, 1173, 1),
(4154, 143, 1173, 0),
(4155, 144, 1173, 1),
(4156, 140, 1174, 0),
(4157, 141, 1174, 0),
(4158, 31, 1175, 1),
(4159, 32, 1175, 1),
(4160, 33, 1175, 1),
(4161, 34, 1175, 1),
(4162, 134, 1176, 0),
(4163, 135, 1176, 1),
(4164, 136, 1176, 0),
(4165, 137, 1176, 1),
(4166, 12, 1177, 1),
(4167, 13, 1177, 1),
(4168, 14, 1177, 1),
(4169, 65, 1178, 1),
(4170, 66, 1178, 1),
(4171, 86, 1179, 1),
(4172, 87, 1179, 1),
(4173, 99, 1180, 1),
(4174, 100, 1180, 0),
(4175, 101, 1180, 1),
(4176, 102, 1180, 1),
(4177, 127, 1181, 1),
(4178, 128, 1181, 1),
(4179, 129, 1181, 1),
(4180, 15, 1182, 1),
(4181, 16, 1182, 1),
(4182, 17, 1182, 0),
(4183, 18, 1182, 1),
(4184, 123, 1183, 1),
(4185, 124, 1183, 1),
(4186, 125, 1183, 1),
(4187, 126, 1183, 0),
(4188, 84, 1184, 1),
(4189, 85, 1184, 1),
(4190, 92, 1185, 0),
(4191, 93, 1185, 0),
(4192, 94, 1185, 1),
(4193, 95, 1185, 1),
(4194, 96, 1185, 1),
(4195, 76, 1186, 0),
(4196, 77, 1186, 0),
(4197, 78, 1186, 0),
(4198, 72, 1187, 0),
(4199, 73, 1187, 0),
(4200, 74, 1187, 0),
(4201, 75, 1187, 0),
(4202, 145, 1188, 0),
(4203, 146, 1188, 1),
(4204, 147, 1188, 0),
(4205, 142, 1189, 1),
(4206, 143, 1189, 0),
(4207, 144, 1189, 0),
(4208, 108, 1190, 0),
(4209, 109, 1190, 1),
(4210, 110, 1190, 1),
(4211, 111, 1190, 0),
(4212, 112, 1190, 0),
(4213, 82, 1191, 1),
(4214, 83, 1191, 0),
(4215, 130, 1192, 1),
(4216, 131, 1192, 0),
(4217, 132, 1192, 0),
(4218, 133, 1192, 0),
(4219, 50, 1193, 1),
(4220, 51, 1193, 1),
(4221, 52, 1193, 1),
(4222, 53, 1193, 0),
(4223, 35, 1194, 1),
(4224, 36, 1194, 0),
(4225, 37, 1194, 1),
(4226, 38, 1194, 0),
(4227, 39, 1194, 0),
(4228, 57, 1195, 1),
(4229, 58, 1195, 1),
(4230, 59, 1195, 0),
(4231, 60, 1195, 0),
(4232, 113, 1196, 1),
(4233, 114, 1196, 1),
(4234, 115, 1196, 1),
(4235, 116, 1196, 0),
(4236, 117, 1196, 1),
(4237, 46, 1197, 1),
(4238, 47, 1197, 0),
(4239, 48, 1197, 1),
(4240, 49, 1197, 0),
(4241, 67, 1198, 1),
(4242, 68, 1198, 1),
(4243, 69, 1198, 0),
(4244, 70, 1198, 1),
(4245, 71, 1198, 1),
(4246, 103, 1199, 1),
(4247, 104, 1199, 0),
(4248, 105, 1199, 1),
(4249, 106, 1199, 1),
(4250, 107, 1199, 0),
(4251, 40, 1200, 1),
(4252, 41, 1200, 1),
(4253, 42, 1200, 0),
(4254, 43, 1200, 1),
(4255, 79, 1201, 1),
(4256, 80, 1201, 0),
(4257, 81, 1201, 0),
(4258, 54, 1202, 1),
(4259, 55, 1202, 1),
(4260, 56, 1202, 0),
(4261, 35, 1203, 1),
(4262, 36, 1203, 0),
(4263, 37, 1203, 1),
(4264, 38, 1203, 0),
(4265, 39, 1203, 1),
(4266, 79, 1204, 1),
(4267, 80, 1204, 1),
(4268, 81, 1204, 0),
(4269, 113, 1205, 1),
(4270, 114, 1205, 1),
(4271, 115, 1205, 0),
(4272, 116, 1205, 0),
(4273, 117, 1205, 1),
(4274, 67, 1206, 1),
(4275, 68, 1206, 1),
(4276, 69, 1206, 0),
(4277, 70, 1206, 1),
(4278, 71, 1206, 1),
(4279, 40, 1207, 1),
(4280, 41, 1207, 1),
(4281, 42, 1207, 0),
(4282, 43, 1207, 1),
(4283, 54, 1208, 1),
(4284, 55, 1208, 1),
(4285, 56, 1208, 0),
(4286, 103, 1209, 1),
(4287, 104, 1209, 0),
(4288, 105, 1209, 1),
(4289, 106, 1209, 1),
(4290, 107, 1209, 0),
(4291, 57, 1210, 1),
(4292, 58, 1210, 0),
(4293, 59, 1210, 0),
(4294, 60, 1210, 1),
(4295, 50, 1211, 1),
(4296, 51, 1211, 1),
(4297, 52, 1211, 1),
(4298, 53, 1211, 0),
(4299, 46, 1212, 1),
(4300, 47, 1212, 0),
(4301, 48, 1212, 1),
(4302, 49, 1212, 0),
(4303, 108, 1213, 1),
(4304, 109, 1213, 1),
(4305, 110, 1213, 1),
(4306, 111, 1213, 1),
(4307, 112, 1213, 0),
(4308, 82, 1214, 1),
(4309, 83, 1214, 0),
(4310, 130, 1215, 1),
(4311, 131, 1215, 0),
(4312, 132, 1215, 1),
(4313, 133, 1215, 0),
(4314, 21, 1216, 1),
(4315, 22, 1216, 0),
(4316, 23, 1216, 0),
(4317, 88, 1217, 1),
(4318, 89, 1217, 0),
(4319, 90, 1217, 1),
(4320, 91, 1217, 0),
(4321, 24, 1218, 1),
(4322, 25, 1218, 1),
(4323, 26, 1218, 1),
(4324, 82, 1219, 1),
(4325, 83, 1219, 0),
(4326, 108, 1220, 1),
(4327, 109, 1220, 1),
(4328, 110, 1220, 1),
(4329, 111, 1220, 0),
(4330, 112, 1220, 0),
(4331, 130, 1221, 1),
(4332, 131, 1221, 0),
(4333, 132, 1221, 0),
(4334, 133, 1221, 0),
(4335, 67, 1222, 1),
(4336, 68, 1222, 1),
(4337, 69, 1222, 0),
(4338, 70, 1222, 1),
(4339, 71, 1222, 1),
(4340, 103, 1223, 1),
(4341, 104, 1223, 0),
(4342, 105, 1223, 1),
(4343, 106, 1223, 1),
(4344, 107, 1223, 0),
(4345, 54, 1224, 1),
(4346, 55, 1224, 1),
(4347, 56, 1224, 0),
(4348, 113, 1225, 1),
(4349, 114, 1225, 0),
(4350, 115, 1225, 0),
(4351, 116, 1225, 0),
(4352, 117, 1225, 1),
(4353, 79, 1226, 1),
(4354, 80, 1226, 0),
(4355, 81, 1226, 0),
(4356, 57, 1227, 1),
(4357, 58, 1227, 1),
(4358, 59, 1227, 1),
(4359, 60, 1227, 0),
(4360, 46, 1228, 1),
(4361, 47, 1228, 0),
(4362, 48, 1228, 1),
(4363, 49, 1228, 1),
(4364, 50, 1229, 1),
(4365, 51, 1229, 1),
(4366, 52, 1229, 1),
(4367, 53, 1229, 1),
(4368, 35, 1230, 1),
(4369, 36, 1230, 0),
(4370, 37, 1230, 1),
(4371, 38, 1230, 0),
(4372, 39, 1230, 1),
(4373, 40, 1231, 1),
(4374, 41, 1231, 1),
(4375, 42, 1231, 0),
(4376, 43, 1231, 1),
(4377, 130, 1232, 0),
(4378, 131, 1232, 0),
(4379, 132, 1232, 1),
(4380, 133, 1232, 1),
(4381, 82, 1233, 1),
(4382, 83, 1233, 0),
(4383, 108, 1234, 1),
(4384, 109, 1234, 1),
(4385, 110, 1234, 1),
(4386, 111, 1234, 0),
(4387, 112, 1234, 0),
(4388, 142, 1235, 1),
(4389, 143, 1235, 0),
(4390, 144, 1235, 1),
(4391, 145, 1236, 0),
(4392, 146, 1236, 1),
(4393, 147, 1236, 1),
(4394, 31, 1237, 0),
(4395, 32, 1237, 1),
(4396, 33, 1237, 0),
(4397, 34, 1237, 1),
(4398, 123, 1238, 1),
(4399, 124, 1238, 1),
(4400, 125, 1238, 0),
(4401, 126, 1238, 0),
(4402, 99, 1239, 1),
(4403, 100, 1239, 0),
(4404, 101, 1239, 1),
(4405, 102, 1239, 1),
(4406, 127, 1240, 1),
(4407, 128, 1240, 1),
(4408, 129, 1240, 1),
(4409, 15, 1241, 1),
(4410, 16, 1241, 0),
(4411, 17, 1241, 0),
(4412, 18, 1241, 1),
(4413, 12, 1242, 1),
(4414, 13, 1242, 1),
(4415, 14, 1242, 0),
(4416, 134, 1243, 1),
(4417, 135, 1243, 1),
(4418, 136, 1243, 1),
(4419, 137, 1243, 0),
(4420, 72, 1244, 1),
(4421, 73, 1244, 0),
(4422, 74, 1244, 1),
(4423, 75, 1244, 0),
(4424, 84, 1245, 1),
(4425, 85, 1245, 0),
(4426, 76, 1246, 1),
(4427, 77, 1246, 0),
(4428, 78, 1246, 1),
(4429, 65, 1247, 1),
(4430, 66, 1247, 1),
(4431, 92, 1248, 1),
(4432, 93, 1248, 0),
(4433, 94, 1248, 1),
(4434, 95, 1248, 1),
(4435, 96, 1248, 0),
(4436, 86, 1249, 0),
(4437, 87, 1249, 0),
(4438, 140, 1250, 1),
(4439, 141, 1250, 1),
(4440, 103, 1251, 1),
(4441, 104, 1251, 0),
(4442, 105, 1251, 0),
(4443, 106, 1251, 1),
(4444, 107, 1251, 0),
(4445, 113, 1252, 1),
(4446, 114, 1252, 1),
(4447, 115, 1252, 0),
(4448, 116, 1252, 0),
(4449, 117, 1252, 1),
(4450, 35, 1253, 0),
(4451, 36, 1253, 1),
(4452, 37, 1253, 1),
(4453, 38, 1253, 1),
(4454, 39, 1253, 1),
(4455, 40, 1254, 1),
(4456, 41, 1254, 1),
(4457, 42, 1254, 0),
(4458, 43, 1254, 1),
(4459, 54, 1255, 1),
(4460, 55, 1255, 1),
(4461, 56, 1255, 1),
(4462, 46, 1256, 0),
(4463, 47, 1256, 0),
(4464, 48, 1256, 1),
(4465, 49, 1256, 0),
(4466, 57, 1257, 1),
(4467, 58, 1257, 1),
(4468, 59, 1257, 0),
(4469, 60, 1257, 1),
(4470, 79, 1258, 1),
(4471, 80, 1258, 1),
(4472, 81, 1258, 0),
(4473, 67, 1259, 1),
(4474, 68, 1259, 1),
(4475, 69, 1259, 1),
(4476, 70, 1259, 1),
(4477, 71, 1259, 1),
(4478, 50, 1260, 1),
(4479, 51, 1260, 1),
(4480, 52, 1260, 1),
(4481, 53, 1260, 0),
(4482, 142, 1261, 1),
(4483, 143, 1261, 1),
(4484, 144, 1261, 1),
(4485, 145, 1262, 0),
(4486, 146, 1262, 1),
(4487, 147, 1262, 0),
(4488, 76, 1263, 1),
(4489, 77, 1263, 0),
(4490, 78, 1263, 0),
(4491, 12, 1264, 1),
(4492, 13, 1264, 1),
(4493, 14, 1264, 0),
(4494, 72, 1265, 0),
(4495, 73, 1265, 1),
(4496, 74, 1265, 1),
(4497, 75, 1265, 0),
(4498, 15, 1266, 1),
(4499, 16, 1266, 0),
(4500, 17, 1266, 0),
(4501, 18, 1266, 1),
(4502, 99, 1267, 0),
(4503, 100, 1267, 0),
(4504, 101, 1267, 1),
(4505, 102, 1267, 1),
(4506, 127, 1268, 1),
(4507, 128, 1268, 0),
(4508, 129, 1268, 1),
(4509, 86, 1269, 1),
(4510, 87, 1269, 0),
(4511, 92, 1270, 0),
(4512, 93, 1270, 0),
(4513, 94, 1270, 1),
(4514, 95, 1270, 1),
(4515, 96, 1270, 1),
(4516, 140, 1271, 0),
(4517, 141, 1271, 1),
(4518, 123, 1272, 1),
(4519, 124, 1272, 1),
(4520, 125, 1272, 1),
(4521, 126, 1272, 0),
(4522, 31, 1273, 1),
(4523, 32, 1273, 1),
(4524, 33, 1273, 0),
(4525, 34, 1273, 0),
(4526, 65, 1274, 1),
(4527, 66, 1274, 1),
(4528, 134, 1275, 0),
(4529, 135, 1275, 1),
(4530, 136, 1275, 1),
(4531, 137, 1275, 0),
(4532, 84, 1276, 1),
(4533, 85, 1276, 1),
(4534, 142, 1277, 0),
(4535, 143, 1277, 0),
(4536, 144, 1277, 1),
(4537, 145, 1278, 0),
(4538, 146, 1278, 1),
(4539, 147, 1278, 1),
(4540, 142, 1279, 0),
(4541, 143, 1279, 0),
(4542, 144, 1279, 1),
(4543, 145, 1280, 0),
(4544, 146, 1280, 1),
(4545, 147, 1280, 0),
(4546, 103, 1281, 1),
(4547, 104, 1281, 0),
(4548, 105, 1281, 1),
(4549, 106, 1281, 1),
(4550, 107, 1281, 0),
(4551, 57, 1282, 1),
(4552, 58, 1282, 1),
(4553, 59, 1282, 0),
(4554, 60, 1282, 0),
(4555, 35, 1283, 1),
(4556, 36, 1283, 0),
(4557, 37, 1283, 1),
(4558, 38, 1283, 0),
(4559, 39, 1283, 1),
(4560, 40, 1284, 1),
(4561, 41, 1284, 1),
(4562, 42, 1284, 0),
(4563, 43, 1284, 0),
(4564, 50, 1285, 1),
(4565, 51, 1285, 1),
(4566, 52, 1285, 1),
(4567, 53, 1285, 0),
(4568, 46, 1286, 1),
(4569, 47, 1286, 0),
(4570, 48, 1286, 1),
(4571, 49, 1286, 0),
(4572, 113, 1287, 1),
(4573, 114, 1287, 0),
(4574, 115, 1287, 0),
(4575, 116, 1287, 0),
(4576, 117, 1287, 1),
(4577, 54, 1288, 1),
(4578, 55, 1288, 1),
(4579, 56, 1288, 0),
(4580, 79, 1289, 0),
(4581, 80, 1289, 0),
(4582, 81, 1289, 0),
(4583, 67, 1290, 1),
(4584, 68, 1290, 1),
(4585, 69, 1290, 0),
(4586, 70, 1290, 1),
(4587, 71, 1290, 1),
(4588, 108, 1291, 0),
(4589, 109, 1291, 1),
(4590, 110, 1291, 0),
(4591, 111, 1291, 0),
(4592, 112, 1291, 0),
(4593, 82, 1292, 1),
(4594, 83, 1292, 0),
(4595, 130, 1293, 1),
(4596, 131, 1293, 1),
(4597, 132, 1293, 0),
(4598, 133, 1293, 0),
(4599, 12, 1294, 1),
(4600, 13, 1294, 1),
(4601, 14, 1294, 0),
(4602, 123, 1295, 1),
(4603, 124, 1295, 1),
(4604, 125, 1295, 1),
(4605, 126, 1295, 0),
(4606, 140, 1296, 1),
(4607, 141, 1296, 1),
(4608, 72, 1297, 1),
(4609, 73, 1297, 1),
(4610, 74, 1297, 1),
(4611, 75, 1297, 0),
(4612, 65, 1298, 1),
(4613, 66, 1298, 1),
(4614, 92, 1299, 1),
(4615, 93, 1299, 0),
(4616, 94, 1299, 0),
(4617, 95, 1299, 1),
(4618, 96, 1299, 1),
(4619, 15, 1300, 1),
(4620, 16, 1300, 0),
(4621, 17, 1300, 0),
(4622, 18, 1300, 1),
(4623, 84, 1301, 0),
(4624, 85, 1301, 1),
(4625, 31, 1302, 1),
(4626, 32, 1302, 1),
(4627, 33, 1302, 0),
(4628, 34, 1302, 0),
(4629, 86, 1303, 1),
(4630, 87, 1303, 0),
(4631, 99, 1304, 0),
(4632, 100, 1304, 0),
(4633, 101, 1304, 1),
(4634, 102, 1304, 1),
(4635, 76, 1305, 1),
(4636, 77, 1305, 0),
(4637, 78, 1305, 0),
(4638, 134, 1306, 0),
(4639, 135, 1306, 1),
(4640, 136, 1306, 0),
(4641, 137, 1306, 0),
(4642, 127, 1307, 1),
(4643, 128, 1307, 1),
(4644, 129, 1307, 1),
(4645, 88, 1308, 1),
(4646, 89, 1308, 0),
(4647, 90, 1308, 1),
(4648, 91, 1308, 0),
(4649, 21, 1309, 1),
(4650, 22, 1309, 0),
(4651, 23, 1309, 1),
(4652, 24, 1310, 1),
(4653, 25, 1310, 1),
(4654, 26, 1310, 1),
(4655, 35, 1311, 0),
(4656, 36, 1311, 0),
(4657, 37, 1311, 1),
(4658, 38, 1311, 0),
(4659, 39, 1311, 1),
(4660, 54, 1312, 0),
(4661, 55, 1312, 1),
(4662, 56, 1312, 0),
(4663, 57, 1313, 1),
(4664, 58, 1313, 1),
(4665, 59, 1313, 0),
(4666, 60, 1313, 0),
(4667, 50, 1314, 1),
(4668, 51, 1314, 1),
(4669, 52, 1314, 1),
(4670, 53, 1314, 1),
(4671, 113, 1315, 1),
(4672, 114, 1315, 1),
(4673, 115, 1315, 0),
(4674, 116, 1315, 0),
(4675, 117, 1315, 1),
(4676, 103, 1316, 1),
(4677, 104, 1316, 0),
(4678, 105, 1316, 1),
(4679, 106, 1316, 1),
(4680, 107, 1316, 0),
(4681, 40, 1317, 1),
(4682, 41, 1317, 0),
(4683, 42, 1317, 1),
(4684, 43, 1317, 1),
(4685, 46, 1318, 1),
(4686, 47, 1318, 0),
(4687, 48, 1318, 1),
(4688, 49, 1318, 1),
(4689, 67, 1319, 1),
(4690, 68, 1319, 0),
(4691, 69, 1319, 0),
(4692, 70, 1319, 1),
(4693, 71, 1319, 1),
(4694, 79, 1320, 1),
(4695, 80, 1320, 0),
(4696, 81, 1320, 0),
(4697, 46, 1321, 1),
(4698, 47, 1321, 1),
(4699, 48, 1321, 1),
(4700, 49, 1321, 0),
(4701, 67, 1322, 1),
(4702, 68, 1322, 1),
(4703, 69, 1322, 0),
(4704, 70, 1322, 1),
(4705, 71, 1322, 1),
(4706, 57, 1323, 1),
(4707, 58, 1323, 0),
(4708, 59, 1323, 0),
(4709, 60, 1323, 1),
(4710, 40, 1324, 1),
(4711, 41, 1324, 1),
(4712, 42, 1324, 1),
(4713, 43, 1324, 1),
(4714, 54, 1325, 1),
(4715, 55, 1325, 1),
(4716, 56, 1325, 0),
(4717, 113, 1326, 1),
(4718, 114, 1326, 1),
(4719, 115, 1326, 0),
(4720, 116, 1326, 1),
(4721, 117, 1326, 1),
(4722, 103, 1327, 0),
(4723, 104, 1327, 0),
(4724, 105, 1327, 1),
(4725, 106, 1327, 1),
(4726, 107, 1327, 0),
(4727, 50, 1328, 1),
(4728, 51, 1328, 1),
(4729, 52, 1328, 0),
(4730, 53, 1328, 0),
(4731, 35, 1329, 1),
(4732, 36, 1329, 0),
(4733, 37, 1329, 1),
(4734, 38, 1329, 0),
(4735, 39, 1329, 1),
(4736, 79, 1330, 1),
(4737, 80, 1330, 0),
(4738, 81, 1330, 0),
(4739, 82, 1331, 0),
(4740, 83, 1331, 0),
(4741, 130, 1332, 1),
(4742, 131, 1332, 0),
(4743, 132, 1332, 0),
(4744, 133, 1332, 0),
(4745, 108, 1333, 1),
(4746, 109, 1333, 1),
(4747, 110, 1333, 1),
(4748, 111, 1333, 0),
(4749, 112, 1333, 0),
(4750, 82, 1334, 1),
(4751, 83, 1334, 1),
(4752, 130, 1335, 0),
(4753, 131, 1335, 0),
(4754, 132, 1335, 0),
(4755, 133, 1335, 0),
(4756, 108, 1336, 1),
(4757, 109, 1336, 1),
(4758, 110, 1336, 1),
(4759, 111, 1336, 1),
(4760, 112, 1336, 0),
(4761, 82, 1337, 1),
(4762, 83, 1337, 0),
(4763, 108, 1338, 1),
(4764, 109, 1338, 1),
(4765, 110, 1338, 1),
(4766, 111, 1338, 0),
(4767, 112, 1338, 0),
(4768, 130, 1339, 1),
(4769, 131, 1339, 1),
(4770, 132, 1339, 0),
(4771, 133, 1339, 0),
(4772, 97, 1340, 1),
(4773, 98, 1340, 1),
(4774, 7, 1341, 0),
(4775, 8, 1341, 0),
(4776, 9, 1341, 0),
(4777, 10, 1341, 0),
(4778, 11, 1341, 1),
(4779, 19, 1342, 1),
(4780, 20, 1342, 0),
(4781, 27, 1343, 0),
(4782, 28, 1343, 1),
(4783, 29, 1343, 1),
(4784, 30, 1343, 1),
(4785, 138, 1344, 0),
(4786, 139, 1344, 0),
(4787, 118, 1345, 1),
(4788, 119, 1345, 0),
(4789, 120, 1345, 1),
(4790, 121, 1345, 1),
(4791, 122, 1345, 0),
(4792, 61, 1346, 1),
(4793, 62, 1346, 0),
(4794, 63, 1346, 1),
(4795, 64, 1346, 0),
(4796, 44, 1347, 0),
(4797, 45, 1347, 1),
(4798, 88, 1348, 1),
(4799, 89, 1348, 0),
(4800, 90, 1348, 1),
(4801, 91, 1348, 0),
(4802, 21, 1349, 1),
(4803, 22, 1349, 0),
(4804, 23, 1349, 1),
(4805, 24, 1350, 1),
(4806, 25, 1350, 1),
(4807, 26, 1350, 1),
(4808, 123, 1351, 1),
(4809, 124, 1351, 1),
(4810, 125, 1351, 1),
(4811, 126, 1351, 0),
(4812, 84, 1352, 1),
(4813, 85, 1352, 1),
(4814, 72, 1353, 1),
(4815, 73, 1353, 1),
(4816, 74, 1353, 1),
(4817, 75, 1353, 0),
(4818, 99, 1354, 1),
(4819, 100, 1354, 0),
(4820, 101, 1354, 1),
(4821, 102, 1354, 1),
(4822, 86, 1355, 1),
(4823, 87, 1355, 0),
(4824, 134, 1356, 1),
(4825, 135, 1356, 1),
(4826, 136, 1356, 1),
(4827, 137, 1356, 0),
(4828, 140, 1357, 1),
(4829, 141, 1357, 0),
(4830, 15, 1358, 1),
(4831, 16, 1358, 0),
(4832, 17, 1358, 0),
(4833, 18, 1358, 1),
(4834, 127, 1359, 0),
(4835, 128, 1359, 1),
(4836, 129, 1359, 1),
(4837, 76, 1360, 1),
(4838, 77, 1360, 0),
(4839, 78, 1360, 1),
(4840, 65, 1361, 0),
(4841, 66, 1361, 1),
(4842, 31, 1362, 1),
(4843, 32, 1362, 1),
(4844, 33, 1362, 0),
(4845, 34, 1362, 1),
(4846, 12, 1363, 1),
(4847, 13, 1363, 1),
(4848, 14, 1363, 0),
(4849, 92, 1364, 1),
(4850, 93, 1364, 0),
(4851, 94, 1364, 1),
(4852, 95, 1364, 1),
(4853, 96, 1364, 0),
(4854, 108, 1365, 1),
(4855, 109, 1365, 1),
(4856, 110, 1365, 0),
(4857, 111, 1365, 0),
(4858, 112, 1365, 0),
(4859, 130, 1366, 0),
(4860, 131, 1366, 0),
(4861, 132, 1366, 0),
(4862, 133, 1366, 0),
(4863, 82, 1367, 1),
(4864, 83, 1367, 0),
(4865, 103, 1368, 1),
(4866, 104, 1368, 0),
(4867, 105, 1368, 0),
(4868, 106, 1368, 1),
(4869, 107, 1368, 0),
(4870, 57, 1369, 0),
(4871, 58, 1369, 1),
(4872, 59, 1369, 0),
(4873, 60, 1369, 0),
(4874, 79, 1370, 1),
(4875, 80, 1370, 1),
(4876, 81, 1370, 0),
(4877, 67, 1371, 1),
(4878, 68, 1371, 0),
(4879, 69, 1371, 0),
(4880, 70, 1371, 1),
(4881, 71, 1371, 1),
(4882, 46, 1372, 1),
(4883, 47, 1372, 0),
(4884, 48, 1372, 1),
(4885, 49, 1372, 0),
(4886, 35, 1373, 1),
(4887, 36, 1373, 0),
(4888, 37, 1373, 1),
(4889, 38, 1373, 0),
(4890, 39, 1373, 1),
(4891, 54, 1374, 0),
(4892, 55, 1374, 0),
(4893, 56, 1374, 1),
(4894, 113, 1375, 1),
(4895, 114, 1375, 1),
(4896, 115, 1375, 1),
(4897, 116, 1375, 1),
(4898, 117, 1375, 1),
(4899, 40, 1376, 1),
(4900, 41, 1376, 1),
(4901, 42, 1376, 0),
(4902, 43, 1376, 0),
(4903, 50, 1377, 1),
(4904, 51, 1377, 1),
(4905, 52, 1377, 1),
(4906, 53, 1377, 0),
(4907, 134, 1378, 1),
(4908, 135, 1378, 1),
(4909, 136, 1378, 1),
(4910, 137, 1378, 0),
(4911, 31, 1379, 1),
(4912, 32, 1379, 1),
(4913, 33, 1379, 0),
(4914, 34, 1379, 0),
(4915, 76, 1380, 1),
(4916, 77, 1380, 0),
(4917, 78, 1380, 0),
(4918, 92, 1381, 1),
(4919, 93, 1381, 0),
(4920, 94, 1381, 0),
(4921, 95, 1381, 1),
(4922, 96, 1381, 0),
(4923, 86, 1382, 1),
(4924, 87, 1382, 0),
(4925, 99, 1383, 1),
(4926, 100, 1383, 0),
(4927, 101, 1383, 1),
(4928, 102, 1383, 1),
(4929, 15, 1384, 1),
(4930, 16, 1384, 1),
(4931, 17, 1384, 0),
(4932, 18, 1384, 0),
(4933, 140, 1385, 1),
(4934, 141, 1385, 0),
(4935, 72, 1386, 1),
(4936, 73, 1386, 1),
(4937, 74, 1386, 1),
(4938, 75, 1386, 0),
(4939, 84, 1387, 1),
(4940, 85, 1387, 1),
(4941, 123, 1388, 1),
(4942, 124, 1388, 1),
(4943, 125, 1388, 1),
(4944, 126, 1388, 0),
(4945, 12, 1389, 1),
(4946, 13, 1389, 1),
(4947, 14, 1389, 0),
(4948, 127, 1390, 1),
(4949, 128, 1390, 1),
(4950, 129, 1390, 1),
(4951, 65, 1391, 1),
(4952, 66, 1391, 1),
(4953, 99, 1392, 1),
(4954, 100, 1392, 0),
(4955, 101, 1392, 1),
(4956, 102, 1392, 1),
(4957, 123, 1393, 1),
(4958, 124, 1393, 1),
(4959, 125, 1393, 1),
(4960, 126, 1393, 0),
(4961, 15, 1394, 1),
(4962, 16, 1394, 0),
(4963, 17, 1394, 0),
(4964, 18, 1394, 1),
(4965, 127, 1395, 1),
(4966, 128, 1395, 1),
(4967, 129, 1395, 1),
(4968, 92, 1396, 1),
(4969, 93, 1396, 0),
(4970, 94, 1396, 1),
(4971, 95, 1396, 1),
(4972, 96, 1396, 0),
(4973, 76, 1397, 1),
(4974, 77, 1397, 0),
(4975, 78, 1397, 0),
(4976, 134, 1398, 1),
(4977, 135, 1398, 1),
(4978, 136, 1398, 0),
(4979, 137, 1398, 0),
(4980, 140, 1399, 1),
(4981, 141, 1399, 0),
(4982, 72, 1400, 1),
(4983, 73, 1400, 1),
(4984, 74, 1400, 0),
(4985, 75, 1400, 0),
(4986, 84, 1401, 1),
(4987, 85, 1401, 1),
(4988, 86, 1402, 1),
(4989, 87, 1402, 0),
(4990, 12, 1403, 1),
(4991, 13, 1403, 1),
(4992, 14, 1403, 0),
(4993, 65, 1404, 1),
(4994, 66, 1404, 1),
(4995, 31, 1405, 1),
(4996, 32, 1405, 1),
(4997, 33, 1405, 0),
(4998, 34, 1405, 1),
(4999, 61, 1406, 0),
(5000, 62, 1406, 0),
(5001, 63, 1406, 1),
(5002, 64, 1406, 1),
(5003, 138, 1407, 1),
(5004, 139, 1407, 0),
(5005, 19, 1408, 1),
(5006, 20, 1408, 0),
(5007, 97, 1409, 0),
(5008, 98, 1409, 1),
(5009, 7, 1410, 1),
(5010, 8, 1410, 1),
(5011, 9, 1410, 0),
(5012, 10, 1410, 0),
(5013, 11, 1410, 1),
(5014, 27, 1411, 0),
(5015, 28, 1411, 1),
(5016, 29, 1411, 0),
(5017, 30, 1411, 1),
(5018, 118, 1412, 1),
(5019, 119, 1412, 0),
(5020, 120, 1412, 1),
(5021, 121, 1412, 0),
(5022, 122, 1412, 1),
(5023, 44, 1413, 1),
(5024, 45, 1413, 0),
(5025, 54, 1414, 1),
(5026, 55, 1414, 0),
(5027, 56, 1414, 0),
(5028, 57, 1415, 1),
(5029, 58, 1415, 1),
(5030, 59, 1415, 0),
(5031, 60, 1415, 0),
(5032, 67, 1416, 1),
(5033, 68, 1416, 1),
(5034, 69, 1416, 0),
(5035, 70, 1416, 0),
(5036, 71, 1416, 1),
(5037, 79, 1417, 0),
(5038, 80, 1417, 0),
(5039, 81, 1417, 1),
(5040, 35, 1418, 1),
(5041, 36, 1418, 0),
(5042, 37, 1418, 1),
(5043, 38, 1418, 0),
(5044, 39, 1418, 0),
(5045, 40, 1419, 1),
(5046, 41, 1419, 1),
(5047, 42, 1419, 0),
(5048, 43, 1419, 1),
(5049, 46, 1420, 1),
(5050, 47, 1420, 0),
(5051, 48, 1420, 1),
(5052, 49, 1420, 1),
(5053, 113, 1421, 0),
(5054, 114, 1421, 1),
(5055, 115, 1421, 0),
(5056, 116, 1421, 0),
(5057, 117, 1421, 1),
(5058, 50, 1422, 1),
(5059, 51, 1422, 1),
(5060, 52, 1422, 1),
(5061, 53, 1422, 0),
(5062, 103, 1423, 1),
(5063, 104, 1423, 0),
(5064, 105, 1423, 0),
(5065, 106, 1423, 1),
(5066, 107, 1423, 0),
(5067, 108, 1424, 1),
(5068, 109, 1424, 1),
(5069, 110, 1424, 1),
(5070, 111, 1424, 0),
(5071, 112, 1424, 0),
(5072, 130, 1425, 1),
(5073, 131, 1425, 0),
(5074, 132, 1425, 0),
(5075, 133, 1425, 0),
(5076, 82, 1426, 1),
(5077, 83, 1426, 0),
(5078, 88, 1427, 1),
(5079, 89, 1427, 0),
(5080, 90, 1427, 1),
(5081, 91, 1427, 1),
(5082, 24, 1428, 1),
(5083, 25, 1428, 1),
(5084, 26, 1428, 1),
(5085, 21, 1429, 1),
(5086, 22, 1429, 1),
(5087, 23, 1429, 1),
(5088, 142, 1430, 1),
(5089, 143, 1430, 0),
(5090, 144, 1430, 0),
(5091, 145, 1431, 0),
(5092, 146, 1431, 1),
(5093, 147, 1431, 0),
(5094, 44, 1432, 1),
(5095, 45, 1432, 1),
(5096, 138, 1433, 1),
(5097, 139, 1433, 0),
(5098, 7, 1434, 1),
(5099, 8, 1434, 0),
(5100, 9, 1434, 0),
(5101, 10, 1434, 1),
(5102, 11, 1434, 1),
(5103, 27, 1435, 1),
(5104, 28, 1435, 0),
(5105, 29, 1435, 0),
(5106, 30, 1435, 1),
(5107, 19, 1436, 0),
(5108, 20, 1436, 0),
(5109, 118, 1437, 1),
(5110, 119, 1437, 1),
(5111, 120, 1437, 1),
(5112, 121, 1437, 0),
(5113, 122, 1437, 0),
(5114, 61, 1438, 1),
(5115, 62, 1438, 0),
(5116, 63, 1438, 0),
(5117, 64, 1438, 1),
(5118, 97, 1439, 1),
(5119, 98, 1439, 1),
(5120, 88, 1440, 1),
(5121, 89, 1440, 0),
(5122, 90, 1440, 1),
(5123, 91, 1440, 0),
(5124, 24, 1441, 1),
(5125, 25, 1441, 1),
(5126, 26, 1441, 1),
(5127, 21, 1442, 1),
(5128, 22, 1442, 0),
(5129, 23, 1442, 1),
(5130, 46, 1443, 1),
(5131, 47, 1443, 0),
(5132, 48, 1443, 1),
(5133, 49, 1443, 0),
(5134, 113, 1444, 1),
(5135, 114, 1444, 1),
(5136, 115, 1444, 0),
(5137, 116, 1444, 0),
(5138, 117, 1444, 1),
(5139, 103, 1445, 0),
(5140, 104, 1445, 1),
(5141, 105, 1445, 1),
(5142, 106, 1445, 1),
(5143, 107, 1445, 1),
(5144, 79, 1446, 1),
(5145, 80, 1446, 0),
(5146, 81, 1446, 0),
(5147, 67, 1447, 1),
(5148, 68, 1447, 1),
(5149, 69, 1447, 0),
(5150, 70, 1447, 1),
(5151, 71, 1447, 0),
(5152, 40, 1448, 1),
(5153, 41, 1448, 0),
(5154, 42, 1448, 0),
(5155, 43, 1448, 1),
(5156, 54, 1449, 1),
(5157, 55, 1449, 1),
(5158, 56, 1449, 0),
(5159, 50, 1450, 1),
(5160, 51, 1450, 1),
(5161, 52, 1450, 0),
(5162, 53, 1450, 0),
(5163, 35, 1451, 1),
(5164, 36, 1451, 1),
(5165, 37, 1451, 1),
(5166, 38, 1451, 0),
(5167, 39, 1451, 1),
(5168, 57, 1452, 1),
(5169, 58, 1452, 1),
(5170, 59, 1452, 0),
(5171, 60, 1452, 0),
(5172, 46, 1453, 1),
(5173, 47, 1453, 0),
(5174, 48, 1453, 1),
(5175, 49, 1453, 1),
(5176, 113, 1454, 1),
(5177, 114, 1454, 1),
(5178, 115, 1454, 0),
(5179, 116, 1454, 0),
(5180, 117, 1454, 1),
(5181, 57, 1455, 1),
(5182, 58, 1455, 0),
(5183, 59, 1455, 1),
(5184, 60, 1455, 0),
(5185, 79, 1456, 1),
(5186, 80, 1456, 0),
(5187, 81, 1456, 0),
(5188, 67, 1457, 1),
(5189, 68, 1457, 1),
(5190, 69, 1457, 0),
(5191, 70, 1457, 1),
(5192, 71, 1457, 0),
(5193, 40, 1458, 1),
(5194, 41, 1458, 0),
(5195, 42, 1458, 0),
(5196, 43, 1458, 1),
(5197, 103, 1459, 1),
(5198, 104, 1459, 0),
(5199, 105, 1459, 0),
(5200, 106, 1459, 1),
(5201, 107, 1459, 0),
(5202, 35, 1460, 1),
(5203, 36, 1460, 0),
(5204, 37, 1460, 1),
(5205, 38, 1460, 0),
(5206, 39, 1460, 1),
(5207, 50, 1461, 1),
(5208, 51, 1461, 1),
(5209, 52, 1461, 1),
(5210, 53, 1461, 0),
(5211, 54, 1462, 1),
(5212, 55, 1462, 1),
(5213, 56, 1462, 0),
(5214, 145, 1463, 0),
(5215, 146, 1463, 1),
(5216, 147, 1463, 1),
(5217, 142, 1464, 1),
(5218, 143, 1464, 0),
(5219, 144, 1464, 0),
(5220, 134, 1465, 1),
(5221, 135, 1465, 1),
(5222, 136, 1465, 0),
(5223, 137, 1465, 0),
(5224, 127, 1466, 1),
(5225, 128, 1466, 1),
(5226, 129, 1466, 1),
(5227, 15, 1467, 1),
(5228, 16, 1467, 1),
(5229, 17, 1467, 0),
(5230, 18, 1467, 1),
(5231, 92, 1468, 1),
(5232, 93, 1468, 0),
(5233, 94, 1468, 0),
(5234, 95, 1468, 1),
(5235, 96, 1468, 1),
(5236, 86, 1469, 1),
(5237, 87, 1469, 0),
(5238, 123, 1470, 1),
(5239, 124, 1470, 0),
(5240, 125, 1470, 1),
(5241, 126, 1470, 0),
(5242, 99, 1471, 1),
(5243, 100, 1471, 0),
(5244, 101, 1471, 1),
(5245, 102, 1471, 1),
(5246, 140, 1472, 1),
(5247, 141, 1472, 0),
(5248, 65, 1473, 1),
(5249, 66, 1473, 1),
(5250, 76, 1474, 1),
(5251, 77, 1474, 0),
(5252, 78, 1474, 0),
(5253, 84, 1475, 1),
(5254, 85, 1475, 1),
(5255, 12, 1476, 1),
(5256, 13, 1476, 1),
(5257, 14, 1476, 1),
(5258, 31, 1477, 0),
(5259, 32, 1477, 1),
(5260, 33, 1477, 0),
(5261, 34, 1477, 1),
(5262, 72, 1478, 1),
(5263, 73, 1478, 1),
(5264, 74, 1478, 1),
(5265, 75, 1478, 0),
(5266, 61, 1479, 1),
(5267, 62, 1479, 0),
(5268, 63, 1479, 1),
(5269, 64, 1479, 0),
(5270, 19, 1480, 1),
(5271, 20, 1480, 0),
(5272, 138, 1481, 1),
(5273, 139, 1481, 0),
(5274, 27, 1482, 1),
(5275, 28, 1482, 1),
(5276, 29, 1482, 0),
(5277, 30, 1482, 1),
(5278, 97, 1483, 1),
(5279, 98, 1483, 1),
(5280, 118, 1484, 1),
(5281, 119, 1484, 0),
(5282, 120, 1484, 1),
(5283, 121, 1484, 0),
(5284, 122, 1484, 0),
(5285, 7, 1485, 1),
(5286, 8, 1485, 0),
(5287, 9, 1485, 0),
(5288, 10, 1485, 0),
(5289, 11, 1485, 1),
(5290, 44, 1486, 1),
(5291, 45, 1486, 1),
(5292, 57, 1487, 1),
(5293, 58, 1487, 1),
(5294, 59, 1487, 0),
(5295, 60, 1487, 0),
(5296, 54, 1488, 1),
(5297, 55, 1488, 1),
(5298, 56, 1488, 0),
(5299, 67, 1489, 0),
(5300, 68, 1489, 1),
(5301, 69, 1489, 0),
(5302, 70, 1489, 1),
(5303, 71, 1489, 1),
(5304, 103, 1490, 1),
(5305, 104, 1490, 0),
(5306, 105, 1490, 1),
(5307, 106, 1490, 1),
(5308, 107, 1490, 0),
(5309, 113, 1491, 1),
(5310, 114, 1491, 0),
(5311, 115, 1491, 0),
(5312, 116, 1491, 0),
(5313, 117, 1491, 1),
(5314, 79, 1492, 1),
(5315, 80, 1492, 0),
(5316, 81, 1492, 0),
(5317, 46, 1493, 1),
(5318, 47, 1493, 0),
(5319, 48, 1493, 1),
(5320, 49, 1493, 0),
(5321, 50, 1494, 0),
(5322, 51, 1494, 0),
(5323, 52, 1494, 1),
(5324, 53, 1494, 0),
(5325, 40, 1495, 1),
(5326, 41, 1495, 1),
(5327, 42, 1495, 0),
(5328, 43, 1495, 1),
(5329, 35, 1496, 1),
(5330, 36, 1496, 0),
(5331, 37, 1496, 0),
(5332, 38, 1496, 0),
(5333, 39, 1496, 1),
(5334, 142, 1497, 1),
(5335, 143, 1497, 0),
(5336, 144, 1497, 1),
(5337, 145, 1498, 0),
(5338, 146, 1498, 1),
(5339, 147, 1498, 0),
(5340, 61, 1499, 1),
(5341, 62, 1499, 1),
(5342, 63, 1499, 1),
(5343, 64, 1499, 0),
(5344, 27, 1500, 1),
(5345, 28, 1500, 1),
(5346, 29, 1500, 0),
(5347, 30, 1500, 0),
(5348, 44, 1501, 1),
(5349, 45, 1501, 1),
(5350, 7, 1502, 1),
(5351, 8, 1502, 1),
(5352, 9, 1502, 0),
(5353, 10, 1502, 1),
(5354, 11, 1502, 1),
(5355, 138, 1503, 1),
(5356, 139, 1503, 0),
(5357, 118, 1504, 1),
(5358, 119, 1504, 1),
(5359, 120, 1504, 1),
(5360, 121, 1504, 0),
(5361, 122, 1504, 0),
(5362, 19, 1505, 1),
(5363, 20, 1505, 0),
(5364, 97, 1506, 1),
(5365, 98, 1506, 1),
(5366, 44, 1507, 1),
(5367, 45, 1507, 0),
(5368, 27, 1508, 1),
(5369, 28, 1508, 0),
(5370, 29, 1508, 0),
(5371, 30, 1508, 1),
(5372, 61, 1509, 1),
(5373, 62, 1509, 1),
(5374, 63, 1509, 0),
(5375, 64, 1509, 0),
(5376, 138, 1510, 1),
(5377, 139, 1510, 0),
(5378, 97, 1511, 1),
(5379, 98, 1511, 1),
(5380, 19, 1512, 1),
(5381, 20, 1512, 0),
(5382, 7, 1513, 1),
(5383, 8, 1513, 0),
(5384, 9, 1513, 0),
(5385, 10, 1513, 0),
(5386, 11, 1513, 1),
(5387, 118, 1514, 1),
(5388, 119, 1514, 0),
(5389, 120, 1514, 1),
(5390, 121, 1514, 0),
(5391, 122, 1514, 0),
(5392, 103, 1515, 1),
(5393, 104, 1515, 0),
(5394, 105, 1515, 1),
(5395, 106, 1515, 1),
(5396, 107, 1515, 0),
(5397, 35, 1516, 1),
(5398, 36, 1516, 0),
(5399, 37, 1516, 1),
(5400, 38, 1516, 0),
(5401, 39, 1516, 1),
(5402, 79, 1517, 0),
(5403, 80, 1517, 0),
(5404, 81, 1517, 0),
(5405, 113, 1518, 1),
(5406, 114, 1518, 1),
(5407, 115, 1518, 0),
(5408, 116, 1518, 0),
(5409, 117, 1518, 1),
(5410, 50, 1519, 1),
(5411, 51, 1519, 1),
(5412, 52, 1519, 1),
(5413, 53, 1519, 0),
(5414, 67, 1520, 1),
(5415, 68, 1520, 1),
(5416, 69, 1520, 0),
(5417, 70, 1520, 1),
(5418, 71, 1520, 1),
(5419, 54, 1521, 1),
(5420, 55, 1521, 1),
(5421, 56, 1521, 0),
(5422, 40, 1522, 1),
(5423, 41, 1522, 1),
(5424, 42, 1522, 0),
(5425, 43, 1522, 1),
(5426, 57, 1523, 1),
(5427, 58, 1523, 1),
(5428, 59, 1523, 0),
(5429, 60, 1523, 0);
INSERT INTO `answers` (`id`, `answer_option_id`, `asked_question_id`, `is_chosen`) VALUES
(5430, 46, 1524, 1),
(5431, 47, 1524, 0),
(5432, 48, 1524, 1),
(5433, 49, 1524, 0),
(5434, 21, 1525, 1),
(5435, 22, 1525, 0),
(5436, 23, 1525, 1),
(5437, 88, 1526, 1),
(5438, 89, 1526, 0),
(5439, 90, 1526, 1),
(5440, 91, 1526, 0),
(5441, 24, 1527, 1),
(5442, 25, 1527, 1),
(5443, 26, 1527, 1),
(5444, 127, 1528, 1),
(5445, 128, 1528, 1),
(5446, 129, 1528, 1),
(5447, 99, 1529, 1),
(5448, 100, 1529, 0),
(5449, 101, 1529, 1),
(5450, 102, 1529, 0),
(5451, 86, 1530, 1),
(5452, 87, 1530, 0),
(5453, 72, 1531, 1),
(5454, 73, 1531, 1),
(5455, 74, 1531, 1),
(5456, 75, 1531, 1),
(5457, 76, 1532, 1),
(5458, 77, 1532, 0),
(5459, 78, 1532, 0),
(5460, 92, 1533, 0),
(5461, 93, 1533, 0),
(5462, 94, 1533, 1),
(5463, 95, 1533, 1),
(5464, 96, 1533, 1),
(5465, 134, 1534, 1),
(5466, 135, 1534, 1),
(5467, 136, 1534, 0),
(5468, 137, 1534, 0),
(5469, 84, 1535, 1),
(5470, 85, 1535, 1),
(5471, 65, 1536, 1),
(5472, 66, 1536, 0),
(5473, 12, 1537, 0),
(5474, 13, 1537, 0),
(5475, 14, 1537, 0),
(5476, 123, 1538, 1),
(5477, 124, 1538, 1),
(5478, 125, 1538, 1),
(5479, 126, 1538, 0),
(5480, 15, 1539, 1),
(5481, 16, 1539, 0),
(5482, 17, 1539, 0),
(5483, 18, 1539, 1),
(5484, 31, 1540, 1),
(5485, 32, 1540, 1),
(5486, 33, 1540, 0),
(5487, 34, 1540, 1),
(5488, 140, 1541, 1),
(5489, 141, 1541, 0),
(5490, 67, 1542, 1),
(5491, 68, 1542, 1),
(5492, 69, 1542, 0),
(5493, 70, 1542, 1),
(5494, 71, 1542, 0),
(5495, 103, 1543, 1),
(5496, 104, 1543, 0),
(5497, 105, 1543, 1),
(5498, 106, 1543, 1),
(5499, 107, 1543, 1),
(5500, 79, 1544, 1),
(5501, 80, 1544, 1),
(5502, 81, 1544, 0),
(5503, 50, 1545, 1),
(5504, 51, 1545, 1),
(5505, 52, 1545, 1),
(5506, 53, 1545, 0),
(5507, 46, 1546, 1),
(5508, 47, 1546, 0),
(5509, 48, 1546, 1),
(5510, 49, 1546, 0),
(5511, 35, 1547, 1),
(5512, 36, 1547, 0),
(5513, 37, 1547, 0),
(5514, 38, 1547, 0),
(5515, 39, 1547, 1),
(5516, 113, 1548, 1),
(5517, 114, 1548, 1),
(5518, 115, 1548, 0),
(5519, 116, 1548, 0),
(5520, 117, 1548, 1),
(5521, 40, 1549, 1),
(5522, 41, 1549, 1),
(5523, 42, 1549, 0),
(5524, 43, 1549, 1),
(5525, 54, 1550, 1),
(5526, 55, 1550, 1),
(5527, 56, 1550, 0),
(5528, 57, 1551, 1),
(5529, 58, 1551, 0),
(5530, 59, 1551, 1),
(5531, 60, 1551, 1),
(5532, 79, 1552, 1),
(5533, 80, 1552, 0),
(5534, 81, 1552, 0),
(5535, 50, 1553, 1),
(5536, 51, 1553, 0),
(5537, 52, 1553, 0),
(5538, 53, 1553, 0),
(5539, 103, 1554, 1),
(5540, 104, 1554, 0),
(5541, 105, 1554, 1),
(5542, 106, 1554, 1),
(5543, 107, 1554, 0),
(5544, 35, 1555, 0),
(5545, 36, 1555, 0),
(5546, 37, 1555, 1),
(5547, 38, 1555, 0),
(5548, 39, 1555, 1),
(5549, 54, 1556, 0),
(5550, 55, 1556, 1),
(5551, 56, 1556, 0),
(5552, 113, 1557, 1),
(5553, 114, 1557, 0),
(5554, 115, 1557, 0),
(5555, 116, 1557, 0),
(5556, 117, 1557, 1),
(5557, 46, 1558, 1),
(5558, 47, 1558, 0),
(5559, 48, 1558, 1),
(5560, 49, 1558, 0),
(5561, 67, 1559, 0),
(5562, 68, 1559, 1),
(5563, 69, 1559, 0),
(5564, 70, 1559, 1),
(5565, 71, 1559, 1),
(5566, 40, 1560, 1),
(5567, 41, 1560, 1),
(5568, 42, 1560, 0),
(5569, 43, 1560, 1),
(5570, 57, 1561, 1),
(5571, 58, 1561, 0),
(5572, 59, 1561, 0),
(5573, 60, 1561, 0),
(5574, 24, 1562, 1),
(5575, 25, 1562, 0),
(5576, 26, 1562, 1),
(5577, 21, 1563, 1),
(5578, 22, 1563, 1),
(5579, 23, 1563, 1),
(5580, 88, 1564, 1),
(5581, 89, 1564, 0),
(5582, 90, 1564, 1),
(5583, 91, 1564, 0),
(5584, 46, 1565, 1),
(5585, 47, 1565, 0),
(5586, 48, 1565, 1),
(5587, 49, 1565, 0),
(5588, 67, 1566, 1),
(5589, 68, 1566, 0),
(5590, 69, 1566, 0),
(5591, 70, 1566, 1),
(5592, 71, 1566, 0),
(5593, 103, 1567, 1),
(5594, 104, 1567, 0),
(5595, 105, 1567, 1),
(5596, 106, 1567, 1),
(5597, 107, 1567, 0),
(5598, 54, 1568, 1),
(5599, 55, 1568, 0),
(5600, 56, 1568, 0),
(5601, 113, 1569, 1),
(5602, 114, 1569, 1),
(5603, 115, 1569, 0),
(5604, 116, 1569, 0),
(5605, 117, 1569, 0),
(5606, 50, 1570, 1),
(5607, 51, 1570, 1),
(5608, 52, 1570, 1),
(5609, 53, 1570, 1),
(5610, 40, 1571, 0),
(5611, 41, 1571, 1),
(5612, 42, 1571, 0),
(5613, 43, 1571, 0),
(5614, 35, 1572, 1),
(5615, 36, 1572, 1),
(5616, 37, 1572, 0),
(5617, 38, 1572, 0),
(5618, 39, 1572, 1),
(5619, 79, 1573, 0),
(5620, 80, 1573, 0),
(5621, 81, 1573, 0),
(5622, 57, 1574, 1),
(5623, 58, 1574, 1),
(5624, 59, 1574, 0),
(5625, 60, 1574, 0),
(5626, 142, 1575, 1),
(5627, 143, 1575, 0),
(5628, 144, 1575, 1),
(5629, 145, 1576, 0),
(5630, 146, 1576, 1),
(5631, 147, 1576, 1),
(5632, 92, 1577, 1),
(5633, 93, 1577, 0),
(5634, 94, 1577, 0),
(5635, 95, 1577, 1),
(5636, 96, 1577, 1),
(5637, 134, 1578, 1),
(5638, 135, 1578, 1),
(5639, 136, 1578, 0),
(5640, 137, 1578, 0),
(5641, 76, 1579, 1),
(5642, 77, 1579, 0),
(5643, 78, 1579, 0),
(5644, 86, 1580, 1),
(5645, 87, 1580, 0),
(5646, 140, 1581, 1),
(5647, 141, 1581, 0),
(5648, 99, 1582, 1),
(5649, 100, 1582, 1),
(5650, 101, 1582, 1),
(5651, 102, 1582, 1),
(5652, 72, 1583, 0),
(5653, 73, 1583, 0),
(5654, 74, 1583, 1),
(5655, 75, 1583, 0),
(5656, 127, 1584, 1),
(5657, 128, 1584, 1),
(5658, 129, 1584, 0),
(5659, 31, 1585, 1),
(5660, 32, 1585, 1),
(5661, 33, 1585, 0),
(5662, 34, 1585, 0),
(5663, 123, 1586, 0),
(5664, 124, 1586, 1),
(5665, 125, 1586, 1),
(5666, 126, 1586, 0),
(5667, 84, 1587, 1),
(5668, 85, 1587, 1),
(5669, 15, 1588, 1),
(5670, 16, 1588, 1),
(5671, 17, 1588, 0),
(5672, 18, 1588, 0),
(5673, 12, 1589, 1),
(5674, 13, 1589, 0),
(5675, 14, 1589, 0),
(5676, 65, 1590, 1),
(5677, 66, 1590, 1),
(5678, 7, 1591, 1),
(5679, 8, 1591, 0),
(5680, 9, 1591, 0),
(5681, 10, 1591, 0),
(5682, 11, 1591, 1),
(5683, 19, 1592, 1),
(5684, 20, 1592, 0),
(5685, 138, 1593, 1),
(5686, 139, 1593, 0),
(5687, 61, 1594, 1),
(5688, 62, 1594, 0),
(5689, 63, 1594, 1),
(5690, 64, 1594, 0),
(5691, 27, 1595, 1),
(5692, 28, 1595, 1),
(5693, 29, 1595, 0),
(5694, 30, 1595, 1),
(5695, 44, 1596, 1),
(5696, 45, 1596, 1),
(5697, 118, 1597, 1),
(5698, 119, 1597, 0),
(5699, 120, 1597, 1),
(5700, 121, 1597, 0),
(5701, 122, 1597, 0),
(5702, 97, 1598, 1),
(5703, 98, 1598, 1),
(5704, 27, 1599, 1),
(5705, 28, 1599, 1),
(5706, 29, 1599, 1),
(5707, 30, 1599, 1),
(5708, 138, 1600, 1),
(5709, 139, 1600, 0),
(5710, 7, 1601, 1),
(5711, 8, 1601, 0),
(5712, 9, 1601, 0),
(5713, 10, 1601, 0),
(5714, 11, 1601, 1),
(5715, 118, 1602, 1),
(5716, 119, 1602, 0),
(5717, 120, 1602, 1),
(5718, 121, 1602, 0),
(5719, 122, 1602, 1),
(5720, 61, 1603, 1),
(5721, 62, 1603, 0),
(5722, 63, 1603, 1),
(5723, 64, 1603, 1),
(5724, 44, 1604, 1),
(5725, 45, 1604, 1),
(5726, 19, 1605, 1),
(5727, 20, 1605, 0),
(5728, 97, 1606, 1),
(5729, 98, 1606, 1),
(5730, 108, 1607, 1),
(5731, 109, 1607, 1),
(5732, 110, 1607, 1),
(5733, 111, 1607, 0),
(5734, 112, 1607, 0),
(5735, 130, 1608, 1),
(5736, 131, 1608, 0),
(5737, 132, 1608, 0),
(5738, 133, 1608, 0),
(5739, 82, 1609, 1),
(5740, 83, 1609, 0),
(5741, 142, 1610, 1),
(5742, 143, 1610, 0),
(5743, 144, 1610, 1),
(5744, 145, 1611, 0),
(5745, 146, 1611, 1),
(5746, 147, 1611, 0),
(5747, 31, 1612, 1),
(5748, 32, 1612, 1),
(5749, 33, 1612, 0),
(5750, 34, 1612, 1),
(5751, 134, 1613, 1),
(5752, 135, 1613, 1),
(5753, 136, 1613, 0),
(5754, 137, 1613, 0),
(5755, 15, 1614, 0),
(5756, 16, 1614, 0),
(5757, 17, 1614, 0),
(5758, 18, 1614, 1),
(5759, 92, 1615, 1),
(5760, 93, 1615, 0),
(5761, 94, 1615, 1),
(5762, 95, 1615, 1),
(5763, 96, 1615, 1),
(5764, 12, 1616, 1),
(5765, 13, 1616, 1),
(5766, 14, 1616, 1),
(5767, 127, 1617, 1),
(5768, 128, 1617, 1),
(5769, 129, 1617, 0),
(5770, 123, 1618, 1),
(5771, 124, 1618, 1),
(5772, 125, 1618, 1),
(5773, 126, 1618, 0),
(5774, 86, 1619, 1),
(5775, 87, 1619, 1),
(5776, 72, 1620, 1),
(5777, 73, 1620, 1),
(5778, 74, 1620, 0),
(5779, 75, 1620, 0),
(5780, 99, 1621, 1),
(5781, 100, 1621, 1),
(5782, 101, 1621, 1),
(5783, 102, 1621, 0),
(5784, 84, 1622, 0),
(5785, 85, 1622, 1),
(5786, 140, 1623, 1),
(5787, 141, 1623, 0),
(5788, 76, 1624, 1),
(5789, 77, 1624, 0),
(5790, 78, 1624, 1),
(5791, 65, 1625, 0),
(5792, 66, 1625, 1),
(5793, 12, 1626, 1),
(5794, 13, 1626, 1),
(5795, 14, 1626, 0),
(5796, 72, 1627, 1),
(5797, 73, 1627, 0),
(5798, 74, 1627, 1),
(5799, 75, 1627, 0),
(5800, 86, 1628, 1),
(5801, 87, 1628, 1),
(5802, 76, 1629, 1),
(5803, 77, 1629, 0),
(5804, 78, 1629, 0),
(5805, 134, 1630, 1),
(5806, 135, 1630, 1),
(5807, 136, 1630, 0),
(5808, 137, 1630, 1),
(5809, 65, 1631, 1),
(5810, 66, 1631, 1),
(5811, 99, 1632, 1),
(5812, 100, 1632, 1),
(5813, 101, 1632, 1),
(5814, 102, 1632, 1),
(5815, 84, 1633, 1),
(5816, 85, 1633, 1),
(5817, 92, 1634, 1),
(5818, 93, 1634, 0),
(5819, 94, 1634, 1),
(5820, 95, 1634, 1),
(5821, 96, 1634, 1),
(5822, 31, 1635, 1),
(5823, 32, 1635, 1),
(5824, 33, 1635, 0),
(5825, 34, 1635, 1),
(5826, 15, 1636, 1),
(5827, 16, 1636, 1),
(5828, 17, 1636, 0),
(5829, 18, 1636, 1),
(5830, 140, 1637, 1),
(5831, 141, 1637, 0),
(5832, 127, 1638, 1),
(5833, 128, 1638, 1),
(5834, 129, 1638, 1),
(5835, 123, 1639, 1),
(5836, 124, 1639, 1),
(5837, 125, 1639, 1),
(5838, 126, 1639, 0),
(5839, 118, 1640, 1),
(5840, 119, 1640, 0),
(5841, 120, 1640, 1),
(5842, 121, 1640, 0),
(5843, 122, 1640, 0),
(5844, 44, 1641, 1),
(5845, 45, 1641, 1),
(5846, 97, 1642, 0),
(5847, 98, 1642, 1),
(5848, 27, 1643, 1),
(5849, 28, 1643, 1),
(5850, 29, 1643, 0),
(5851, 30, 1643, 1),
(5852, 138, 1644, 0),
(5853, 139, 1644, 0),
(5854, 61, 1645, 1),
(5855, 62, 1645, 0),
(5856, 63, 1645, 1),
(5857, 64, 1645, 0),
(5858, 7, 1646, 1),
(5859, 8, 1646, 0),
(5860, 9, 1646, 0),
(5861, 10, 1646, 1),
(5862, 11, 1646, 1),
(5863, 19, 1647, 1),
(5864, 20, 1647, 0),
(5865, 138, 1648, 1),
(5866, 139, 1648, 0),
(5867, 27, 1649, 1),
(5868, 28, 1649, 1),
(5869, 29, 1649, 0),
(5870, 30, 1649, 1),
(5871, 7, 1650, 0),
(5872, 8, 1650, 0),
(5873, 9, 1650, 0),
(5874, 10, 1650, 1),
(5875, 11, 1650, 0),
(5876, 19, 1651, 1),
(5877, 20, 1651, 1),
(5878, 44, 1652, 1),
(5879, 45, 1652, 1),
(5880, 118, 1653, 1),
(5881, 119, 1653, 0),
(5882, 120, 1653, 0),
(5883, 121, 1653, 0),
(5884, 122, 1653, 0),
(5885, 61, 1654, 1),
(5886, 62, 1654, 0),
(5887, 63, 1654, 1),
(5888, 64, 1654, 0),
(5889, 97, 1655, 0),
(5890, 98, 1655, 1),
(5891, 12, 1656, 1),
(5892, 13, 1656, 1),
(5893, 14, 1656, 1),
(5894, 31, 1657, 1),
(5895, 32, 1657, 0),
(5896, 33, 1657, 1),
(5897, 34, 1657, 1),
(5898, 84, 1658, 0),
(5899, 85, 1658, 1),
(5900, 140, 1659, 1),
(5901, 141, 1659, 1),
(5902, 15, 1660, 1),
(5903, 16, 1660, 0),
(5904, 17, 1660, 0),
(5905, 18, 1660, 1),
(5906, 72, 1661, 1),
(5907, 73, 1661, 1),
(5908, 74, 1661, 1),
(5909, 75, 1661, 0),
(5910, 127, 1662, 1),
(5911, 128, 1662, 0),
(5912, 129, 1662, 1),
(5913, 76, 1663, 1),
(5914, 77, 1663, 0),
(5915, 78, 1663, 0),
(5916, 86, 1664, 1),
(5917, 87, 1664, 0),
(5918, 134, 1665, 1),
(5919, 135, 1665, 1),
(5920, 136, 1665, 0),
(5921, 137, 1665, 0),
(5922, 65, 1666, 1),
(5923, 66, 1666, 1),
(5924, 92, 1667, 0),
(5925, 93, 1667, 1),
(5926, 94, 1667, 1),
(5927, 95, 1667, 0),
(5928, 96, 1667, 1),
(5929, 123, 1668, 1),
(5930, 124, 1668, 1),
(5931, 125, 1668, 1),
(5932, 126, 1668, 0),
(5933, 99, 1669, 0),
(5934, 100, 1669, 0),
(5935, 101, 1669, 1),
(5936, 102, 1669, 0),
(5937, 12, 1670, 1),
(5938, 13, 1670, 1),
(5939, 14, 1670, 0),
(5940, 84, 1671, 1),
(5941, 85, 1671, 1),
(5942, 123, 1672, 1),
(5943, 124, 1672, 1),
(5944, 125, 1672, 1),
(5945, 126, 1672, 0),
(5946, 72, 1673, 1),
(5947, 73, 1673, 1),
(5948, 74, 1673, 1),
(5949, 75, 1673, 0),
(5950, 15, 1674, 1),
(5951, 16, 1674, 0),
(5952, 17, 1674, 1),
(5953, 18, 1674, 1),
(5954, 86, 1675, 1),
(5955, 87, 1675, 0),
(5956, 65, 1676, 0),
(5957, 66, 1676, 1),
(5958, 134, 1677, 1),
(5959, 135, 1677, 1),
(5960, 136, 1677, 0),
(5961, 137, 1677, 0),
(5962, 92, 1678, 1),
(5963, 93, 1678, 1),
(5964, 94, 1678, 1),
(5965, 95, 1678, 1),
(5966, 96, 1678, 1),
(5967, 140, 1679, 0),
(5968, 141, 1679, 0),
(5969, 31, 1680, 1),
(5970, 32, 1680, 1),
(5971, 33, 1680, 0),
(5972, 34, 1680, 1),
(5973, 99, 1681, 1),
(5974, 100, 1681, 0),
(5975, 101, 1681, 1),
(5976, 102, 1681, 1),
(5977, 127, 1682, 1),
(5978, 128, 1682, 1),
(5979, 129, 1682, 0),
(5980, 76, 1683, 0),
(5981, 77, 1683, 0),
(5982, 78, 1683, 0),
(5983, 134, 1684, 1),
(5984, 135, 1684, 1),
(5985, 136, 1684, 0),
(5986, 137, 1684, 0),
(5987, 31, 1685, 1),
(5988, 32, 1685, 1),
(5989, 33, 1685, 0),
(5990, 34, 1685, 1),
(5991, 99, 1686, 1),
(5992, 100, 1686, 0),
(5993, 101, 1686, 0),
(5994, 102, 1686, 1),
(5995, 86, 1687, 1),
(5996, 87, 1687, 0),
(5997, 92, 1688, 1),
(5998, 93, 1688, 0),
(5999, 94, 1688, 1),
(6000, 95, 1688, 1),
(6001, 96, 1688, 1),
(6002, 65, 1689, 1),
(6003, 66, 1689, 1),
(6004, 140, 1690, 1),
(6005, 141, 1690, 0),
(6006, 127, 1691, 1),
(6007, 128, 1691, 1),
(6008, 129, 1691, 0),
(6009, 72, 1692, 1),
(6010, 73, 1692, 0),
(6011, 74, 1692, 1),
(6012, 75, 1692, 0),
(6013, 123, 1693, 1),
(6014, 124, 1693, 1),
(6015, 125, 1693, 0),
(6016, 126, 1693, 1),
(6017, 76, 1694, 1),
(6018, 77, 1694, 0),
(6019, 78, 1694, 1),
(6020, 15, 1695, 1),
(6021, 16, 1695, 0),
(6022, 17, 1695, 0),
(6023, 18, 1695, 1),
(6024, 12, 1696, 1),
(6025, 13, 1696, 1),
(6026, 14, 1696, 0),
(6027, 84, 1697, 1),
(6028, 85, 1697, 1),
(6029, 145, 1698, 0),
(6030, 146, 1698, 1),
(6031, 147, 1698, 0),
(6032, 142, 1699, 1),
(6033, 143, 1699, 0),
(6034, 144, 1699, 1),
(6035, 24, 1700, 1),
(6036, 25, 1700, 1),
(6037, 26, 1700, 1),
(6038, 21, 1701, 0),
(6039, 22, 1701, 0),
(6040, 23, 1701, 1),
(6041, 88, 1702, 1),
(6042, 89, 1702, 0),
(6043, 90, 1702, 1),
(6044, 91, 1702, 1),
(6045, 82, 1703, 1),
(6046, 83, 1703, 0),
(6047, 108, 1704, 1),
(6048, 109, 1704, 1),
(6049, 110, 1704, 1),
(6050, 111, 1704, 1),
(6051, 112, 1704, 0),
(6052, 130, 1705, 1),
(6053, 131, 1705, 0),
(6054, 132, 1705, 0),
(6055, 133, 1705, 0),
(6056, 82, 1706, 1),
(6057, 83, 1706, 0),
(6058, 108, 1707, 1),
(6059, 109, 1707, 0),
(6060, 110, 1707, 0),
(6061, 111, 1707, 0),
(6062, 112, 1707, 1),
(6063, 130, 1708, 1),
(6064, 131, 1708, 1),
(6065, 132, 1708, 1),
(6066, 133, 1708, 0),
(6067, 19, 1709, 1),
(6068, 20, 1709, 0),
(6069, 97, 1710, 1),
(6070, 98, 1710, 1),
(6071, 118, 1711, 1),
(6072, 119, 1711, 0),
(6073, 120, 1711, 1),
(6074, 121, 1711, 0),
(6075, 122, 1711, 0),
(6076, 44, 1712, 1),
(6077, 45, 1712, 1),
(6078, 61, 1713, 1),
(6079, 62, 1713, 0),
(6080, 63, 1713, 0),
(6081, 64, 1713, 0),
(6082, 7, 1714, 1),
(6083, 8, 1714, 0),
(6084, 9, 1714, 0),
(6085, 10, 1714, 0),
(6086, 11, 1714, 1),
(6087, 138, 1715, 0),
(6088, 139, 1715, 0),
(6089, 27, 1716, 1),
(6090, 28, 1716, 1),
(6091, 29, 1716, 1),
(6092, 30, 1716, 1),
(6093, 103, 1717, 1),
(6094, 104, 1717, 0),
(6095, 105, 1717, 1),
(6096, 106, 1717, 1),
(6097, 107, 1717, 0),
(6098, 50, 1718, 0),
(6099, 51, 1718, 0),
(6100, 52, 1718, 1),
(6101, 53, 1718, 0),
(6102, 40, 1719, 1),
(6103, 41, 1719, 1),
(6104, 42, 1719, 0),
(6105, 43, 1719, 1),
(6106, 57, 1720, 1),
(6107, 58, 1720, 1),
(6108, 59, 1720, 0),
(6109, 60, 1720, 0),
(6110, 79, 1721, 1),
(6111, 80, 1721, 0),
(6112, 81, 1721, 0),
(6113, 46, 1722, 1),
(6114, 47, 1722, 1),
(6115, 48, 1722, 1),
(6116, 49, 1722, 1),
(6117, 113, 1723, 1),
(6118, 114, 1723, 1),
(6119, 115, 1723, 0),
(6120, 116, 1723, 0),
(6121, 117, 1723, 1),
(6122, 54, 1724, 1),
(6123, 55, 1724, 1),
(6124, 56, 1724, 0),
(6125, 67, 1725, 1),
(6126, 68, 1725, 1),
(6127, 69, 1725, 0),
(6128, 70, 1725, 1),
(6129, 71, 1725, 1),
(6130, 35, 1726, 1),
(6131, 36, 1726, 0),
(6132, 37, 1726, 1),
(6133, 38, 1726, 0),
(6134, 39, 1726, 1),
(6135, 130, 1727, 0),
(6136, 131, 1727, 0),
(6137, 132, 1727, 0),
(6138, 133, 1727, 0),
(6139, 108, 1728, 1),
(6140, 109, 1728, 1),
(6141, 110, 1728, 1),
(6142, 111, 1728, 0),
(6143, 112, 1728, 0),
(6144, 82, 1729, 1),
(6145, 83, 1729, 0),
(6146, 108, 1730, 1),
(6147, 109, 1730, 1),
(6148, 110, 1730, 1),
(6149, 111, 1730, 1),
(6150, 112, 1730, 0),
(6151, 130, 1731, 0),
(6152, 131, 1731, 0),
(6153, 132, 1731, 0),
(6154, 133, 1731, 1),
(6155, 82, 1732, 1),
(6156, 83, 1732, 0),
(6157, 140, 1733, 1),
(6158, 141, 1733, 0),
(6159, 72, 1734, 1),
(6160, 73, 1734, 1),
(6161, 74, 1734, 1),
(6162, 75, 1734, 0),
(6163, 134, 1735, 1),
(6164, 135, 1735, 1),
(6165, 136, 1735, 0),
(6166, 137, 1735, 1),
(6167, 86, 1736, 1),
(6168, 87, 1736, 0),
(6169, 99, 1737, 1),
(6170, 100, 1737, 0),
(6171, 101, 1737, 1),
(6172, 102, 1737, 1),
(6173, 15, 1738, 1),
(6174, 16, 1738, 0),
(6175, 17, 1738, 1),
(6176, 18, 1738, 1),
(6177, 84, 1739, 1),
(6178, 85, 1739, 1),
(6179, 12, 1740, 1),
(6180, 13, 1740, 1),
(6181, 14, 1740, 0),
(6182, 123, 1741, 1),
(6183, 124, 1741, 1),
(6184, 125, 1741, 1),
(6185, 126, 1741, 0),
(6186, 127, 1742, 1),
(6187, 128, 1742, 1),
(6188, 129, 1742, 1),
(6189, 92, 1743, 0),
(6190, 93, 1743, 0),
(6191, 94, 1743, 1),
(6192, 95, 1743, 1),
(6193, 96, 1743, 1),
(6194, 76, 1744, 1),
(6195, 77, 1744, 0),
(6196, 78, 1744, 0),
(6197, 31, 1745, 1),
(6198, 32, 1745, 1),
(6199, 33, 1745, 0),
(6200, 34, 1745, 1),
(6201, 65, 1746, 1),
(6202, 66, 1746, 1),
(6203, 84, 1747, 1),
(6204, 85, 1747, 0),
(6205, 92, 1748, 1),
(6206, 93, 1748, 0),
(6207, 94, 1748, 1),
(6208, 95, 1748, 1),
(6209, 96, 1748, 1),
(6210, 76, 1749, 0),
(6211, 77, 1749, 0),
(6212, 78, 1749, 0),
(6213, 31, 1750, 1),
(6214, 32, 1750, 1),
(6215, 33, 1750, 0),
(6216, 34, 1750, 1),
(6217, 140, 1751, 1),
(6218, 141, 1751, 0),
(6219, 134, 1752, 1),
(6220, 135, 1752, 0),
(6221, 136, 1752, 0),
(6222, 137, 1752, 0),
(6223, 72, 1753, 0),
(6224, 73, 1753, 1),
(6225, 74, 1753, 1),
(6226, 75, 1753, 0),
(6227, 86, 1754, 1),
(6228, 87, 1754, 0),
(6229, 99, 1755, 0),
(6230, 100, 1755, 1),
(6231, 101, 1755, 1),
(6232, 102, 1755, 1),
(6233, 65, 1756, 1),
(6234, 66, 1756, 1),
(6235, 15, 1757, 1),
(6236, 16, 1757, 0),
(6237, 17, 1757, 0),
(6238, 18, 1757, 1),
(6239, 127, 1758, 1),
(6240, 128, 1758, 1),
(6241, 129, 1758, 1),
(6242, 123, 1759, 1),
(6243, 124, 1759, 1),
(6244, 125, 1759, 0),
(6245, 126, 1759, 0),
(6246, 12, 1760, 1),
(6247, 13, 1760, 1),
(6248, 14, 1760, 0),
(6249, 84, 1761, 1),
(6250, 85, 1761, 1),
(6251, 86, 1762, 1),
(6252, 87, 1762, 0),
(6253, 15, 1763, 1),
(6254, 16, 1763, 0),
(6255, 17, 1763, 0),
(6256, 18, 1763, 1),
(6257, 92, 1764, 1),
(6258, 93, 1764, 0),
(6259, 94, 1764, 1),
(6260, 95, 1764, 1),
(6261, 96, 1764, 1),
(6262, 134, 1765, 0),
(6263, 135, 1765, 1),
(6264, 136, 1765, 0),
(6265, 137, 1765, 0),
(6266, 72, 1766, 0),
(6267, 73, 1766, 0),
(6268, 74, 1766, 1),
(6269, 75, 1766, 0),
(6270, 12, 1767, 1),
(6271, 13, 1767, 1),
(6272, 14, 1767, 0),
(6273, 123, 1768, 1),
(6274, 124, 1768, 1),
(6275, 125, 1768, 0),
(6276, 126, 1768, 1),
(6277, 65, 1769, 1),
(6278, 66, 1769, 1),
(6279, 99, 1770, 0),
(6280, 100, 1770, 0),
(6281, 101, 1770, 1),
(6282, 102, 1770, 0),
(6283, 127, 1771, 0),
(6284, 128, 1771, 0),
(6285, 129, 1771, 1),
(6286, 76, 1772, 1),
(6287, 77, 1772, 1),
(6288, 78, 1772, 0),
(6289, 31, 1773, 1),
(6290, 32, 1773, 1),
(6291, 33, 1773, 0),
(6292, 34, 1773, 1),
(6293, 140, 1774, 1),
(6294, 141, 1774, 0),
(6295, 46, 1775, 1),
(6296, 47, 1775, 0),
(6297, 48, 1775, 1),
(6298, 49, 1775, 0),
(6299, 79, 1776, 1),
(6300, 80, 1776, 0),
(6301, 81, 1776, 0),
(6302, 40, 1777, 1),
(6303, 41, 1777, 1),
(6304, 42, 1777, 0),
(6305, 43, 1777, 1),
(6306, 67, 1778, 1),
(6307, 68, 1778, 1),
(6308, 69, 1778, 0),
(6309, 70, 1778, 1),
(6310, 71, 1778, 1),
(6311, 35, 1779, 1),
(6312, 36, 1779, 0),
(6313, 37, 1779, 1),
(6314, 38, 1779, 0),
(6315, 39, 1779, 1),
(6316, 103, 1780, 1),
(6317, 104, 1780, 1),
(6318, 105, 1780, 1),
(6319, 106, 1780, 1),
(6320, 107, 1780, 0),
(6321, 54, 1781, 1),
(6322, 55, 1781, 1),
(6323, 56, 1781, 1),
(6324, 50, 1782, 1),
(6325, 51, 1782, 1),
(6326, 52, 1782, 0),
(6327, 53, 1782, 1),
(6328, 57, 1783, 1),
(6329, 58, 1783, 1),
(6330, 59, 1783, 1),
(6331, 60, 1783, 0),
(6332, 113, 1784, 1),
(6333, 114, 1784, 1),
(6334, 115, 1784, 0),
(6335, 116, 1784, 1),
(6336, 117, 1784, 1),
(6337, 67, 1785, 1),
(6338, 68, 1785, 1),
(6339, 69, 1785, 0),
(6340, 70, 1785, 1),
(6341, 71, 1785, 1),
(6342, 50, 1786, 1),
(6343, 51, 1786, 1),
(6344, 52, 1786, 1),
(6345, 53, 1786, 0),
(6346, 113, 1787, 1),
(6347, 114, 1787, 0),
(6348, 115, 1787, 0),
(6349, 116, 1787, 0),
(6350, 117, 1787, 1),
(6351, 54, 1788, 1),
(6352, 55, 1788, 1),
(6353, 56, 1788, 0),
(6354, 57, 1789, 1),
(6355, 58, 1789, 0),
(6356, 59, 1789, 0),
(6357, 60, 1789, 0),
(6358, 35, 1790, 1),
(6359, 36, 1790, 0),
(6360, 37, 1790, 1),
(6361, 38, 1790, 1),
(6362, 39, 1790, 0),
(6363, 46, 1791, 1),
(6364, 47, 1791, 0),
(6365, 48, 1791, 1),
(6366, 49, 1791, 0),
(6367, 103, 1792, 1),
(6368, 104, 1792, 0),
(6369, 105, 1792, 1),
(6370, 106, 1792, 1),
(6371, 107, 1792, 0),
(6372, 40, 1793, 1),
(6373, 41, 1793, 0),
(6374, 42, 1793, 0),
(6375, 43, 1793, 1),
(6376, 79, 1794, 1),
(6377, 80, 1794, 1),
(6378, 81, 1794, 0),
(6379, 82, 1795, 1),
(6380, 83, 1795, 0),
(6381, 130, 1796, 1),
(6382, 131, 1796, 1),
(6383, 132, 1796, 0),
(6384, 133, 1796, 0),
(6385, 108, 1797, 0),
(6386, 109, 1797, 1),
(6387, 110, 1797, 1),
(6388, 111, 1797, 0),
(6389, 112, 1797, 0),
(6390, 142, 1798, 1),
(6391, 143, 1798, 0),
(6392, 144, 1798, 1),
(6393, 145, 1799, 0),
(6394, 146, 1799, 1),
(6395, 147, 1799, 0),
(6396, 57, 1800, 1),
(6397, 58, 1800, 1),
(6398, 59, 1800, 0),
(6399, 60, 1800, 0),
(6400, 54, 1801, 1),
(6401, 55, 1801, 1),
(6402, 56, 1801, 0),
(6403, 113, 1802, 1),
(6404, 114, 1802, 1),
(6405, 115, 1802, 0),
(6406, 116, 1802, 0),
(6407, 117, 1802, 1),
(6408, 50, 1803, 1),
(6409, 51, 1803, 0),
(6410, 52, 1803, 1),
(6411, 53, 1803, 0),
(6412, 35, 1804, 1),
(6413, 36, 1804, 0),
(6414, 37, 1804, 0),
(6415, 38, 1804, 0),
(6416, 39, 1804, 1),
(6417, 67, 1805, 1),
(6418, 68, 1805, 0),
(6419, 69, 1805, 0),
(6420, 70, 1805, 1),
(6421, 71, 1805, 1),
(6422, 40, 1806, 1),
(6423, 41, 1806, 1),
(6424, 42, 1806, 0),
(6425, 43, 1806, 1),
(6426, 79, 1807, 1),
(6427, 80, 1807, 0),
(6428, 81, 1807, 1),
(6429, 103, 1808, 1),
(6430, 104, 1808, 0),
(6431, 105, 1808, 1),
(6432, 106, 1808, 1),
(6433, 107, 1808, 0),
(6434, 46, 1809, 0),
(6435, 47, 1809, 1),
(6436, 48, 1809, 1),
(6437, 49, 1809, 0),
(6438, 15, 1810, 1),
(6439, 16, 1810, 0),
(6440, 17, 1810, 0),
(6441, 18, 1810, 1),
(6442, 31, 1811, 1),
(6443, 32, 1811, 0),
(6444, 33, 1811, 0),
(6445, 34, 1811, 1),
(6446, 123, 1812, 1),
(6447, 124, 1812, 1),
(6448, 125, 1812, 1),
(6449, 126, 1812, 0),
(6450, 72, 1813, 0),
(6451, 73, 1813, 1),
(6452, 74, 1813, 1),
(6453, 75, 1813, 0),
(6454, 92, 1814, 1),
(6455, 93, 1814, 0),
(6456, 94, 1814, 1),
(6457, 95, 1814, 1),
(6458, 96, 1814, 1),
(6459, 65, 1815, 1),
(6460, 66, 1815, 1),
(6461, 99, 1816, 1),
(6462, 100, 1816, 0),
(6463, 101, 1816, 1),
(6464, 102, 1816, 1),
(6465, 84, 1817, 1),
(6466, 85, 1817, 0),
(6467, 86, 1818, 1),
(6468, 87, 1818, 0),
(6469, 127, 1819, 1),
(6470, 128, 1819, 1),
(6471, 129, 1819, 1),
(6472, 12, 1820, 1),
(6473, 13, 1820, 1),
(6474, 14, 1820, 0),
(6475, 134, 1821, 0),
(6476, 135, 1821, 1),
(6477, 136, 1821, 1),
(6478, 137, 1821, 0),
(6479, 140, 1822, 1),
(6480, 141, 1822, 0),
(6481, 76, 1823, 0),
(6482, 77, 1823, 0),
(6483, 78, 1823, 0),
(6484, 82, 1824, 1),
(6485, 83, 1824, 0),
(6486, 130, 1825, 1),
(6487, 131, 1825, 0),
(6488, 132, 1825, 0),
(6489, 133, 1825, 0),
(6490, 108, 1826, 1),
(6491, 109, 1826, 1),
(6492, 110, 1826, 1),
(6493, 111, 1826, 1),
(6494, 112, 1826, 0),
(6495, 46, 1827, 1),
(6496, 47, 1827, 0),
(6497, 48, 1827, 1),
(6498, 49, 1827, 0),
(6499, 35, 1828, 1),
(6500, 36, 1828, 1),
(6501, 37, 1828, 1),
(6502, 38, 1828, 0),
(6503, 39, 1828, 1),
(6504, 67, 1829, 1),
(6505, 68, 1829, 1),
(6506, 69, 1829, 0),
(6507, 70, 1829, 1),
(6508, 71, 1829, 1),
(6509, 113, 1830, 1),
(6510, 114, 1830, 1),
(6511, 115, 1830, 0),
(6512, 116, 1830, 0),
(6513, 117, 1830, 1),
(6514, 57, 1831, 1),
(6515, 58, 1831, 1),
(6516, 59, 1831, 0),
(6517, 60, 1831, 1),
(6518, 103, 1832, 1),
(6519, 104, 1832, 0),
(6520, 105, 1832, 1),
(6521, 106, 1832, 0),
(6522, 107, 1832, 1),
(6523, 54, 1833, 1),
(6524, 55, 1833, 1),
(6525, 56, 1833, 0),
(6526, 50, 1834, 1),
(6527, 51, 1834, 1),
(6528, 52, 1834, 1),
(6529, 53, 1834, 0),
(6530, 79, 1835, 1),
(6531, 80, 1835, 0),
(6532, 81, 1835, 0),
(6533, 40, 1836, 1),
(6534, 41, 1836, 1),
(6535, 42, 1836, 0),
(6536, 43, 1836, 1),
(6537, 130, 1837, 1),
(6538, 131, 1837, 0),
(6539, 132, 1837, 0),
(6540, 133, 1837, 0),
(6541, 108, 1838, 1),
(6542, 109, 1838, 1),
(6543, 110, 1838, 0),
(6544, 111, 1838, 0),
(6545, 112, 1838, 0),
(6546, 82, 1839, 1),
(6547, 83, 1839, 0),
(6548, 21, 1840, 1),
(6549, 22, 1840, 0),
(6550, 23, 1840, 1),
(6551, 24, 1841, 1),
(6552, 25, 1841, 0),
(6553, 26, 1841, 1),
(6554, 88, 1842, 1),
(6555, 89, 1842, 0),
(6556, 90, 1842, 1),
(6557, 91, 1842, 0),
(6558, 145, 1843, 0),
(6559, 146, 1843, 1),
(6560, 147, 1843, 0),
(6561, 142, 1844, 1),
(6562, 143, 1844, 0),
(6563, 144, 1844, 0),
(6564, 27, 1845, 1),
(6565, 28, 1845, 1),
(6566, 29, 1845, 0),
(6567, 30, 1845, 1),
(6568, 7, 1846, 1),
(6569, 8, 1846, 0),
(6570, 9, 1846, 0),
(6571, 10, 1846, 1),
(6572, 11, 1846, 1),
(6573, 97, 1847, 1),
(6574, 98, 1847, 0),
(6575, 138, 1848, 1),
(6576, 139, 1848, 0),
(6577, 61, 1849, 0),
(6578, 62, 1849, 0),
(6579, 63, 1849, 1),
(6580, 64, 1849, 0),
(6581, 44, 1850, 1),
(6582, 45, 1850, 1),
(6583, 118, 1851, 0),
(6584, 119, 1851, 0),
(6585, 120, 1851, 1),
(6586, 121, 1851, 0),
(6587, 122, 1851, 0),
(6588, 19, 1852, 1),
(6589, 20, 1852, 0),
(6590, 82, 1853, 0),
(6591, 83, 1853, 0),
(6592, 130, 1854, 1),
(6593, 131, 1854, 0),
(6594, 132, 1854, 0),
(6595, 133, 1854, 0),
(6596, 108, 1855, 1),
(6597, 109, 1855, 0),
(6598, 110, 1855, 1),
(6599, 111, 1855, 0),
(6600, 112, 1855, 0),
(6601, 31, 1856, 1),
(6602, 32, 1856, 1),
(6603, 33, 1856, 1),
(6604, 34, 1856, 1),
(6605, 12, 1857, 1),
(6606, 13, 1857, 1),
(6607, 14, 1857, 0),
(6608, 140, 1858, 0),
(6609, 141, 1858, 0),
(6610, 92, 1859, 1),
(6611, 93, 1859, 0),
(6612, 94, 1859, 1),
(6613, 95, 1859, 1),
(6614, 96, 1859, 0),
(6615, 86, 1860, 1),
(6616, 87, 1860, 0),
(6617, 72, 1861, 1),
(6618, 73, 1861, 1),
(6619, 74, 1861, 1),
(6620, 75, 1861, 0),
(6621, 127, 1862, 1),
(6622, 128, 1862, 1),
(6623, 129, 1862, 1),
(6624, 99, 1863, 0),
(6625, 100, 1863, 0),
(6626, 101, 1863, 1),
(6627, 102, 1863, 1),
(6628, 15, 1864, 1),
(6629, 16, 1864, 0),
(6630, 17, 1864, 0),
(6631, 18, 1864, 0),
(6632, 134, 1865, 0),
(6633, 135, 1865, 0),
(6634, 136, 1865, 1),
(6635, 137, 1865, 0),
(6636, 123, 1866, 1),
(6637, 124, 1866, 1),
(6638, 125, 1866, 1),
(6639, 126, 1866, 0),
(6640, 84, 1867, 1),
(6641, 85, 1867, 1),
(6642, 76, 1868, 0),
(6643, 77, 1868, 0),
(6644, 78, 1868, 0),
(6645, 65, 1869, 1),
(6646, 66, 1869, 1),
(6647, 84, 1870, 1),
(6648, 85, 1870, 1),
(6649, 140, 1871, 0),
(6650, 141, 1871, 0),
(6651, 65, 1872, 1),
(6652, 66, 1872, 1),
(6653, 127, 1873, 0),
(6654, 128, 1873, 1),
(6655, 129, 1873, 1),
(6656, 92, 1874, 1),
(6657, 93, 1874, 0),
(6658, 94, 1874, 1),
(6659, 95, 1874, 1),
(6660, 96, 1874, 1),
(6661, 76, 1875, 1),
(6662, 77, 1875, 1),
(6663, 78, 1875, 0),
(6664, 12, 1876, 0),
(6665, 13, 1876, 1),
(6666, 14, 1876, 0),
(6667, 31, 1877, 1),
(6668, 32, 1877, 1),
(6669, 33, 1877, 0),
(6670, 34, 1877, 1),
(6671, 99, 1878, 1),
(6672, 100, 1878, 0),
(6673, 101, 1878, 0),
(6674, 102, 1878, 1),
(6675, 123, 1879, 1),
(6676, 124, 1879, 1),
(6677, 125, 1879, 1),
(6678, 126, 1879, 0),
(6679, 72, 1880, 1),
(6680, 73, 1880, 1),
(6681, 74, 1880, 1),
(6682, 75, 1880, 0),
(6683, 15, 1881, 1),
(6684, 16, 1881, 0),
(6685, 17, 1881, 0),
(6686, 18, 1881, 1),
(6687, 86, 1882, 1),
(6688, 87, 1882, 1),
(6689, 134, 1883, 1),
(6690, 135, 1883, 1),
(6691, 136, 1883, 0),
(6692, 137, 1883, 0),
(6693, 118, 1884, 0),
(6694, 119, 1884, 0),
(6695, 120, 1884, 1),
(6696, 121, 1884, 0),
(6697, 122, 1884, 0),
(6698, 19, 1885, 0),
(6699, 20, 1885, 0),
(6700, 61, 1886, 1),
(6701, 62, 1886, 0),
(6702, 63, 1886, 1),
(6703, 64, 1886, 0),
(6704, 7, 1887, 1),
(6705, 8, 1887, 0),
(6706, 9, 1887, 1),
(6707, 10, 1887, 0),
(6708, 11, 1887, 1),
(6709, 138, 1888, 1),
(6710, 139, 1888, 0),
(6711, 97, 1889, 0),
(6712, 98, 1889, 1),
(6713, 27, 1890, 1),
(6714, 28, 1890, 0),
(6715, 29, 1890, 0),
(6716, 30, 1890, 0),
(6717, 44, 1891, 1),
(6718, 45, 1891, 1),
(6719, 50, 1892, 1),
(6720, 51, 1892, 0),
(6721, 52, 1892, 1),
(6722, 53, 1892, 0),
(6723, 103, 1893, 1),
(6724, 104, 1893, 0),
(6725, 105, 1893, 1),
(6726, 106, 1893, 1),
(6727, 107, 1893, 0),
(6728, 35, 1894, 1),
(6729, 36, 1894, 0),
(6730, 37, 1894, 1),
(6731, 38, 1894, 0),
(6732, 39, 1894, 1),
(6733, 79, 1895, 1),
(6734, 80, 1895, 0),
(6735, 81, 1895, 0),
(6736, 57, 1896, 0),
(6737, 58, 1896, 1),
(6738, 59, 1896, 0),
(6739, 60, 1896, 0),
(6740, 40, 1897, 1),
(6741, 41, 1897, 1),
(6742, 42, 1897, 0),
(6743, 43, 1897, 1),
(6744, 67, 1898, 1),
(6745, 68, 1898, 1),
(6746, 69, 1898, 0),
(6747, 70, 1898, 1),
(6748, 71, 1898, 1),
(6749, 54, 1899, 1),
(6750, 55, 1899, 1),
(6751, 56, 1899, 0),
(6752, 113, 1900, 1),
(6753, 114, 1900, 1),
(6754, 115, 1900, 0),
(6755, 116, 1900, 0),
(6756, 117, 1900, 1),
(6757, 46, 1901, 1),
(6758, 47, 1901, 0),
(6759, 48, 1901, 1),
(6760, 49, 1901, 0),
(6761, 12, 1902, 1),
(6762, 13, 1902, 0),
(6763, 14, 1902, 0),
(6764, 134, 1903, 0),
(6765, 135, 1903, 1),
(6766, 136, 1903, 0),
(6767, 137, 1903, 1),
(6768, 76, 1904, 0),
(6769, 77, 1904, 0),
(6770, 78, 1904, 0),
(6771, 84, 1905, 1),
(6772, 85, 1905, 0),
(6773, 92, 1906, 1),
(6774, 93, 1906, 0),
(6775, 94, 1906, 1),
(6776, 95, 1906, 1),
(6777, 96, 1906, 1),
(6778, 86, 1907, 1),
(6779, 87, 1907, 0),
(6780, 72, 1908, 1),
(6781, 73, 1908, 1),
(6782, 74, 1908, 1),
(6783, 75, 1908, 0),
(6784, 127, 1909, 0),
(6785, 128, 1909, 1),
(6786, 129, 1909, 1),
(6787, 123, 1910, 1),
(6788, 124, 1910, 0),
(6789, 125, 1910, 1),
(6790, 126, 1910, 0),
(6791, 99, 1911, 1),
(6792, 100, 1911, 0),
(6793, 101, 1911, 1),
(6794, 102, 1911, 1),
(6795, 65, 1912, 1),
(6796, 66, 1912, 0),
(6797, 15, 1913, 0),
(6798, 16, 1913, 0),
(6799, 17, 1913, 0),
(6800, 18, 1913, 1),
(6801, 31, 1914, 1),
(6802, 32, 1914, 0),
(6803, 33, 1914, 0),
(6804, 34, 1914, 1),
(6805, 140, 1915, 1),
(6806, 141, 1915, 0),
(6807, 108, 1916, 1),
(6808, 109, 1916, 1),
(6809, 110, 1916, 1),
(6810, 111, 1916, 0),
(6811, 112, 1916, 1),
(6812, 82, 1917, 1),
(6813, 83, 1917, 0),
(6814, 130, 1918, 1),
(6815, 131, 1918, 0),
(6816, 132, 1918, 0),
(6817, 133, 1918, 0),
(6818, 67, 1919, 1),
(6819, 68, 1919, 1),
(6820, 69, 1919, 1),
(6821, 70, 1919, 1),
(6822, 71, 1919, 1),
(6823, 113, 1920, 1),
(6824, 114, 1920, 0),
(6825, 115, 1920, 0),
(6826, 116, 1920, 0),
(6827, 117, 1920, 1),
(6828, 79, 1921, 1),
(6829, 80, 1921, 0),
(6830, 81, 1921, 0),
(6831, 50, 1922, 1),
(6832, 51, 1922, 0),
(6833, 52, 1922, 1),
(6834, 53, 1922, 1),
(6835, 35, 1923, 1),
(6836, 36, 1923, 0),
(6837, 37, 1923, 1),
(6838, 38, 1923, 0),
(6839, 39, 1923, 1),
(6840, 57, 1924, 0),
(6841, 58, 1924, 1),
(6842, 59, 1924, 0),
(6843, 60, 1924, 0),
(6844, 54, 1925, 1),
(6845, 55, 1925, 1),
(6846, 56, 1925, 0),
(6847, 46, 1926, 1),
(6848, 47, 1926, 0),
(6849, 48, 1926, 1),
(6850, 49, 1926, 0),
(6851, 103, 1927, 1),
(6852, 104, 1927, 0),
(6853, 105, 1927, 1),
(6854, 106, 1927, 1),
(6855, 107, 1927, 0),
(6856, 40, 1928, 1),
(6857, 41, 1928, 1),
(6858, 42, 1928, 0),
(6859, 43, 1928, 1),
(6860, 7, 1929, 1),
(6861, 8, 1929, 0),
(6862, 9, 1929, 0),
(6863, 10, 1929, 0),
(6864, 11, 1929, 0),
(6865, 97, 1930, 1),
(6866, 98, 1930, 1),
(6867, 27, 1931, 1),
(6868, 28, 1931, 0),
(6869, 29, 1931, 0),
(6870, 30, 1931, 1),
(6871, 138, 1932, 1),
(6872, 139, 1932, 0),
(6873, 118, 1933, 0),
(6874, 119, 1933, 0),
(6875, 120, 1933, 1),
(6876, 121, 1933, 1),
(6877, 122, 1933, 0),
(6878, 61, 1934, 1),
(6879, 62, 1934, 0),
(6880, 63, 1934, 1),
(6881, 64, 1934, 0),
(6882, 44, 1935, 1),
(6883, 45, 1935, 1),
(6884, 19, 1936, 1),
(6885, 20, 1936, 1),
(6886, 108, 1937, 1),
(6887, 109, 1937, 0),
(6888, 110, 1937, 1),
(6889, 111, 1937, 0),
(6890, 112, 1937, 0),
(6891, 82, 1938, 1),
(6892, 83, 1938, 0),
(6893, 130, 1939, 0),
(6894, 131, 1939, 0),
(6895, 132, 1939, 1),
(6896, 133, 1939, 0),
(6897, 140, 1940, 1),
(6898, 141, 1940, 0),
(6899, 86, 1941, 1),
(6900, 87, 1941, 0),
(6901, 134, 1942, 1),
(6902, 135, 1942, 1),
(6903, 136, 1942, 0),
(6904, 137, 1942, 0),
(6905, 15, 1943, 1),
(6906, 16, 1943, 0),
(6907, 17, 1943, 0),
(6908, 18, 1943, 1),
(6909, 127, 1944, 0),
(6910, 128, 1944, 1),
(6911, 129, 1944, 1),
(6912, 92, 1945, 1),
(6913, 93, 1945, 0),
(6914, 94, 1945, 1),
(6915, 95, 1945, 1),
(6916, 96, 1945, 1),
(6917, 76, 1946, 1),
(6918, 77, 1946, 0),
(6919, 78, 1946, 0),
(6920, 72, 1947, 1),
(6921, 73, 1947, 1),
(6922, 74, 1947, 1),
(6923, 75, 1947, 1),
(6924, 12, 1948, 1),
(6925, 13, 1948, 1),
(6926, 14, 1948, 0),
(6927, 99, 1949, 1),
(6928, 100, 1949, 0),
(6929, 101, 1949, 1),
(6930, 102, 1949, 1),
(6931, 84, 1950, 1),
(6932, 85, 1950, 1),
(6933, 31, 1951, 1),
(6934, 32, 1951, 1),
(6935, 33, 1951, 0),
(6936, 34, 1951, 0),
(6937, 123, 1952, 1),
(6938, 124, 1952, 0),
(6939, 125, 1952, 1),
(6940, 126, 1952, 0),
(6941, 65, 1953, 1),
(6942, 66, 1953, 1),
(6943, 57, 1954, 1),
(6944, 58, 1954, 1),
(6945, 59, 1954, 0),
(6946, 60, 1954, 0),
(6947, 103, 1955, 1),
(6948, 104, 1955, 0),
(6949, 105, 1955, 1),
(6950, 106, 1955, 1),
(6951, 107, 1955, 0),
(6952, 67, 1956, 1),
(6953, 68, 1956, 1),
(6954, 69, 1956, 0),
(6955, 70, 1956, 1),
(6956, 71, 1956, 1),
(6957, 50, 1957, 1),
(6958, 51, 1957, 1),
(6959, 52, 1957, 1),
(6960, 53, 1957, 0),
(6961, 46, 1958, 1),
(6962, 47, 1958, 0),
(6963, 48, 1958, 0),
(6964, 49, 1958, 0),
(6965, 35, 1959, 1),
(6966, 36, 1959, 0),
(6967, 37, 1959, 1),
(6968, 38, 1959, 0),
(6969, 39, 1959, 1),
(6970, 40, 1960, 1),
(6971, 41, 1960, 1),
(6972, 42, 1960, 0),
(6973, 43, 1960, 1),
(6974, 54, 1961, 1),
(6975, 55, 1961, 0),
(6976, 56, 1961, 0),
(6977, 79, 1962, 1),
(6978, 80, 1962, 0),
(6979, 81, 1962, 0),
(6980, 113, 1963, 1),
(6981, 114, 1963, 1),
(6982, 115, 1963, 0),
(6983, 116, 1963, 0),
(6984, 117, 1963, 1),
(6985, 24, 1964, 1),
(6986, 25, 1964, 1),
(6987, 26, 1964, 1),
(6988, 21, 1965, 0),
(6989, 22, 1965, 1),
(6990, 23, 1965, 0),
(6991, 88, 1966, 1),
(6992, 89, 1966, 0),
(6993, 90, 1966, 1),
(6994, 91, 1966, 1),
(6995, 84, 1967, 1),
(6996, 85, 1967, 1),
(6997, 72, 1968, 1),
(6998, 73, 1968, 1),
(6999, 74, 1968, 1),
(7000, 75, 1968, 0),
(7001, 92, 1969, 1),
(7002, 93, 1969, 0),
(7003, 94, 1969, 1),
(7004, 95, 1969, 0),
(7005, 96, 1969, 1),
(7006, 140, 1970, 1),
(7007, 141, 1970, 0),
(7008, 99, 1971, 0),
(7009, 100, 1971, 1),
(7010, 101, 1971, 1),
(7011, 102, 1971, 1),
(7012, 65, 1972, 0),
(7013, 66, 1972, 1),
(7014, 127, 1973, 1),
(7015, 128, 1973, 0),
(7016, 129, 1973, 1),
(7017, 76, 1974, 1),
(7018, 77, 1974, 0),
(7019, 78, 1974, 1),
(7020, 15, 1975, 1),
(7021, 16, 1975, 1),
(7022, 17, 1975, 0),
(7023, 18, 1975, 1),
(7024, 31, 1976, 1),
(7025, 32, 1976, 1),
(7026, 33, 1976, 1),
(7027, 34, 1976, 1),
(7028, 134, 1977, 1),
(7029, 135, 1977, 1),
(7030, 136, 1977, 0),
(7031, 137, 1977, 0),
(7032, 123, 1978, 1),
(7033, 124, 1978, 1),
(7034, 125, 1978, 1),
(7035, 126, 1978, 1),
(7036, 12, 1979, 1),
(7037, 13, 1979, 1),
(7038, 14, 1979, 0),
(7039, 86, 1980, 1),
(7040, 87, 1980, 1),
(7041, 21, 1981, 1),
(7042, 22, 1981, 0),
(7043, 23, 1981, 1),
(7044, 88, 1982, 1),
(7045, 89, 1982, 0),
(7046, 90, 1982, 1),
(7047, 91, 1982, 0),
(7048, 24, 1983, 0),
(7049, 25, 1983, 1),
(7050, 26, 1983, 1),
(7051, 97, 1984, 1),
(7052, 98, 1984, 1),
(7053, 44, 1985, 1),
(7054, 45, 1985, 1),
(7055, 138, 1986, 1),
(7056, 139, 1986, 0),
(7057, 118, 1987, 1),
(7058, 119, 1987, 1),
(7059, 120, 1987, 1),
(7060, 121, 1987, 0),
(7061, 122, 1987, 0),
(7062, 7, 1988, 0),
(7063, 8, 1988, 0),
(7064, 9, 1988, 0),
(7065, 10, 1988, 0),
(7066, 11, 1988, 1),
(7067, 19, 1989, 1),
(7068, 20, 1989, 0),
(7069, 61, 1990, 1),
(7070, 62, 1990, 0),
(7071, 63, 1990, 1),
(7072, 64, 1990, 0),
(7073, 27, 1991, 0),
(7074, 28, 1991, 1),
(7075, 29, 1991, 1),
(7076, 30, 1991, 1),
(7077, 46, 1992, 1),
(7078, 47, 1992, 0),
(7079, 48, 1992, 1),
(7080, 49, 1992, 0),
(7081, 113, 1993, 1),
(7082, 114, 1993, 1),
(7083, 115, 1993, 0),
(7084, 116, 1993, 0),
(7085, 117, 1993, 1),
(7086, 57, 1994, 1),
(7087, 58, 1994, 1),
(7088, 59, 1994, 0),
(7089, 60, 1994, 0),
(7090, 40, 1995, 1),
(7091, 41, 1995, 0),
(7092, 42, 1995, 0),
(7093, 43, 1995, 1),
(7094, 67, 1996, 1),
(7095, 68, 1996, 0),
(7096, 69, 1996, 0),
(7097, 70, 1996, 1),
(7098, 71, 1996, 1),
(7099, 50, 1997, 1),
(7100, 51, 1997, 1),
(7101, 52, 1997, 1),
(7102, 53, 1997, 0),
(7103, 54, 1998, 1),
(7104, 55, 1998, 0),
(7105, 56, 1998, 0),
(7106, 79, 1999, 1),
(7107, 80, 1999, 0),
(7108, 81, 1999, 0),
(7109, 35, 2000, 1),
(7110, 36, 2000, 0),
(7111, 37, 2000, 1),
(7112, 38, 2000, 0),
(7113, 39, 2000, 1),
(7114, 103, 2001, 1),
(7115, 104, 2001, 0),
(7116, 105, 2001, 1),
(7117, 106, 2001, 1),
(7118, 107, 2001, 0),
(7119, 138, 2002, 0),
(7120, 139, 2002, 0),
(7121, 97, 2003, 1),
(7122, 98, 2003, 1),
(7123, 118, 2004, 1),
(7124, 119, 2004, 0),
(7125, 120, 2004, 1),
(7126, 121, 2004, 1),
(7127, 122, 2004, 0),
(7128, 19, 2005, 1),
(7129, 20, 2005, 1),
(7130, 44, 2006, 1),
(7131, 45, 2006, 1),
(7132, 27, 2007, 1),
(7133, 28, 2007, 1),
(7134, 29, 2007, 0),
(7135, 30, 2007, 1),
(7136, 61, 2008, 1),
(7137, 62, 2008, 0),
(7138, 63, 2008, 1),
(7139, 64, 2008, 0),
(7140, 7, 2009, 1),
(7141, 8, 2009, 0),
(7142, 9, 2009, 0),
(7143, 10, 2009, 0),
(7144, 11, 2009, 1),
(7145, 130, 2010, 1),
(7146, 131, 2010, 0),
(7147, 132, 2010, 0),
(7148, 133, 2010, 0),
(7149, 108, 2011, 1),
(7150, 109, 2011, 1),
(7151, 110, 2011, 1),
(7152, 111, 2011, 0),
(7153, 112, 2011, 1),
(7154, 82, 2012, 1),
(7155, 83, 2012, 0),
(7156, 54, 2013, 1),
(7157, 55, 2013, 1),
(7158, 56, 2013, 0),
(7159, 46, 2014, 1),
(7160, 47, 2014, 0),
(7161, 48, 2014, 0),
(7162, 49, 2014, 1),
(7163, 103, 2015, 1),
(7164, 104, 2015, 0),
(7165, 105, 2015, 0),
(7166, 106, 2015, 1),
(7167, 107, 2015, 0),
(7168, 113, 2016, 1),
(7169, 114, 2016, 1),
(7170, 115, 2016, 0),
(7171, 116, 2016, 0),
(7172, 117, 2016, 1),
(7173, 57, 2017, 0),
(7174, 58, 2017, 0),
(7175, 59, 2017, 0),
(7176, 60, 2017, 1),
(7177, 79, 2018, 1),
(7178, 80, 2018, 0),
(7179, 81, 2018, 0),
(7180, 40, 2019, 1),
(7181, 41, 2019, 1),
(7182, 42, 2019, 0),
(7183, 43, 2019, 1),
(7184, 35, 2020, 1),
(7185, 36, 2020, 1),
(7186, 37, 2020, 1),
(7187, 38, 2020, 0),
(7188, 39, 2020, 1),
(7189, 67, 2021, 1),
(7190, 68, 2021, 0),
(7191, 69, 2021, 0),
(7192, 70, 2021, 1),
(7193, 71, 2021, 1),
(7194, 50, 2022, 1),
(7195, 51, 2022, 1),
(7196, 52, 2022, 1),
(7197, 53, 2022, 0),
(7198, 61, 2023, 0),
(7199, 62, 2023, 1),
(7200, 63, 2023, 1),
(7201, 64, 2023, 0),
(7202, 97, 2024, 1),
(7203, 98, 2024, 1),
(7204, 19, 2025, 1),
(7205, 20, 2025, 0),
(7206, 27, 2026, 1),
(7207, 28, 2026, 1),
(7208, 29, 2026, 0),
(7209, 30, 2026, 1),
(7210, 7, 2027, 1),
(7211, 8, 2027, 0),
(7212, 9, 2027, 1),
(7213, 10, 2027, 0),
(7214, 11, 2027, 1),
(7215, 44, 2028, 1),
(7216, 45, 2028, 1),
(7217, 118, 2029, 0),
(7218, 119, 2029, 1),
(7219, 120, 2029, 1),
(7220, 121, 2029, 0),
(7221, 122, 2029, 1),
(7222, 138, 2030, 1),
(7223, 139, 2030, 0),
(7224, 108, 2031, 1),
(7225, 109, 2031, 0),
(7226, 110, 2031, 1),
(7227, 111, 2031, 0),
(7228, 112, 2031, 0),
(7229, 82, 2032, 0),
(7230, 83, 2032, 0),
(7231, 130, 2033, 1),
(7232, 131, 2033, 0),
(7233, 132, 2033, 0),
(7234, 133, 2033, 0),
(7235, 88, 2034, 1),
(7236, 89, 2034, 0),
(7237, 90, 2034, 1),
(7238, 91, 2034, 0),
(7239, 24, 2035, 1),
(7240, 25, 2035, 1),
(7241, 26, 2035, 0),
(7242, 21, 2036, 1),
(7243, 22, 2036, 0),
(7244, 23, 2036, 0),
(7245, 145, 2037, 1),
(7246, 146, 2037, 1),
(7247, 147, 2037, 0),
(7248, 142, 2038, 1),
(7249, 143, 2038, 0),
(7250, 144, 2038, 1),
(7251, 67, 2039, 1),
(7252, 68, 2039, 1),
(7253, 69, 2039, 0),
(7254, 70, 2039, 1),
(7255, 71, 2039, 1),
(7256, 103, 2040, 1),
(7257, 104, 2040, 0),
(7258, 105, 2040, 1),
(7259, 106, 2040, 1),
(7260, 107, 2040, 0),
(7261, 79, 2041, 0),
(7262, 80, 2041, 0),
(7263, 81, 2041, 0),
(7264, 46, 2042, 0),
(7265, 47, 2042, 1),
(7266, 48, 2042, 1),
(7267, 49, 2042, 0),
(7268, 40, 2043, 0),
(7269, 41, 2043, 1),
(7270, 42, 2043, 0),
(7271, 43, 2043, 1),
(7272, 113, 2044, 1),
(7273, 114, 2044, 1),
(7274, 115, 2044, 0),
(7275, 116, 2044, 0),
(7276, 117, 2044, 1),
(7277, 57, 2045, 1),
(7278, 58, 2045, 1),
(7279, 59, 2045, 0),
(7280, 60, 2045, 0),
(7281, 50, 2046, 1),
(7282, 51, 2046, 1),
(7283, 52, 2046, 1),
(7284, 53, 2046, 0),
(7285, 54, 2047, 1),
(7286, 55, 2047, 0),
(7287, 56, 2047, 0),
(7288, 35, 2048, 0),
(7289, 36, 2048, 1),
(7290, 37, 2048, 1),
(7291, 38, 2048, 0),
(7292, 39, 2048, 1),
(7293, 21, 2049, 1),
(7294, 22, 2049, 0),
(7295, 23, 2049, 1),
(7296, 88, 2050, 1),
(7297, 89, 2050, 0),
(7298, 90, 2050, 0),
(7299, 91, 2050, 0),
(7300, 24, 2051, 1),
(7301, 25, 2051, 1),
(7302, 26, 2051, 1),
(7303, 145, 2052, 0),
(7304, 146, 2052, 1),
(7305, 147, 2052, 1),
(7306, 142, 2053, 0),
(7307, 143, 2053, 0),
(7308, 144, 2053, 1),
(7309, 130, 2054, 1),
(7310, 131, 2054, 0),
(7311, 132, 2054, 0),
(7312, 133, 2054, 0),
(7313, 82, 2055, 1),
(7314, 83, 2055, 0),
(7315, 108, 2056, 0),
(7316, 109, 2056, 1),
(7317, 110, 2056, 1),
(7318, 111, 2056, 1),
(7319, 112, 2056, 0),
(7320, 82, 2057, 0),
(7321, 83, 2057, 1),
(7322, 130, 2058, 1),
(7323, 131, 2058, 0),
(7324, 132, 2058, 0),
(7325, 133, 2058, 0),
(7326, 108, 2059, 1),
(7327, 109, 2059, 1),
(7328, 110, 2059, 1),
(7329, 111, 2059, 0),
(7330, 112, 2059, 0),
(7331, 50, 2060, 0),
(7332, 51, 2060, 1),
(7333, 52, 2060, 1),
(7334, 53, 2060, 0),
(7335, 54, 2061, 1),
(7336, 55, 2061, 1),
(7337, 56, 2061, 1),
(7338, 35, 2062, 1),
(7339, 36, 2062, 0),
(7340, 37, 2062, 1),
(7341, 38, 2062, 0),
(7342, 39, 2062, 1),
(7343, 103, 2063, 1),
(7344, 104, 2063, 0),
(7345, 105, 2063, 1),
(7346, 106, 2063, 1),
(7347, 107, 2063, 0),
(7348, 113, 2064, 1),
(7349, 114, 2064, 1),
(7350, 115, 2064, 0),
(7351, 116, 2064, 0),
(7352, 117, 2064, 1),
(7353, 40, 2065, 0),
(7354, 41, 2065, 1),
(7355, 42, 2065, 0),
(7356, 43, 2065, 1),
(7357, 67, 2066, 0),
(7358, 68, 2066, 1),
(7359, 69, 2066, 0),
(7360, 70, 2066, 0),
(7361, 71, 2066, 1),
(7362, 57, 2067, 1),
(7363, 58, 2067, 1),
(7364, 59, 2067, 0),
(7365, 60, 2067, 0),
(7366, 46, 2068, 1),
(7367, 47, 2068, 0),
(7368, 48, 2068, 1),
(7369, 49, 2068, 1),
(7370, 79, 2069, 1),
(7371, 80, 2069, 0),
(7372, 81, 2069, 0),
(7373, 82, 2070, 1),
(7374, 83, 2070, 0),
(7375, 130, 2071, 1),
(7376, 131, 2071, 0),
(7377, 132, 2071, 0),
(7378, 133, 2071, 0),
(7379, 108, 2072, 1),
(7380, 109, 2072, 1),
(7381, 110, 2072, 1),
(7382, 111, 2072, 0),
(7383, 112, 2072, 0);

-- --------------------------------------------------------

--
-- Table structure for table `answer_options`
--

CREATE TABLE `answer_options` (
  `id` bigint(20) UNSIGNED NOT NULL,
  `text` varchar(128) COLLATE utf8mb4_unicode_ci NOT NULL,
  `question_id` bigint(20) UNSIGNED NOT NULL,
  `is_right` tinyint(4) NOT NULL,
  `deleted_at` timestamp NULL DEFAULT NULL
) ENGINE=InnoDB DEFAULT CHARSET=utf8mb4 COLLATE=utf8mb4_unicode_ci;

--
-- Dumping data for table `answer_options`
--

INSERT INTO `answer_options` (`id`, `text`, `question_id`, `is_right`, `deleted_at`) VALUES
(1, 'Вовк хоч і як ненависний був йому.', 1, 1, '2020-04-30 18:06:05'),
(2, 'А тим часом монголи на ріні над Опором.', 1, 1, '2020-04-30 18:06:05'),
(3, 'Але інших шляхів ми - нещасливі,а чи.', 1, 1, '2020-04-30 18:06:05'),
(4, 'Мирослава позлазили з коней і.', 2, 1, '2020-04-30 18:06:05'),
(5, 'Рятунку! скрикнула у смертельній.', 2, 1, '2020-04-30 18:06:05'),
(6, 'Опору. Високі, стрімкі береги.', 2, 0, '2020-04-30 18:06:05'),
(7, 'Але ж се землі й ліси громадські!.', 3, 1, NULL),
(8, 'Максима. Тоді товариство розділилося.', 3, 0, NULL),
(9, 'Максим. - Нема боярина Тугара Вовка!.', 3, 0, NULL),
(10, 'Захар Беркут покинув ворожбита і пішов.', 3, 0, NULL),
(11, 'Се лютило боярина чимраз дужче, і він.', 3, 1, NULL),
(12, 'Так ми зможемо найліпше зігнати все до.', 4, 1, NULL),
(13, 'На кождого з героїв навалилася ціла.', 4, 1, NULL),
(14, 'Повними ненависті й погорди очима.', 4, 0, NULL),
(15, 'Потім підемо горі плаєм і - стараймося.', 5, 1, NULL),
(16, 'А щоб не зацікавитися розкладом табора.', 5, 0, NULL),
(17, 'Мовчи, смерде! перебив його лютим.', 5, 0, NULL),
(18, 'Щоби з\'єдинити в одних руках силу.', 5, 1, NULL),
(19, 'І хоч не раз бунтувалася проти тої.', 6, 1, NULL),
(20, 'Максима за руку і пішла з ним долі.', 6, 0, NULL),
(21, 'Шляхи наші хоч неширокі, але - самої.', 7, 1, NULL),
(22, 'Хіба ти - вирятував її життя з великої.', 7, 0, NULL),
(23, 'Нараз рик рогів утих і ловці пустилися.', 7, 1, NULL),
(24, 'Сей ланцюг - то не забавка, то.', 8, 1, NULL),
(25, 'Тільки ж і обляжеш, що готовилися на.', 8, 1, NULL),
(26, 'Постій, боярине, ми ще - раз, бо се не.', 8, 1, NULL),
(27, 'Ходи, їдьмо до цілі! Що буде, те буде.', 9, 1, NULL),
(28, 'Як ти все те запалювало його гарячу.', 9, 1, NULL),
(29, 'Таке положення улегшувало нашим ловцям.', 9, 0, NULL),
(30, 'Він за молодших часів часто ходив по.', 9, 1, NULL),
(31, 'Беркута за його голосом!» «Так, мамо!».', 10, 1, NULL),
(32, 'Сліпо полягаючи на його словах у.', 10, 1, NULL),
(33, 'Я рад би, боярине, щоб між ту.', 10, 0, NULL),
(34, 'Не гнівайся, боярине, за слова смієш.', 10, 1, NULL),
(35, 'Кайданом. Монгольські загони, які він.', 11, 1, NULL),
(36, 'Кожде колісце в тім усім покладав.', 11, 0, NULL),
(37, 'Вона, бідна, й не стісняв ні в чім.', 11, 1, NULL),
(38, 'Але й боярин сидів тепер якийсь.', 11, 0, NULL),
(39, 'Невже ж ти так хвалишся! - Бо зважай.', 11, 1, NULL),
(40, 'Правда, боярине, до тебе - закличуть.', 12, 1, NULL),
(41, 'Раптом медведиця вхопила в передні.', 12, 1, NULL),
(42, 'Тугар Вовк. - Говори! сказав боярин.', 12, 0, NULL),
(43, 'Сей ланцюг - то будуть їм могли багато.', 12, 1, NULL),
(44, 'Пети, відділилася від головної орди в.', 13, 1, NULL),
(45, 'Захара, сказані грізним, піднесеним.', 13, 1, NULL),
(46, 'Калкою. - І ти їм хочеш видати.', 14, 1, NULL),
(47, 'Вона може нас зробити трупами, але не.', 14, 0, NULL),
(48, 'Невже ж зухвалість ваша така безмежна.', 14, 1, NULL),
(49, 'Невже ж таки, чесні сусіди, моє слово.', 14, 0, NULL),
(50, 'Тоді, не зупиняючись довше, він велів.', 15, 1, NULL),
(51, 'Перейшовши на арпадський бік, я вдарю.', 15, 1, NULL),
(52, 'Зламана у них давня відвага.', 15, 1, NULL),
(53, 'Бояри, покинувши свої становища.', 15, 0, NULL),
(54, 'Прихильний засуд значить признання не.', 16, 1, NULL),
(55, 'Зійшли вже на долину. Під водопадом.', 16, 1, NULL),
(56, 'Дух бунту і непокори живе в народі.', 16, 0, NULL),
(57, 'Лиш сього - (показав на Максима) не.', 17, 1, NULL),
(58, 'За хатами стояли стайні та інші.', 17, 1, NULL),
(59, 'Чому вона - червона? Бо значить кров!.', 17, 0, NULL),
(60, 'Беркута,- діти слухають тривожно, в їх.', 17, 0, NULL),
(61, 'Але нехай собі! Думка поета летить у.', 18, 1, NULL),
(62, 'Він не тільки тратили часть своїх.', 18, 0, NULL),
(63, 'При вході в долину аж над самі ріки.', 18, 1, NULL),
(64, 'Лице його ясніло. Він підніс руку.', 18, 0, NULL),
(65, 'Тугар Вовк скликав знатніших їх.', 19, 1, NULL),
(66, 'Максим. Він добре каже! Він урятував.', 19, 1, NULL),
(67, 'Вовк, а другу Максим. Мирослава з.', 20, 1, NULL),
(68, 'Гаряче слово і велика повага Захара.', 20, 1, NULL),
(69, 'А зв\'язки ті були тоді ще досить живі.', 20, 0, NULL),
(70, 'Добре, коли така ваша воля,сказав.', 20, 1, NULL),
(71, 'Максим держався тепер позаду бояр; він.', 20, 1, NULL),
(72, 'Княжий післанець прибув пізненько наші.', 21, 1, NULL),
(73, 'Гурра, Максим! Гурра, Тухольщи-на!.', 21, 1, NULL),
(74, 'Ану, мої слуги, ходімо з сього.', 21, 1, NULL),
(75, 'Вся громада - приступом на остінок.', 21, 0, NULL),
(76, 'Бескида та через те щез він ловцям з.', 22, 1, NULL),
(77, 'У смертельній тривозі, яка й.', 22, 0, NULL),
(78, 'Понад тим ланцюгом повівала червона.', 22, 0, NULL),
(79, 'Тугар Вовк, - обертаючись лицем до.', 23, 1, NULL),
(80, 'Акинтія, і одверто розповів йому про.', 23, 0, NULL),
(81, 'Максим Беркут посеред невеличкої.', 23, 0, NULL),
(82, 'Нараз захрустів лім і грізно-люто.', 24, 1, NULL),
(83, 'Він підняв Мирославу і міцно притиснув.', 24, 0, NULL),
(84, 'Мимоволі стрепенулася тухольська.', 25, 1, NULL),
(85, 'Се чисто розбійницькі війни. - Я чув.', 25, 1, NULL),
(86, 'Говори про себе, не розуміючи того, що.', 26, 1, NULL),
(87, 'Мій і ваш пан князь Данило дарував.', 26, 0, NULL),
(88, 'Морани, богині смерті. Але коли.', 27, 1, NULL),
(89, 'Кажуть, що колись Морана ще раз.', 27, 0, NULL),
(90, 'А рівночасно з двох боків піднято на.', 27, 1, NULL),
(91, 'Забризкала кров, залунали крики і.', 27, 0, NULL),
(92, 'Захар розу^ мів добре, що його батько.', 28, 1, NULL),
(93, 'Захар устав і, звертаючись до громади.', 28, 0, NULL),
(94, 'Я просив у тебе б свій батько, і, як.', 28, 1, NULL),
(95, 'Вони не тільки лікарем, але й не.', 28, 1, NULL),
(96, 'Та ледве Мирослава могла дослідити, що.', 28, 1, NULL),
(97, 'Гі не потрібно. Я - потребую такої.', 29, 1, NULL),
(98, 'І «проганяєш наших пастухів, убиваєш.', 29, 1, NULL),
(99, 'Серце його - найвірнішим лучником.', 30, 1, NULL),
(100, 'Хіба ти - забула, що ти присвоюєш собі.', 30, 0, NULL),
(101, 'Ану ж боярин зуміє підмовити князя.', 30, 1, NULL),
(102, 'Поки один стояв при тих словах, щоб.', 30, 1, NULL),
(103, 'Дивна недослідна, а всім чутна тривога.', 31, 1, NULL),
(104, 'Потім глянув долі вивозом і не сміла.', 31, 0, NULL),
(105, 'Одна - пішла на захід, мабуть, під.', 31, 1, NULL),
(106, 'Морана не має ніякої і не доводити.', 31, 1, NULL),
(107, 'Сонце праведне! кликнув у своїй.', 31, 0, NULL),
(108, 'Не тикай, боярине, наших земель і його.', 32, 1, NULL),
(109, 'До зброї, браття, до зброї! Монголи!.', 32, 1, NULL),
(110, 'Тухольщини і дав їм знайти праву.', 32, 1, NULL),
(111, 'Княжий післанець прибув пізненько наші.', 32, 0, NULL),
(112, 'По обох боках остінка. Раптом, мов на.', 32, 0, NULL),
(113, 'Смерком уже їхало вузьким плаєм поверх.', 33, 1, NULL),
(114, 'Се були стіни без вікон і дверей, тож.', 33, 1, NULL),
(115, 'Який ти страшний, таточку,прошепотіла.', 33, 0, NULL),
(116, 'А - може… може, й він міг би послужити.', 33, 0, NULL),
(117, 'Тугар Вовк, - обертаючись лицем до.', 33, 1, NULL),
(118, 'Так. - А прецінь нас скривдив, отою.', 34, 1, NULL),
(119, 'Ціла околиця раптом ожила; дно озера.', 34, 0, NULL),
(120, 'Луна покотилася полонинами.', 34, 1, NULL),
(121, 'А товариші гнали слідом за ними.', 34, 0, NULL),
(122, 'Сонце доходило вже полудня і стояло.', 34, 0, NULL),
(123, 'Я боярин князя Данила,гордо відповідав.', 35, 1, NULL),
(124, 'Калкою зрадив Русь монголам, виявивши.', 35, 1, NULL),
(125, 'Післанці з угро-руських громад.', 35, 1, NULL),
(126, 'Величезним скоком підплигнув медвідь і.', 35, 0, NULL),
(127, 'Від якого царя приносиш нам вісти?.', 36, 1, NULL),
(128, 'Від скал, що затіснювали виплив потоку.', 36, 1, NULL),
(129, 'Але Тугар Вовк з подивом, майже зо.', 36, 1, NULL),
(130, 'По шляху надійшла тульська ватага і.', 37, 1, NULL),
(131, 'Але, на щастя, боярина не - хоче.', 37, 0, NULL),
(132, 'Тугар Вовк і Мирослава зуміє додержати.', 37, 0, NULL),
(133, 'Шумно збиралася мо-лодіж і ставала.', 37, 0, NULL),
(134, 'Не вспіли вівчарі до ладу розказати.', 38, 1, NULL),
(135, 'Мов один величезний камінь, випущений.', 38, 1, NULL),
(136, 'Твій батько має велику вдасть над.', 38, 0, NULL),
(137, 'Очевидно, провадив їх хтось добре.', 38, 0, NULL),
(138, 'Максим узяв їх на руки і вони ж мали б.', 39, 1, NULL),
(139, 'Гурра! закричали радісно молодці.', 39, 0, NULL),
(140, 'Заграли труби, і завили дикими.', 40, 1, NULL),
(141, 'Ти, старче, не знаєш усього того, і.', 40, 0, NULL),
(142, 'це спеціальна конструкція, яка використовується для групування пов\'язаних змінних та функцій.', 1, 1, NULL),
(143, 'це функція, що дає змогу отримати значення глобальних змінних.', 1, 0, NULL),
(144, 'це макет, по якому можна створювати об\'єкти.', 1, 1, NULL),
(145, 'Лише 1', 2, 0, NULL),
(146, 'Скільки потрібно', 2, 1, NULL),
(147, 'Скільки визначить програміст', 2, 0, NULL);

-- --------------------------------------------------------

--
-- Table structure for table `asked_questions`
--

CREATE TABLE `asked_questions` (
  `id` bigint(20) UNSIGNED NOT NULL,
  `test_result_id` bigint(20) UNSIGNED NOT NULL,
  `question_id` bigint(20) UNSIGNED NOT NULL
) ENGINE=InnoDB DEFAULT CHARSET=utf8mb4 COLLATE=utf8mb4_unicode_ci;

--
-- Dumping data for table `asked_questions`
--

INSERT INTO `asked_questions` (`id`, `test_result_id`, `question_id`) VALUES
(1, 1, 2),
(2, 1, 1),
(3, 2, 18),
(4, 2, 34),
(5, 2, 3),
(6, 2, 29),
(7, 2, 6),
(8, 2, 9),
(9, 2, 39),
(10, 2, 13),
(11, 3, 18),
(12, 3, 39),
(13, 3, 9),
(14, 3, 34),
(15, 3, 3),
(16, 3, 13),
(17, 3, 6),
(18, 3, 29),
(19, 4, 37),
(20, 4, 32),
(21, 4, 24),
(22, 5, 38),
(23, 5, 5),
(24, 5, 40),
(25, 5, 4),
(26, 5, 35),
(27, 5, 26),
(28, 5, 22),
(29, 5, 30),
(30, 5, 25),
(31, 5, 10),
(32, 5, 19),
(33, 5, 21),
(34, 5, 28),
(35, 5, 36),
(36, 6, 7),
(37, 6, 8),
(38, 6, 27),
(39, 7, 39),
(40, 7, 13),
(41, 7, 6),
(42, 7, 3),
(43, 7, 18),
(44, 7, 29),
(45, 7, 34),
(46, 7, 9),
(47, 8, 31),
(48, 8, 33),
(49, 8, 20),
(50, 8, 12),
(51, 8, 11),
(52, 8, 16),
(53, 8, 14),
(54, 8, 15),
(55, 8, 17),
(56, 8, 23),
(57, 9, 17),
(58, 9, 20),
(59, 9, 14),
(60, 9, 33),
(61, 9, 11),
(62, 9, 12),
(63, 9, 16),
(64, 9, 31),
(65, 9, 23),
(66, 9, 15),
(67, 10, 6),
(68, 10, 18),
(69, 10, 3),
(70, 10, 29),
(71, 10, 34),
(72, 10, 13),
(73, 10, 9),
(74, 10, 39),
(75, 11, 37),
(76, 11, 24),
(77, 11, 32),
(78, 12, 1),
(79, 12, 2),
(80, 13, 8),
(81, 13, 27),
(82, 13, 7),
(83, 14, 30),
(84, 14, 19),
(85, 14, 10),
(86, 14, 28),
(87, 14, 25),
(88, 14, 22),
(89, 14, 35),
(90, 14, 40),
(91, 14, 38),
(92, 14, 21),
(93, 14, 4),
(94, 14, 5),
(95, 14, 36),
(96, 14, 26),
(97, 15, 35),
(98, 15, 36),
(99, 15, 4),
(100, 15, 22),
(101, 15, 38),
(102, 15, 26),
(103, 15, 28),
(104, 15, 19),
(105, 15, 10),
(106, 15, 30),
(107, 15, 5),
(108, 15, 40),
(109, 15, 25),
(110, 15, 21),
(111, 16, 20),
(112, 16, 31),
(113, 16, 23),
(114, 16, 14),
(115, 16, 15),
(116, 16, 11),
(117, 16, 16),
(118, 16, 33),
(119, 16, 17),
(120, 16, 12),
(121, 17, 1),
(122, 17, 2),
(123, 18, 24),
(124, 18, 37),
(125, 18, 32),
(126, 19, 24),
(127, 19, 32),
(128, 19, 37),
(129, 20, 14),
(130, 20, 11),
(131, 20, 31),
(132, 20, 33),
(133, 20, 12),
(134, 20, 20),
(135, 20, 23),
(136, 20, 17),
(137, 20, 15),
(138, 20, 16),
(139, 21, 33),
(140, 21, 12),
(141, 21, 20),
(142, 21, 16),
(143, 21, 31),
(144, 21, 17),
(145, 21, 23),
(146, 21, 14),
(147, 21, 11),
(148, 21, 15),
(149, 22, 27),
(150, 22, 8),
(151, 22, 7),
(152, 23, 8),
(153, 23, 7),
(154, 23, 27),
(155, 24, 27),
(156, 24, 8),
(157, 24, 7),
(158, 25, 1),
(159, 25, 2),
(160, 26, 7),
(161, 26, 8),
(162, 26, 27),
(163, 27, 8),
(164, 27, 7),
(165, 27, 27),
(166, 28, 8),
(167, 28, 7),
(168, 28, 27),
(169, 29, 36),
(170, 29, 4),
(171, 29, 30),
(172, 29, 21),
(173, 29, 22),
(174, 29, 35),
(175, 29, 38),
(176, 29, 40),
(177, 29, 5),
(178, 29, 25),
(179, 29, 28),
(180, 29, 26),
(181, 29, 10),
(182, 29, 19),
(183, 30, 2),
(184, 30, 1),
(185, 31, 1),
(186, 31, 2),
(187, 32, 23),
(188, 32, 11),
(189, 32, 31),
(190, 32, 15),
(191, 32, 12),
(192, 32, 16),
(193, 32, 20),
(194, 32, 17),
(195, 32, 14),
(196, 32, 33),
(197, 33, 24),
(198, 33, 32),
(199, 33, 37),
(200, 34, 1),
(201, 34, 2),
(202, 35, 8),
(203, 35, 7),
(204, 35, 27),
(205, 36, 7),
(206, 36, 8),
(207, 36, 27),
(208, 37, 20),
(209, 37, 15),
(210, 37, 31),
(211, 37, 33),
(212, 37, 16),
(213, 37, 12),
(214, 37, 11),
(215, 37, 23),
(216, 37, 17),
(217, 37, 14),
(218, 38, 2),
(219, 38, 1),
(220, 39, 8),
(221, 39, 7),
(222, 39, 27),
(223, 40, 9),
(224, 40, 29),
(225, 40, 34),
(226, 40, 3),
(227, 40, 13),
(228, 40, 39),
(229, 40, 6),
(230, 40, 18),
(231, 41, 29),
(232, 41, 6),
(233, 41, 34),
(234, 41, 39),
(235, 41, 18),
(236, 41, 3),
(237, 41, 13),
(238, 41, 9),
(239, 42, 33),
(240, 42, 23),
(241, 42, 17),
(242, 42, 14),
(243, 42, 20),
(244, 42, 15),
(245, 42, 16),
(246, 42, 11),
(247, 42, 12),
(248, 42, 31),
(249, 43, 36),
(250, 43, 4),
(251, 43, 40),
(252, 43, 35),
(253, 43, 5),
(254, 43, 25),
(255, 43, 19),
(256, 43, 30),
(257, 43, 21),
(258, 43, 10),
(259, 43, 22),
(260, 43, 28),
(261, 43, 26),
(262, 43, 38),
(263, 44, 34),
(264, 44, 9),
(265, 44, 3),
(266, 44, 39),
(267, 44, 18),
(268, 44, 29),
(269, 44, 6),
(270, 44, 13),
(271, 45, 5),
(272, 45, 10),
(273, 45, 35),
(274, 45, 25),
(275, 45, 40),
(276, 45, 38),
(277, 45, 28),
(278, 45, 4),
(279, 45, 26),
(280, 45, 30),
(281, 45, 19),
(282, 45, 22),
(283, 45, 21),
(284, 45, 36),
(285, 46, 6),
(286, 46, 34),
(287, 46, 13),
(288, 46, 9),
(289, 46, 29),
(290, 46, 18),
(291, 46, 3),
(292, 46, 39),
(293, 47, 5),
(294, 47, 36),
(295, 47, 38),
(296, 47, 40),
(297, 47, 22),
(298, 47, 28),
(299, 47, 25),
(300, 47, 4),
(301, 47, 26),
(302, 47, 19),
(303, 47, 35),
(304, 47, 30),
(305, 47, 10),
(306, 47, 21),
(307, 48, 33),
(308, 48, 23),
(309, 48, 20),
(310, 48, 14),
(311, 48, 16),
(312, 48, 31),
(313, 48, 12),
(314, 48, 15),
(315, 48, 11),
(316, 48, 17),
(317, 49, 28),
(318, 49, 19),
(319, 49, 36),
(320, 49, 4),
(321, 49, 38),
(322, 49, 35),
(323, 49, 10),
(324, 49, 5),
(325, 49, 25),
(326, 49, 22),
(327, 49, 40),
(328, 49, 30),
(329, 49, 26),
(330, 49, 21),
(331, 50, 29),
(332, 50, 9),
(333, 50, 3),
(334, 50, 39),
(335, 50, 34),
(336, 50, 18),
(337, 50, 6),
(338, 50, 13),
(339, 51, 1),
(340, 51, 2),
(341, 52, 16),
(342, 52, 20),
(343, 52, 31),
(344, 52, 23),
(345, 52, 17),
(346, 52, 14),
(347, 52, 15),
(348, 52, 12),
(349, 52, 11),
(350, 52, 33),
(351, 53, 18),
(352, 53, 3),
(353, 53, 29),
(354, 53, 34),
(355, 53, 13),
(356, 53, 9),
(357, 53, 39),
(358, 53, 6),
(359, 54, 7),
(360, 54, 27),
(361, 54, 8),
(362, 55, 8),
(363, 55, 27),
(364, 55, 7),
(365, 56, 29),
(366, 56, 6),
(367, 56, 13),
(368, 56, 18),
(369, 56, 34),
(370, 56, 39),
(371, 56, 9),
(372, 56, 3),
(373, 57, 13),
(374, 57, 3),
(375, 57, 6),
(376, 57, 39),
(377, 57, 29),
(378, 57, 34),
(379, 57, 18),
(380, 57, 9),
(381, 58, 32),
(382, 58, 24),
(383, 58, 37),
(384, 59, 17),
(385, 59, 14),
(386, 59, 23),
(387, 59, 31),
(388, 59, 16),
(389, 59, 33),
(390, 59, 11),
(391, 59, 12),
(392, 59, 15),
(393, 59, 20),
(394, 60, 8),
(395, 60, 27),
(396, 60, 7),
(397, 61, 3),
(398, 61, 34),
(399, 61, 13),
(400, 61, 6),
(401, 61, 39),
(402, 61, 9),
(403, 61, 29),
(404, 61, 18),
(405, 62, 7),
(406, 62, 27),
(407, 62, 8),
(408, 63, 12),
(409, 63, 33),
(410, 63, 20),
(411, 63, 23),
(412, 63, 17),
(413, 63, 16),
(414, 63, 31),
(415, 63, 15),
(416, 63, 14),
(417, 63, 11),
(418, 64, 2),
(419, 64, 1),
(420, 65, 6),
(421, 65, 18),
(422, 65, 9),
(423, 65, 39),
(424, 65, 29),
(425, 65, 34),
(426, 65, 13),
(427, 65, 3),
(428, 66, 23),
(429, 66, 15),
(430, 66, 16),
(431, 66, 12),
(432, 66, 17),
(433, 66, 11),
(434, 66, 31),
(435, 66, 14),
(436, 66, 33),
(437, 66, 20),
(438, 67, 22),
(439, 67, 38),
(440, 67, 5),
(441, 67, 30),
(442, 67, 28),
(443, 67, 25),
(444, 67, 40),
(445, 67, 4),
(446, 67, 36),
(447, 67, 21),
(448, 67, 35),
(449, 67, 10),
(450, 67, 19),
(451, 67, 26),
(452, 68, 7),
(453, 68, 27),
(454, 68, 8),
(455, 69, 5),
(456, 69, 30),
(457, 69, 19),
(458, 69, 40),
(459, 69, 22),
(460, 69, 38),
(461, 69, 25),
(462, 69, 21),
(463, 69, 4),
(464, 69, 28),
(465, 69, 35),
(466, 69, 10),
(467, 69, 36),
(468, 69, 26),
(469, 70, 23),
(470, 70, 33),
(471, 70, 16),
(472, 70, 31),
(473, 70, 14),
(474, 70, 11),
(475, 70, 15),
(476, 70, 12),
(477, 70, 20),
(478, 70, 17),
(479, 71, 19),
(480, 71, 26),
(481, 71, 36),
(482, 71, 4),
(483, 71, 10),
(484, 71, 22),
(485, 71, 25),
(486, 71, 40),
(487, 71, 5),
(488, 71, 35),
(489, 71, 28),
(490, 71, 30),
(491, 71, 38),
(492, 71, 21),
(493, 72, 11),
(494, 72, 31),
(495, 72, 12),
(496, 72, 16),
(497, 72, 14),
(498, 72, 17),
(499, 72, 33),
(500, 72, 20),
(501, 72, 15),
(502, 72, 23),
(503, 73, 12),
(504, 73, 17),
(505, 73, 15),
(506, 73, 23),
(507, 73, 31),
(508, 73, 20),
(509, 73, 14),
(510, 73, 16),
(511, 73, 11),
(512, 73, 33),
(513, 74, 7),
(514, 74, 8),
(515, 74, 27),
(516, 75, 2),
(517, 75, 1),
(518, 76, 6),
(519, 76, 39),
(520, 76, 34),
(521, 76, 3),
(522, 76, 13),
(523, 76, 18),
(524, 76, 9),
(525, 76, 29),
(526, 77, 7),
(527, 77, 8),
(528, 77, 27),
(529, 78, 33),
(530, 78, 14),
(531, 78, 15),
(532, 78, 16),
(533, 78, 31),
(534, 78, 11),
(535, 78, 17),
(536, 78, 12),
(537, 78, 23),
(538, 78, 20),
(539, 79, 37),
(540, 79, 32),
(541, 79, 24),
(542, 80, 13),
(543, 80, 6),
(544, 80, 18),
(545, 80, 34),
(546, 80, 29),
(547, 80, 3),
(548, 80, 9),
(549, 80, 39),
(550, 81, 37),
(551, 81, 24),
(552, 81, 32),
(553, 82, 10),
(554, 82, 5),
(555, 82, 40),
(556, 82, 26),
(557, 82, 38),
(558, 82, 25),
(559, 82, 4),
(560, 82, 36),
(561, 82, 21),
(562, 82, 28),
(563, 82, 30),
(564, 82, 35),
(565, 82, 22),
(566, 82, 19),
(567, 83, 1),
(568, 83, 2),
(569, 84, 2),
(570, 84, 1),
(571, 85, 1),
(572, 85, 2),
(573, 86, 24),
(574, 86, 32),
(575, 86, 37),
(576, 87, 22),
(577, 87, 19),
(578, 87, 28),
(579, 87, 21),
(580, 87, 35),
(581, 87, 10),
(582, 87, 38),
(583, 87, 25),
(584, 87, 4),
(585, 87, 36),
(586, 87, 26),
(587, 87, 30),
(588, 87, 40),
(589, 87, 5),
(590, 88, 5),
(591, 88, 25),
(592, 88, 10),
(593, 88, 4),
(594, 88, 28),
(595, 88, 40),
(596, 88, 26),
(597, 88, 35),
(598, 88, 19),
(599, 88, 36),
(600, 88, 38),
(601, 88, 21),
(602, 88, 22),
(603, 88, 30),
(604, 89, 8),
(605, 89, 27),
(606, 89, 7),
(607, 90, 27),
(608, 90, 8),
(609, 90, 7),
(610, 91, 34),
(611, 91, 39),
(612, 91, 29),
(613, 91, 9),
(614, 91, 13),
(615, 91, 18),
(616, 91, 3),
(617, 91, 6),
(618, 92, 19),
(619, 92, 40),
(620, 92, 30),
(621, 92, 38),
(622, 92, 10),
(623, 92, 4),
(624, 92, 26),
(625, 92, 22),
(626, 92, 21),
(627, 92, 35),
(628, 92, 36),
(629, 92, 5),
(630, 92, 28),
(631, 92, 25),
(632, 93, 29),
(633, 93, 39),
(634, 93, 6),
(635, 93, 13),
(636, 93, 34),
(637, 93, 9),
(638, 93, 18),
(639, 93, 3),
(640, 94, 8),
(641, 94, 27),
(642, 94, 7),
(643, 95, 39),
(644, 95, 29),
(645, 95, 3),
(646, 95, 9),
(647, 95, 13),
(648, 95, 6),
(649, 95, 34),
(650, 95, 18),
(651, 96, 33),
(652, 96, 11),
(653, 96, 14),
(654, 96, 20),
(655, 96, 16),
(656, 96, 12),
(657, 96, 15),
(658, 96, 17),
(659, 96, 23),
(660, 96, 31),
(661, 97, 27),
(662, 97, 7),
(663, 97, 8),
(664, 98, 32),
(665, 98, 24),
(666, 98, 37),
(667, 99, 17),
(668, 99, 31),
(669, 99, 12),
(670, 99, 23),
(671, 99, 20),
(672, 99, 33),
(673, 99, 11),
(674, 99, 16),
(675, 99, 14),
(676, 99, 15),
(677, 100, 27),
(678, 100, 8),
(679, 100, 7),
(680, 101, 23),
(681, 101, 33),
(682, 101, 17),
(683, 101, 11),
(684, 101, 31),
(685, 101, 12),
(686, 101, 16),
(687, 101, 14),
(688, 101, 15),
(689, 101, 20),
(690, 102, 27),
(691, 102, 7),
(692, 102, 8),
(693, 103, 40),
(694, 103, 19),
(695, 103, 10),
(696, 103, 30),
(697, 103, 5),
(698, 103, 35),
(699, 103, 4),
(700, 103, 36),
(701, 103, 28),
(702, 103, 38),
(703, 103, 21),
(704, 103, 22),
(705, 103, 26),
(706, 103, 25),
(707, 104, 2),
(708, 104, 1),
(709, 105, 6),
(710, 105, 3),
(711, 105, 9),
(712, 105, 39),
(713, 105, 13),
(714, 105, 29),
(715, 105, 34),
(716, 105, 18),
(717, 106, 18),
(718, 106, 13),
(719, 106, 39),
(720, 106, 3),
(721, 106, 6),
(722, 106, 34),
(723, 106, 9),
(724, 106, 29),
(725, 107, 14),
(726, 107, 20),
(727, 107, 11),
(728, 107, 16),
(729, 107, 12),
(730, 107, 23),
(731, 107, 17),
(732, 107, 33),
(733, 107, 31),
(734, 107, 15),
(735, 108, 7),
(736, 108, 8),
(737, 108, 27),
(738, 109, 12),
(739, 109, 31),
(740, 109, 23),
(741, 109, 11),
(742, 109, 33),
(743, 109, 16),
(744, 109, 17),
(745, 109, 14),
(746, 109, 20),
(747, 109, 15),
(748, 110, 32),
(749, 110, 24),
(750, 110, 37),
(751, 111, 10),
(752, 111, 28),
(753, 111, 26),
(754, 111, 5),
(755, 111, 25),
(756, 111, 40),
(757, 111, 35),
(758, 111, 22),
(759, 111, 19),
(760, 111, 36),
(761, 111, 38),
(762, 111, 4),
(763, 111, 30),
(764, 111, 21),
(765, 112, 24),
(766, 112, 32),
(767, 112, 37),
(768, 113, 1),
(769, 113, 2),
(770, 114, 37),
(771, 114, 32),
(772, 114, 24),
(773, 115, 18),
(774, 115, 3),
(775, 115, 13),
(776, 115, 39),
(777, 115, 29),
(778, 115, 9),
(779, 115, 6),
(780, 115, 34),
(781, 116, 37),
(782, 116, 32),
(783, 116, 24),
(784, 117, 1),
(785, 117, 2),
(786, 118, 32),
(787, 118, 37),
(788, 118, 24),
(789, 119, 36),
(790, 119, 30),
(791, 119, 19),
(792, 119, 28),
(793, 119, 40),
(794, 119, 22),
(795, 119, 5),
(796, 119, 38),
(797, 119, 21),
(798, 119, 25),
(799, 119, 35),
(800, 119, 4),
(801, 119, 26),
(802, 119, 10),
(803, 120, 20),
(804, 120, 12),
(805, 120, 33),
(806, 120, 17),
(807, 120, 11),
(808, 120, 15),
(809, 120, 14),
(810, 120, 16),
(811, 120, 23),
(812, 120, 31),
(813, 121, 1),
(814, 121, 2),
(815, 122, 8),
(816, 122, 27),
(817, 122, 7),
(818, 123, 39),
(819, 123, 9),
(820, 123, 6),
(821, 123, 13),
(822, 123, 3),
(823, 123, 29),
(824, 123, 18),
(825, 123, 34),
(826, 124, 33),
(827, 124, 14),
(828, 124, 12),
(829, 124, 23),
(830, 124, 15),
(831, 124, 31),
(832, 124, 16),
(833, 124, 11),
(834, 124, 20),
(835, 124, 17),
(836, 125, 2),
(837, 125, 1),
(838, 126, 2),
(839, 126, 1),
(840, 127, 8),
(841, 127, 27),
(842, 127, 7),
(843, 128, 3),
(844, 128, 18),
(845, 128, 29),
(846, 128, 34),
(847, 128, 13),
(848, 128, 39),
(849, 128, 6),
(850, 128, 9),
(851, 129, 20),
(852, 129, 31),
(853, 129, 11),
(854, 129, 17),
(855, 129, 33),
(856, 129, 23),
(857, 129, 16),
(858, 129, 14),
(859, 129, 12),
(860, 129, 15),
(861, 130, 39),
(862, 130, 34),
(863, 130, 18),
(864, 130, 13),
(865, 130, 9),
(866, 130, 3),
(867, 130, 29),
(868, 130, 6),
(869, 131, 2),
(870, 131, 1),
(871, 132, 29),
(872, 132, 6),
(873, 132, 3),
(874, 132, 13),
(875, 132, 39),
(876, 132, 34),
(877, 132, 9),
(878, 132, 18),
(879, 133, 28),
(880, 133, 25),
(881, 133, 4),
(882, 133, 38),
(883, 133, 21),
(884, 133, 35),
(885, 133, 22),
(886, 133, 5),
(887, 133, 26),
(888, 133, 19),
(889, 133, 36),
(890, 133, 10),
(891, 133, 40),
(892, 133, 30),
(893, 134, 32),
(894, 134, 24),
(895, 134, 37),
(896, 135, 24),
(897, 135, 32),
(898, 135, 37),
(899, 136, 7),
(900, 136, 8),
(901, 136, 27),
(902, 137, 11),
(903, 137, 31),
(904, 137, 23),
(905, 137, 16),
(906, 137, 14),
(907, 137, 12),
(908, 137, 17),
(909, 137, 33),
(910, 137, 15),
(911, 137, 20),
(912, 138, 39),
(913, 138, 18),
(914, 138, 34),
(915, 138, 3),
(916, 138, 6),
(917, 138, 9),
(918, 138, 29),
(919, 138, 13),
(920, 139, 24),
(921, 139, 37),
(922, 139, 32),
(923, 140, 7),
(924, 140, 27),
(925, 140, 8),
(926, 141, 32),
(927, 141, 37),
(928, 141, 24),
(929, 142, 16),
(930, 142, 33),
(931, 142, 12),
(932, 142, 23),
(933, 142, 31),
(934, 142, 14),
(935, 142, 11),
(936, 142, 17),
(937, 142, 20),
(938, 142, 15),
(939, 143, 8),
(940, 143, 7),
(941, 143, 27),
(942, 144, 6),
(943, 144, 18),
(944, 144, 34),
(945, 144, 9),
(946, 144, 13),
(947, 144, 39),
(948, 144, 29),
(949, 144, 3),
(950, 145, 35),
(951, 145, 30),
(952, 145, 4),
(953, 145, 19),
(954, 145, 5),
(955, 145, 26),
(956, 145, 40),
(957, 145, 28),
(958, 145, 22),
(959, 145, 25),
(960, 145, 38),
(961, 145, 36),
(962, 145, 10),
(963, 145, 21),
(964, 146, 24),
(965, 146, 32),
(966, 146, 37),
(967, 147, 1),
(968, 147, 2),
(969, 148, 28),
(970, 148, 26),
(971, 148, 5),
(972, 148, 35),
(973, 148, 21),
(974, 148, 19),
(975, 148, 22),
(976, 148, 36),
(977, 148, 38),
(978, 148, 4),
(979, 148, 10),
(980, 148, 25),
(981, 148, 30),
(982, 148, 40),
(983, 149, 20),
(984, 149, 31),
(985, 149, 11),
(986, 149, 17),
(987, 149, 33),
(988, 149, 15),
(989, 149, 16),
(990, 149, 12),
(991, 149, 14),
(992, 149, 23),
(993, 150, 1),
(994, 150, 2),
(995, 151, 32),
(996, 151, 24),
(997, 151, 37),
(998, 152, 21),
(999, 152, 30),
(1000, 152, 26),
(1001, 152, 36),
(1002, 152, 25),
(1003, 152, 35),
(1004, 152, 40),
(1005, 152, 19),
(1006, 152, 28),
(1007, 152, 22),
(1008, 152, 4),
(1009, 152, 10),
(1010, 152, 5),
(1011, 152, 38),
(1012, 153, 28),
(1013, 153, 5),
(1014, 153, 19),
(1015, 153, 40),
(1016, 153, 36),
(1017, 153, 26),
(1018, 153, 35),
(1019, 153, 22),
(1020, 153, 38),
(1021, 153, 30),
(1022, 153, 4),
(1023, 153, 25),
(1024, 153, 10),
(1025, 153, 21),
(1026, 154, 1),
(1027, 154, 2),
(1028, 155, 26),
(1029, 155, 5),
(1030, 155, 4),
(1031, 155, 19),
(1032, 155, 40),
(1033, 155, 35),
(1034, 155, 22),
(1035, 155, 36),
(1036, 155, 25),
(1037, 155, 30),
(1038, 155, 28),
(1039, 155, 21),
(1040, 155, 10),
(1041, 155, 38),
(1042, 156, 24),
(1043, 156, 32),
(1044, 156, 37),
(1045, 157, 1),
(1046, 157, 2),
(1047, 158, 27),
(1048, 158, 8),
(1049, 158, 7),
(1050, 159, 7),
(1051, 159, 8),
(1052, 159, 27),
(1053, 160, 14),
(1054, 160, 15),
(1055, 160, 17),
(1056, 160, 16),
(1057, 160, 11),
(1058, 160, 33),
(1059, 160, 12),
(1060, 160, 31),
(1061, 160, 20),
(1062, 160, 23),
(1063, 161, 27),
(1064, 161, 8),
(1065, 161, 7),
(1066, 162, 37),
(1067, 162, 24),
(1068, 162, 32),
(1069, 163, 32),
(1070, 163, 37),
(1071, 163, 24),
(1072, 164, 1),
(1073, 164, 2),
(1074, 165, 31),
(1075, 165, 11),
(1076, 165, 12),
(1077, 165, 16),
(1078, 165, 14),
(1079, 165, 17),
(1080, 165, 20),
(1081, 165, 33),
(1082, 165, 23),
(1083, 165, 15),
(1084, 166, 32),
(1085, 166, 24),
(1086, 166, 37),
(1087, 167, 30),
(1088, 167, 26),
(1089, 167, 36),
(1090, 167, 4),
(1091, 167, 35),
(1092, 167, 19),
(1093, 167, 21),
(1094, 167, 5),
(1095, 167, 28),
(1096, 167, 40),
(1097, 167, 10),
(1098, 167, 22),
(1099, 167, 38),
(1100, 167, 25),
(1101, 168, 19),
(1102, 168, 38),
(1103, 168, 40),
(1104, 168, 25),
(1105, 168, 26),
(1106, 168, 28),
(1107, 168, 36),
(1108, 168, 21),
(1109, 168, 35),
(1110, 168, 5),
(1111, 168, 22),
(1112, 168, 10),
(1113, 168, 4),
(1114, 168, 30),
(1115, 169, 12),
(1116, 169, 33),
(1117, 169, 11),
(1118, 169, 31),
(1119, 169, 14),
(1120, 169, 17),
(1121, 169, 16),
(1122, 169, 23),
(1123, 169, 20),
(1124, 169, 15),
(1125, 170, 1),
(1126, 170, 2),
(1127, 171, 27),
(1128, 171, 7),
(1129, 171, 8),
(1130, 172, 1),
(1131, 172, 2),
(1132, 173, 12),
(1133, 173, 14),
(1134, 173, 31),
(1135, 173, 33),
(1136, 173, 20),
(1137, 173, 16),
(1138, 173, 15),
(1139, 173, 17),
(1140, 173, 23),
(1141, 173, 11),
(1142, 174, 28),
(1143, 174, 26),
(1144, 174, 22),
(1145, 174, 30),
(1146, 174, 38),
(1147, 174, 5),
(1148, 174, 35),
(1149, 174, 4),
(1150, 174, 10),
(1151, 174, 40),
(1152, 174, 19),
(1153, 174, 36),
(1154, 174, 25),
(1155, 174, 21),
(1156, 175, 13),
(1157, 175, 29),
(1158, 175, 6),
(1159, 175, 3),
(1160, 175, 34),
(1161, 175, 18),
(1162, 175, 39),
(1163, 175, 9),
(1164, 176, 18),
(1165, 176, 13),
(1166, 176, 3),
(1167, 176, 39),
(1168, 176, 6),
(1169, 176, 9),
(1170, 176, 34),
(1171, 176, 29),
(1172, 177, 2),
(1173, 177, 1),
(1174, 178, 40),
(1175, 178, 10),
(1176, 178, 38),
(1177, 178, 4),
(1178, 178, 19),
(1179, 178, 26),
(1180, 178, 30),
(1181, 178, 36),
(1182, 178, 5),
(1183, 178, 35),
(1184, 178, 25),
(1185, 178, 28),
(1186, 178, 22),
(1187, 178, 21),
(1188, 179, 2),
(1189, 179, 1),
(1190, 180, 32),
(1191, 180, 24),
(1192, 180, 37),
(1193, 181, 15),
(1194, 181, 11),
(1195, 181, 17),
(1196, 181, 33),
(1197, 181, 14),
(1198, 181, 20),
(1199, 181, 31),
(1200, 181, 12),
(1201, 181, 23),
(1202, 181, 16),
(1203, 182, 11),
(1204, 182, 23),
(1205, 182, 33),
(1206, 182, 20),
(1207, 182, 12),
(1208, 182, 16),
(1209, 182, 31),
(1210, 182, 17),
(1211, 182, 15),
(1212, 182, 14),
(1213, 183, 32),
(1214, 183, 24),
(1215, 183, 37),
(1216, 184, 7),
(1217, 184, 27),
(1218, 184, 8),
(1219, 185, 24),
(1220, 185, 32),
(1221, 185, 37),
(1222, 186, 20),
(1223, 186, 31),
(1224, 186, 16),
(1225, 186, 33),
(1226, 186, 23),
(1227, 186, 17),
(1228, 186, 14),
(1229, 186, 15),
(1230, 186, 11),
(1231, 186, 12),
(1232, 187, 37),
(1233, 187, 24),
(1234, 187, 32),
(1235, 188, 1),
(1236, 188, 2),
(1237, 189, 10),
(1238, 189, 35),
(1239, 189, 30),
(1240, 189, 36),
(1241, 189, 5),
(1242, 189, 4),
(1243, 189, 38),
(1244, 189, 21),
(1245, 189, 25),
(1246, 189, 22),
(1247, 189, 19),
(1248, 189, 28),
(1249, 189, 26),
(1250, 189, 40),
(1251, 190, 31),
(1252, 190, 33),
(1253, 190, 11),
(1254, 190, 12),
(1255, 190, 16),
(1256, 190, 14),
(1257, 190, 17),
(1258, 190, 23),
(1259, 190, 20),
(1260, 190, 15),
(1261, 191, 1),
(1262, 191, 2),
(1263, 192, 22),
(1264, 192, 4),
(1265, 192, 21),
(1266, 192, 5),
(1267, 192, 30),
(1268, 192, 36),
(1269, 192, 26),
(1270, 192, 28),
(1271, 192, 40),
(1272, 192, 35),
(1273, 192, 10),
(1274, 192, 19),
(1275, 192, 38),
(1276, 192, 25),
(1277, 193, 1),
(1278, 193, 2),
(1279, 194, 1),
(1280, 194, 2),
(1281, 195, 31),
(1282, 195, 17),
(1283, 195, 11),
(1284, 195, 12),
(1285, 195, 15),
(1286, 195, 14),
(1287, 195, 33),
(1288, 195, 16),
(1289, 195, 23),
(1290, 195, 20),
(1291, 196, 32),
(1292, 196, 24),
(1293, 196, 37),
(1294, 197, 4),
(1295, 197, 35),
(1296, 197, 40),
(1297, 197, 21),
(1298, 197, 19),
(1299, 197, 28),
(1300, 197, 5),
(1301, 197, 25),
(1302, 197, 10),
(1303, 197, 26),
(1304, 197, 30),
(1305, 197, 22),
(1306, 197, 38),
(1307, 197, 36),
(1308, 198, 27),
(1309, 198, 7),
(1310, 198, 8),
(1311, 199, 11),
(1312, 199, 16),
(1313, 199, 17),
(1314, 199, 15),
(1315, 199, 33),
(1316, 199, 31),
(1317, 199, 12),
(1318, 199, 14),
(1319, 199, 20),
(1320, 199, 23),
(1321, 200, 14),
(1322, 200, 20),
(1323, 200, 17),
(1324, 200, 12),
(1325, 200, 16),
(1326, 200, 33),
(1327, 200, 31),
(1328, 200, 15),
(1329, 200, 11),
(1330, 200, 23),
(1331, 201, 24),
(1332, 201, 37),
(1333, 201, 32),
(1334, 202, 24),
(1335, 202, 37),
(1336, 202, 32),
(1337, 203, 24),
(1338, 203, 32),
(1339, 203, 37),
(1340, 204, 29),
(1341, 204, 3),
(1342, 204, 6),
(1343, 204, 9),
(1344, 204, 39),
(1345, 204, 34),
(1346, 204, 18),
(1347, 204, 13),
(1348, 205, 27),
(1349, 205, 7),
(1350, 205, 8),
(1351, 206, 35),
(1352, 206, 25),
(1353, 206, 21),
(1354, 206, 30),
(1355, 206, 26),
(1356, 206, 38),
(1357, 206, 40),
(1358, 206, 5),
(1359, 206, 36),
(1360, 206, 22),
(1361, 206, 19),
(1362, 206, 10),
(1363, 206, 4),
(1364, 206, 28),
(1365, 207, 32),
(1366, 207, 37),
(1367, 207, 24),
(1368, 208, 31),
(1369, 208, 17),
(1370, 208, 23),
(1371, 208, 20),
(1372, 208, 14),
(1373, 208, 11),
(1374, 208, 16),
(1375, 208, 33),
(1376, 208, 12),
(1377, 208, 15),
(1378, 209, 38),
(1379, 209, 10),
(1380, 209, 22),
(1381, 209, 28),
(1382, 209, 26),
(1383, 209, 30),
(1384, 209, 5),
(1385, 209, 40),
(1386, 209, 21),
(1387, 209, 25),
(1388, 209, 35),
(1389, 209, 4),
(1390, 209, 36),
(1391, 209, 19),
(1392, 210, 30),
(1393, 210, 35),
(1394, 210, 5),
(1395, 210, 36),
(1396, 210, 28),
(1397, 210, 22),
(1398, 210, 38),
(1399, 210, 40),
(1400, 210, 21),
(1401, 210, 25),
(1402, 210, 26),
(1403, 210, 4),
(1404, 210, 19),
(1405, 210, 10),
(1406, 211, 18),
(1407, 211, 39),
(1408, 211, 6),
(1409, 211, 29),
(1410, 211, 3),
(1411, 211, 9),
(1412, 211, 34),
(1413, 211, 13),
(1414, 212, 16),
(1415, 212, 17),
(1416, 212, 20),
(1417, 212, 23),
(1418, 212, 11),
(1419, 212, 12),
(1420, 212, 14),
(1421, 212, 33),
(1422, 212, 15),
(1423, 212, 31),
(1424, 213, 32),
(1425, 213, 37),
(1426, 213, 24),
(1427, 214, 27),
(1428, 214, 8),
(1429, 214, 7),
(1430, 215, 1),
(1431, 215, 2),
(1432, 216, 13),
(1433, 216, 39),
(1434, 216, 3),
(1435, 216, 9),
(1436, 216, 6),
(1437, 216, 34),
(1438, 216, 18),
(1439, 216, 29),
(1440, 217, 27),
(1441, 217, 8),
(1442, 217, 7),
(1443, 218, 14),
(1444, 218, 33),
(1445, 218, 31),
(1446, 218, 23),
(1447, 218, 20),
(1448, 218, 12),
(1449, 218, 16),
(1450, 218, 15),
(1451, 218, 11),
(1452, 218, 17),
(1453, 219, 14),
(1454, 219, 33),
(1455, 219, 17),
(1456, 219, 23),
(1457, 219, 20),
(1458, 219, 12),
(1459, 219, 31),
(1460, 219, 11),
(1461, 219, 15),
(1462, 219, 16),
(1463, 220, 2),
(1464, 220, 1),
(1465, 221, 38),
(1466, 221, 36),
(1467, 221, 5),
(1468, 221, 28),
(1469, 221, 26),
(1470, 221, 35),
(1471, 221, 30),
(1472, 221, 40),
(1473, 221, 19),
(1474, 221, 22),
(1475, 221, 25),
(1476, 221, 4),
(1477, 221, 10),
(1478, 221, 21),
(1479, 222, 18),
(1480, 222, 6),
(1481, 222, 39),
(1482, 222, 9),
(1483, 222, 29),
(1484, 222, 34),
(1485, 222, 3),
(1486, 222, 13),
(1487, 223, 17),
(1488, 223, 16),
(1489, 223, 20),
(1490, 223, 31),
(1491, 223, 33),
(1492, 223, 23),
(1493, 223, 14),
(1494, 223, 15),
(1495, 223, 12),
(1496, 223, 11),
(1497, 224, 1),
(1498, 224, 2),
(1499, 225, 18),
(1500, 225, 9),
(1501, 225, 13),
(1502, 225, 3),
(1503, 225, 39),
(1504, 225, 34),
(1505, 225, 6),
(1506, 225, 29),
(1507, 226, 13),
(1508, 226, 9),
(1509, 226, 18),
(1510, 226, 39),
(1511, 226, 29),
(1512, 226, 6),
(1513, 226, 3),
(1514, 226, 34),
(1515, 227, 31),
(1516, 227, 11),
(1517, 227, 23),
(1518, 227, 33),
(1519, 227, 15),
(1520, 227, 20),
(1521, 227, 16),
(1522, 227, 12),
(1523, 227, 17),
(1524, 227, 14),
(1525, 228, 7),
(1526, 228, 27),
(1527, 228, 8),
(1528, 229, 36),
(1529, 229, 30),
(1530, 229, 26),
(1531, 229, 21),
(1532, 229, 22),
(1533, 229, 28),
(1534, 229, 38),
(1535, 229, 25),
(1536, 229, 19),
(1537, 229, 4),
(1538, 229, 35),
(1539, 229, 5),
(1540, 229, 10),
(1541, 229, 40),
(1542, 230, 20),
(1543, 230, 31),
(1544, 230, 23),
(1545, 230, 15),
(1546, 230, 14),
(1547, 230, 11),
(1548, 230, 33),
(1549, 230, 12),
(1550, 230, 16),
(1551, 230, 17),
(1552, 231, 23),
(1553, 231, 15),
(1554, 231, 31),
(1555, 231, 11),
(1556, 231, 16),
(1557, 231, 33),
(1558, 231, 14),
(1559, 231, 20),
(1560, 231, 12),
(1561, 231, 17),
(1562, 232, 8),
(1563, 232, 7),
(1564, 232, 27),
(1565, 233, 14),
(1566, 233, 20),
(1567, 233, 31),
(1568, 233, 16),
(1569, 233, 33),
(1570, 233, 15),
(1571, 233, 12),
(1572, 233, 11),
(1573, 233, 23),
(1574, 233, 17),
(1575, 234, 1),
(1576, 234, 2),
(1577, 235, 28),
(1578, 235, 38),
(1579, 235, 22),
(1580, 235, 26),
(1581, 235, 40),
(1582, 235, 30),
(1583, 235, 21),
(1584, 235, 36),
(1585, 235, 10),
(1586, 235, 35),
(1587, 235, 25),
(1588, 235, 5),
(1589, 235, 4),
(1590, 235, 19),
(1591, 236, 3),
(1592, 236, 6),
(1593, 236, 39),
(1594, 236, 18),
(1595, 236, 9),
(1596, 236, 13),
(1597, 236, 34),
(1598, 236, 29),
(1599, 237, 9),
(1600, 237, 39),
(1601, 237, 3),
(1602, 237, 34),
(1603, 237, 18),
(1604, 237, 13),
(1605, 237, 6),
(1606, 237, 29),
(1607, 238, 32),
(1608, 238, 37),
(1609, 238, 24),
(1610, 239, 1),
(1611, 239, 2),
(1612, 240, 10),
(1613, 240, 38),
(1614, 240, 5),
(1615, 240, 28),
(1616, 240, 4),
(1617, 240, 36),
(1618, 240, 35),
(1619, 240, 26),
(1620, 240, 21),
(1621, 240, 30),
(1622, 240, 25),
(1623, 240, 40),
(1624, 240, 22),
(1625, 240, 19),
(1626, 241, 4),
(1627, 241, 21),
(1628, 241, 26),
(1629, 241, 22),
(1630, 241, 38),
(1631, 241, 19),
(1632, 241, 30),
(1633, 241, 25),
(1634, 241, 28),
(1635, 241, 10),
(1636, 241, 5),
(1637, 241, 40),
(1638, 241, 36),
(1639, 241, 35),
(1640, 242, 34),
(1641, 242, 13),
(1642, 242, 29),
(1643, 242, 9),
(1644, 242, 39),
(1645, 242, 18),
(1646, 242, 3),
(1647, 242, 6),
(1648, 243, 39),
(1649, 243, 9),
(1650, 243, 3),
(1651, 243, 6),
(1652, 243, 13),
(1653, 243, 34),
(1654, 243, 18),
(1655, 243, 29),
(1656, 244, 4),
(1657, 244, 10),
(1658, 244, 25),
(1659, 244, 40),
(1660, 244, 5),
(1661, 244, 21),
(1662, 244, 36),
(1663, 244, 22),
(1664, 244, 26),
(1665, 244, 38),
(1666, 244, 19),
(1667, 244, 28),
(1668, 244, 35),
(1669, 244, 30),
(1670, 245, 4),
(1671, 245, 25),
(1672, 245, 35),
(1673, 245, 21),
(1674, 245, 5),
(1675, 245, 26),
(1676, 245, 19),
(1677, 245, 38),
(1678, 245, 28),
(1679, 245, 40),
(1680, 245, 10),
(1681, 245, 30),
(1682, 245, 36),
(1683, 245, 22),
(1684, 246, 38),
(1685, 246, 10),
(1686, 246, 30),
(1687, 246, 26),
(1688, 246, 28),
(1689, 246, 19),
(1690, 246, 40),
(1691, 246, 36),
(1692, 246, 21),
(1693, 246, 35),
(1694, 246, 22),
(1695, 246, 5),
(1696, 246, 4),
(1697, 246, 25),
(1698, 247, 2),
(1699, 247, 1),
(1700, 248, 8),
(1701, 248, 7),
(1702, 248, 27),
(1703, 249, 24),
(1704, 249, 32),
(1705, 249, 37),
(1706, 250, 24),
(1707, 250, 32),
(1708, 250, 37),
(1709, 251, 6),
(1710, 251, 29),
(1711, 251, 34),
(1712, 251, 13),
(1713, 251, 18),
(1714, 251, 3),
(1715, 251, 39),
(1716, 251, 9),
(1717, 252, 31),
(1718, 252, 15),
(1719, 252, 12),
(1720, 252, 17),
(1721, 252, 23),
(1722, 252, 14),
(1723, 252, 33),
(1724, 252, 16),
(1725, 252, 20),
(1726, 252, 11),
(1727, 253, 37),
(1728, 253, 32),
(1729, 253, 24),
(1730, 254, 32),
(1731, 254, 37),
(1732, 254, 24),
(1733, 255, 40),
(1734, 255, 21),
(1735, 255, 38),
(1736, 255, 26),
(1737, 255, 30),
(1738, 255, 5),
(1739, 255, 25),
(1740, 255, 4),
(1741, 255, 35),
(1742, 255, 36),
(1743, 255, 28),
(1744, 255, 22),
(1745, 255, 10),
(1746, 255, 19),
(1747, 256, 25),
(1748, 256, 28),
(1749, 256, 22),
(1750, 256, 10),
(1751, 256, 40),
(1752, 256, 38),
(1753, 256, 21),
(1754, 256, 26),
(1755, 256, 30),
(1756, 256, 19),
(1757, 256, 5),
(1758, 256, 36),
(1759, 256, 35),
(1760, 256, 4),
(1761, 257, 25),
(1762, 257, 26),
(1763, 257, 5),
(1764, 257, 28),
(1765, 257, 38),
(1766, 257, 21),
(1767, 257, 4),
(1768, 257, 35),
(1769, 257, 19),
(1770, 257, 30),
(1771, 257, 36),
(1772, 257, 22),
(1773, 257, 10),
(1774, 257, 40),
(1775, 258, 14),
(1776, 258, 23),
(1777, 258, 12),
(1778, 258, 20),
(1779, 258, 11),
(1780, 258, 31),
(1781, 258, 16),
(1782, 258, 15),
(1783, 258, 17),
(1784, 258, 33),
(1785, 259, 20),
(1786, 259, 15),
(1787, 259, 33),
(1788, 259, 16),
(1789, 259, 17),
(1790, 259, 11),
(1791, 259, 14),
(1792, 259, 31),
(1793, 259, 12),
(1794, 259, 23),
(1795, 260, 24),
(1796, 260, 37),
(1797, 260, 32),
(1798, 261, 1),
(1799, 261, 2),
(1800, 262, 17),
(1801, 262, 16),
(1802, 262, 33),
(1803, 262, 15),
(1804, 262, 11),
(1805, 262, 20),
(1806, 262, 12),
(1807, 262, 23),
(1808, 262, 31),
(1809, 262, 14),
(1810, 263, 5),
(1811, 263, 10),
(1812, 263, 35),
(1813, 263, 21),
(1814, 263, 28),
(1815, 263, 19),
(1816, 263, 30),
(1817, 263, 25),
(1818, 263, 26),
(1819, 263, 36),
(1820, 263, 4),
(1821, 263, 38),
(1822, 263, 40),
(1823, 263, 22),
(1824, 264, 24),
(1825, 264, 37),
(1826, 264, 32),
(1827, 265, 14),
(1828, 265, 11),
(1829, 265, 20),
(1830, 265, 33),
(1831, 265, 17),
(1832, 265, 31),
(1833, 265, 16),
(1834, 265, 15),
(1835, 265, 23),
(1836, 265, 12),
(1837, 266, 37),
(1838, 266, 32),
(1839, 266, 24),
(1840, 267, 7),
(1841, 267, 8),
(1842, 267, 27),
(1843, 268, 2),
(1844, 268, 1),
(1845, 269, 9),
(1846, 269, 3),
(1847, 269, 29),
(1848, 269, 39),
(1849, 269, 18),
(1850, 269, 13),
(1851, 269, 34),
(1852, 269, 6),
(1853, 270, 24),
(1854, 270, 37),
(1855, 270, 32),
(1856, 271, 10),
(1857, 271, 4),
(1858, 271, 40),
(1859, 271, 28),
(1860, 271, 26),
(1861, 271, 21),
(1862, 271, 36),
(1863, 271, 30),
(1864, 271, 5),
(1865, 271, 38),
(1866, 271, 35),
(1867, 271, 25),
(1868, 271, 22),
(1869, 271, 19),
(1870, 272, 25),
(1871, 272, 40),
(1872, 272, 19),
(1873, 272, 36),
(1874, 272, 28),
(1875, 272, 22),
(1876, 272, 4),
(1877, 272, 10),
(1878, 272, 30),
(1879, 272, 35),
(1880, 272, 21),
(1881, 272, 5),
(1882, 272, 26),
(1883, 272, 38),
(1884, 273, 34),
(1885, 273, 6),
(1886, 273, 18),
(1887, 273, 3),
(1888, 273, 39),
(1889, 273, 29),
(1890, 273, 9),
(1891, 273, 13),
(1892, 274, 15),
(1893, 274, 31),
(1894, 274, 11),
(1895, 274, 23),
(1896, 274, 17),
(1897, 274, 12),
(1898, 274, 20),
(1899, 274, 16),
(1900, 274, 33),
(1901, 274, 14),
(1902, 275, 4),
(1903, 275, 38),
(1904, 275, 22),
(1905, 275, 25),
(1906, 275, 28),
(1907, 275, 26),
(1908, 275, 21),
(1909, 275, 36),
(1910, 275, 35),
(1911, 275, 30),
(1912, 275, 19),
(1913, 275, 5),
(1914, 275, 10),
(1915, 275, 40),
(1916, 276, 32),
(1917, 276, 24),
(1918, 276, 37),
(1919, 277, 20),
(1920, 277, 33),
(1921, 277, 23),
(1922, 277, 15),
(1923, 277, 11),
(1924, 277, 17),
(1925, 277, 16),
(1926, 277, 14),
(1927, 277, 31),
(1928, 277, 12),
(1929, 278, 3),
(1930, 278, 29),
(1931, 278, 9),
(1932, 278, 39),
(1933, 278, 34),
(1934, 278, 18),
(1935, 278, 13),
(1936, 278, 6),
(1937, 279, 32),
(1938, 279, 24),
(1939, 279, 37),
(1940, 280, 40),
(1941, 280, 26),
(1942, 280, 38),
(1943, 280, 5),
(1944, 280, 36),
(1945, 280, 28),
(1946, 280, 22),
(1947, 280, 21),
(1948, 280, 4),
(1949, 280, 30),
(1950, 280, 25),
(1951, 280, 10),
(1952, 280, 35),
(1953, 280, 19),
(1954, 281, 17),
(1955, 281, 31),
(1956, 281, 20),
(1957, 281, 15),
(1958, 281, 14),
(1959, 281, 11),
(1960, 281, 12),
(1961, 281, 16),
(1962, 281, 23),
(1963, 281, 33),
(1964, 282, 8),
(1965, 282, 7),
(1966, 282, 27),
(1967, 283, 25),
(1968, 283, 21),
(1969, 283, 28),
(1970, 283, 40),
(1971, 283, 30),
(1972, 283, 19),
(1973, 283, 36),
(1974, 283, 22),
(1975, 283, 5),
(1976, 283, 10),
(1977, 283, 38),
(1978, 283, 35),
(1979, 283, 4),
(1980, 283, 26),
(1981, 284, 7),
(1982, 284, 27),
(1983, 284, 8),
(1984, 285, 29),
(1985, 285, 13),
(1986, 285, 39),
(1987, 285, 34),
(1988, 285, 3),
(1989, 285, 6),
(1990, 285, 18),
(1991, 285, 9),
(1992, 286, 14),
(1993, 286, 33),
(1994, 286, 17),
(1995, 286, 12),
(1996, 286, 20),
(1997, 286, 15),
(1998, 286, 16),
(1999, 286, 23),
(2000, 286, 11),
(2001, 286, 31),
(2002, 287, 39),
(2003, 287, 29),
(2004, 287, 34),
(2005, 287, 6),
(2006, 287, 13),
(2007, 287, 9),
(2008, 287, 18),
(2009, 287, 3),
(2010, 288, 37),
(2011, 288, 32),
(2012, 288, 24),
(2013, 289, 16),
(2014, 289, 14),
(2015, 289, 31),
(2016, 289, 33),
(2017, 289, 17),
(2018, 289, 23),
(2019, 289, 12),
(2020, 289, 11),
(2021, 289, 20),
(2022, 289, 15),
(2023, 290, 18),
(2024, 290, 29),
(2025, 290, 6),
(2026, 290, 9),
(2027, 290, 3),
(2028, 290, 13),
(2029, 290, 34),
(2030, 290, 39),
(2031, 291, 32),
(2032, 291, 24),
(2033, 291, 37),
(2034, 292, 27),
(2035, 292, 8),
(2036, 292, 7),
(2037, 293, 2),
(2038, 293, 1),
(2039, 294, 20),
(2040, 294, 31),
(2041, 294, 23),
(2042, 294, 14),
(2043, 294, 12),
(2044, 294, 33),
(2045, 294, 17),
(2046, 294, 15),
(2047, 294, 16),
(2048, 294, 11),
(2049, 295, 7),
(2050, 295, 27),
(2051, 295, 8),
(2052, 296, 2),
(2053, 296, 1),
(2054, 297, 37),
(2055, 297, 24),
(2056, 297, 32),
(2057, 298, 24),
(2058, 298, 37),
(2059, 298, 32),
(2060, 299, 15),
(2061, 299, 16),
(2062, 299, 11),
(2063, 299, 31),
(2064, 299, 33),
(2065, 299, 12),
(2066, 299, 20),
(2067, 299, 17),
(2068, 299, 14),
(2069, 299, 23),
(2070, 300, 24),
(2071, 300, 37),
(2072, 300, 32);

-- --------------------------------------------------------

--
-- Table structure for table `failed_jobs`
--

CREATE TABLE `failed_jobs` (
  `id` bigint(20) UNSIGNED NOT NULL,
  `connection` text COLLATE utf8_unicode_ci NOT NULL,
  `queue` text COLLATE utf8_unicode_ci NOT NULL,
  `payload` longtext COLLATE utf8_unicode_ci NOT NULL,
  `exception` longtext COLLATE utf8_unicode_ci NOT NULL,
  `failed_at` timestamp NOT NULL DEFAULT current_timestamp()
) ENGINE=InnoDB DEFAULT CHARSET=utf8 COLLATE=utf8_unicode_ci;

-- --------------------------------------------------------

--
-- Table structure for table `migrations`
--

CREATE TABLE `migrations` (
  `id` int(10) UNSIGNED NOT NULL,
  `migration` varchar(255) COLLATE utf8mb4_unicode_ci NOT NULL,
  `batch` int(11) NOT NULL
) ENGINE=InnoDB DEFAULT CHARSET=utf8mb4 COLLATE=utf8mb4_unicode_ci;

--
-- Dumping data for table `migrations`
--

INSERT INTO `migrations` (`id`, `migration`, `batch`) VALUES
(1, '2014_10_12_000000_create_users_table', 1),
(2, '2014_10_12_100000_create_password_resets_table', 1),
(3, '2019_08_19_000000_create_failed_jobs_table', 1),
(4, '2020_02_20_180302_create_permission_tables', 1),
(5, '2020_02_22_070025_create_test_subjects_table', 1),
(6, '2020_02_22_070742_create_tests_table', 1),
(7, '2020_02_22_071634_create_questions_table', 1),
(8, '2020_02_22_072544_create_test_composite_table', 1),
(9, '2020_02_22_073712_create_answer_options_table', 1),
(10, '2020_02_22_074607_create_test_results_table', 1),
(11, '2020_02_22_080043_create_full_name_to_users_table', 1),
(12, '2020_02_22_081409_create_asked_questions_table', 1),
(13, '2020_02_22_082021_create_answers_table', 1),
(14, '2020_02_25_151616_create_administrators_table', 1),
(15, '2020_02_27_095528_append_password_changed_flag_on_users_table', 1),
(16, '2020_02_29_084825_create_student_groups_table', 1),
(17, '2020_02_29_085312_append_group_id_on_users_table', 1),
(18, '2020_03_15_213116_add_public_name_on_permissions_table', 1),
(19, '2020_03_15_214421_add_public_name_on_roles_table', 1),
(20, '2020_04_01_144350_add_created_by_to_student_groups_table', 1),
(21, '2020_04_14_053210_change_email_size_on_administrators_table', 1),
(22, '2020_04_14_054739_change_email_size_on_users_table', 1),
(23, '2020_04_24_182336_add_created_by_field_on_tests_table', 1),
(24, '2020_04_30_162442_reduce_model_type_size_on_permissions_tables', 1);

-- --------------------------------------------------------

--
-- Table structure for table `model_has_permissions`
--

CREATE TABLE `model_has_permissions` (
  `permission_id` bigint(20) UNSIGNED NOT NULL,
  `model_type` varchar(96) COLLATE utf8mb4_unicode_ci NOT NULL,
  `model_id` bigint(20) UNSIGNED NOT NULL
) ENGINE=InnoDB DEFAULT CHARSET=utf8mb4 COLLATE=utf8mb4_unicode_ci;

-- --------------------------------------------------------

--
-- Table structure for table `model_has_roles`
--

CREATE TABLE `model_has_roles` (
  `role_id` bigint(20) UNSIGNED NOT NULL,
  `model_type` varchar(96) COLLATE utf8mb4_unicode_ci NOT NULL,
  `model_id` bigint(20) UNSIGNED NOT NULL
) ENGINE=InnoDB DEFAULT CHARSET=utf8mb4 COLLATE=utf8mb4_unicode_ci;

--
-- Dumping data for table `model_has_roles`
--

INSERT INTO `model_has_roles` (`role_id`, `model_type`, `model_id`) VALUES
(1, 'App\\Models\\Administrator', 1),
(1, 'App\\Models\\Administrator', 2),
(2, 'App\\Models\\Administrator', 3),
(3, 'App\\Models\\Administrator', 4);

-- --------------------------------------------------------

--
-- Table structure for table `password_resets`
--

CREATE TABLE `password_resets` (
  `email` varchar(255) COLLATE utf8_unicode_ci NOT NULL,
  `token` varchar(255) COLLATE utf8_unicode_ci NOT NULL,
  `created_at` timestamp NULL DEFAULT NULL
) ENGINE=InnoDB DEFAULT CHARSET=utf8 COLLATE=utf8_unicode_ci;

-- --------------------------------------------------------

--
-- Table structure for table `permissions`
--

CREATE TABLE `permissions` (
  `id` bigint(20) UNSIGNED NOT NULL,
  `name` varchar(255) COLLATE utf8mb4_unicode_ci NOT NULL,
  `public_name` varchar(255) COLLATE utf8mb4_unicode_ci NOT NULL,
  `guard_name` varchar(255) COLLATE utf8mb4_unicode_ci NOT NULL,
  `created_at` timestamp NULL DEFAULT NULL,
  `updated_at` timestamp NULL DEFAULT NULL
) ENGINE=InnoDB DEFAULT CHARSET=utf8mb4 COLLATE=utf8mb4_unicode_ci;

--
-- Dumping data for table `permissions`
--

INSERT INTO `permissions` (`id`, `name`, `public_name`, `guard_name`, `created_at`, `updated_at`) VALUES
(1, 'access-administrators', 'Доступ до управління адміністраторами (пункт меню)', 'admin', '2020-04-30 18:05:50', '2020-04-30 18:05:50'),
(2, 'create-administrators', 'Реєстрація адміністраторів', 'admin', '2020-04-30 18:05:50', '2020-04-30 18:05:50'),
(3, 'view-administrators', 'Перегляд адміністраторів', 'admin', '2020-04-30 18:05:50', '2020-04-30 18:05:50'),
(4, 'update-administrators', 'Редагування адміністраторів', 'admin', '2020-04-30 18:05:50', '2020-04-30 18:05:50'),
(5, 'delete-administrators', 'Видалення адміністраторів', 'admin', '2020-04-30 18:05:50', '2020-04-30 18:05:50'),
(6, 'access-groups', 'Доступ до груп (пункт меню)', 'admin', '2020-04-30 18:05:50', '2020-04-30 18:05:50'),
(7, 'create-groups', 'Створення груп', 'admin', '2020-04-30 18:05:50', '2020-04-30 18:05:50'),
(8, 'view-groups', 'Перегляд груп', 'admin', '2020-04-30 18:05:50', '2020-04-30 18:05:50'),
(9, 'update-groups', 'Налаштування груп', 'admin', '2020-04-30 18:05:50', '2020-04-30 18:05:50'),
(10, 'delete-groups', 'Видалення груп', 'admin', '2020-04-30 18:05:50', '2020-04-30 18:05:50'),
(11, 'create-students', 'Реєстрація студентів', 'admin', '2020-04-30 18:05:50', '2020-04-30 18:05:50'),
(12, 'view-students', 'Перегляд студентів', 'admin', '2020-04-30 18:05:50', '2020-04-30 18:05:50'),
(13, 'update-students', 'Редагування студентів', 'admin', '2020-04-30 18:05:51', '2020-04-30 18:05:51'),
(14, 'delete-students', 'Видалення студенів', 'admin', '2020-04-30 18:05:51', '2020-04-30 18:05:51'),
(15, 'access-subjects', 'Доступ до тестів (пункт меню)', 'admin', '2020-04-30 18:05:51', '2020-04-30 18:05:51'),
(16, 'create-subjects', 'Створення предметів тестування', 'admin', '2020-04-30 18:05:51', '2020-04-30 18:05:51'),
(17, 'view-subjects', 'Перегляд предметів тестування', 'admin', '2020-04-30 18:05:51', '2020-04-30 18:05:51'),
(18, 'update-subjects', 'Налаштування предметів тестування', 'admin', '2020-04-30 18:05:51', '2020-04-30 18:05:51'),
(19, 'delete-subjects', 'Видалення предметів тестування', 'admin', '2020-04-30 18:05:51', '2020-04-30 18:05:51'),
(20, 'create-tests', 'Створення тестів', 'admin', '2020-04-30 18:05:51', '2020-04-30 18:05:51'),
(21, 'view-tests', 'Перегляд тестів', 'admin', '2020-04-30 18:05:51', '2020-04-30 18:05:51'),
(22, 'update-tests', 'Налаштування тестів', 'admin', '2020-04-30 18:05:51', '2020-04-30 18:05:51'),
(23, 'delete-tests', 'Видалення тестів', 'admin', '2020-04-30 18:05:51', '2020-04-30 18:05:51'),
(24, 'view-results', 'Перегляд результатів', 'admin', '2020-04-30 18:05:51', '2020-04-30 18:05:51'),
(25, 'generate-group-statement', 'Створення відомості по групі', 'admin', '2020-04-30 18:05:51', '2020-04-30 18:05:51'),
(26, 'generate-student-statement', 'Створення відомості по студенту', 'admin', '2020-04-30 18:05:51', '2020-04-30 18:05:51');

-- --------------------------------------------------------

--
-- Table structure for table `questions`
--

CREATE TABLE `questions` (
  `id` bigint(20) UNSIGNED NOT NULL,
  `question` varchar(255) COLLATE utf8mb4_unicode_ci NOT NULL,
  `test_id` bigint(20) UNSIGNED NOT NULL,
  `deleted_at` timestamp NULL DEFAULT NULL
) ENGINE=InnoDB DEFAULT CHARSET=utf8mb4 COLLATE=utf8mb4_unicode_ci;

--
-- Dumping data for table `questions`
--

INSERT INTO `questions` (`id`, `question`, `test_id`, `deleted_at`) VALUES
(1, 'Що таке клас?', 1, NULL),
(2, 'Скільки методів може містити клас?', 1, NULL),
(3, 'Деякі мали бути внутрі дому, щоб доносити з боярського?', 4, NULL),
(4, 'Захара. Хвилю він вагувався, чи відповідати дальше на його?', 2, NULL),
(5, 'Вона була в лісі, і кождеї погідної днини Захар Беркут?', 2, NULL),
(6, 'Так, тату! Ти дуже хитрий, такий хитрий, що аж себе самого?', 4, NULL),
(7, 'Закличникн, тричі поклонившися громаді, вийшли під липу і?', 3, NULL),
(8, 'Коли так, то хоч цар велетнів і не знаємо ніякого князя?', 3, NULL),
(9, 'Монгольський табір був розложений у величезнім?', 4, NULL),
(10, 'Навіть коні під нашими їздцями почали тремтіти всім тілом?', 2, NULL),
(11, 'У смертельній тривозі, яка й найбоязливішому не раз?', 5, NULL),
(12, 'Максим Беркут: - Боярине! Дуже не впору для його серця на?', 5, NULL),
(13, 'В товаристві веселих боярських дружинників увійшли?', 4, NULL),
(14, 'Максима - Беркута. Один вдячний погляд урятованої дівчини?', 5, NULL),
(15, 'Але ніщо було діяти… Обов\'язок вдячності так був глибоко?', 5, NULL),
(16, 'За твою раду дякуємо тобі і передамо її нашим громадам?', 5, NULL),
(17, 'Не дальше як на п\'ятдесят кроків одні від других?', 5, NULL),
(18, 'Одна - пішла на захід, мабуть, під Судомир, у польську?', 4, NULL),
(19, 'І тут монгольські стріли просвистіли без шкоди для?', 2, NULL),
(20, 'За хатами стояли стайні та інші господарські будинки; там?', 5, NULL),
(21, 'Опору. Високі, стрімкі береги тухольської кітловини?', 2, NULL),
(22, 'Серце її боліло дуже: вона чула, що його прозвали?', 2, NULL),
(23, 'О ні, я не - лякаємось. Вона може нас зробити трупами, але?', 5, NULL),
(24, 'Тоді велів повиймати голі кістяки з котлів, посадити їх?', 6, NULL),
(25, 'Се була звичайна стародавня церемонія, що знаменувала?', 2, NULL),
(26, 'Не хочу його ласки! відказала Мирослава. - Зблизись?', 2, NULL),
(27, 'Ні, таточку, я здорова і скажу тобі ще раз, і кле-нусь?', 3, NULL),
(28, 'Але скоро тільки вона затрубила, медведиця схопилася з?', 2, NULL),
(29, 'Мирослава одним могучим рухом пхнула їй ратище між передні?', 4, NULL),
(30, 'Тухольщино! «Прощай батьку мій, соколе сизий! Прощайте?', 2, NULL),
(31, 'Максим до світлиці Мирослави, надіючись тут стрітити її в?', 5, NULL),
(32, 'Бояри наші зачали були робити засіки на шляху, що вів від?', 6, NULL),
(33, 'Максимом іде на кілька неділь у гори за зіллям і ліками?', 5, NULL),
(34, 'Тугаром горою навперейми, швидко десь заховався і щез, не?', 4, NULL),
(35, 'Я можу! озвався голос із народу. Мов стрілою поражений?', 2, NULL),
(36, 'Батько тихими, тривожними кроками приступив до неї, до?', 2, NULL),
(37, 'Вони сміялись тепер зі всяких пут, із цілої сили великого?', 6, NULL),
(38, 'І справді, план Бурунди був хоч і їм самим грозить та сама?', 2, NULL),
(39, 'Максим кланявся їм і вітав їх голосно, приязно; далі й?', 4, NULL),
(40, 'Я ж не лиси, - що до - гніву! Се хвиля рішуча. - Що робиш?', 2, NULL);

-- --------------------------------------------------------

--
-- Table structure for table `roles`
--

CREATE TABLE `roles` (
  `id` bigint(20) UNSIGNED NOT NULL,
  `name` varchar(255) COLLATE utf8mb4_unicode_ci NOT NULL,
  `public_name` varchar(255) COLLATE utf8mb4_unicode_ci NOT NULL,
  `guard_name` varchar(255) COLLATE utf8mb4_unicode_ci NOT NULL,
  `created_at` timestamp NULL DEFAULT NULL,
  `updated_at` timestamp NULL DEFAULT NULL
) ENGINE=InnoDB DEFAULT CHARSET=utf8mb4 COLLATE=utf8mb4_unicode_ci;

--
-- Dumping data for table `roles`
--

INSERT INTO `roles` (`id`, `name`, `public_name`, `guard_name`, `created_at`, `updated_at`) VALUES
(1, 'super-admin', 'Адміністратор', 'admin', '2020-04-30 18:05:51', '2020-04-30 18:05:51'),
(2, 'teacher', 'Викладач', 'admin', '2020-04-30 18:05:51', '2020-04-30 18:05:51'),
(3, 'class-monitor', 'Староста', 'admin', '2020-04-30 18:05:52', '2020-04-30 18:05:52');

-- --------------------------------------------------------

--
-- Table structure for table `role_has_permissions`
--

CREATE TABLE `role_has_permissions` (
  `permission_id` bigint(20) UNSIGNED NOT NULL,
  `role_id` bigint(20) UNSIGNED NOT NULL
) ENGINE=InnoDB DEFAULT CHARSET=utf8mb4 COLLATE=utf8mb4_unicode_ci;

--
-- Dumping data for table `role_has_permissions`
--

INSERT INTO `role_has_permissions` (`permission_id`, `role_id`) VALUES
(6, 2),
(6, 3),
(7, 2),
(7, 3),
(8, 2),
(9, 2),
(10, 2),
(11, 2),
(11, 3),
(12, 2),
(13, 2),
(14, 2),
(15, 2),
(16, 2),
(17, 2),
(20, 2),
(21, 2),
(24, 2),
(25, 2),
(26, 2);

-- --------------------------------------------------------

--
-- Table structure for table `student_groups`
--

CREATE TABLE `student_groups` (
  `id` bigint(20) UNSIGNED NOT NULL,
  `created_by` bigint(20) UNSIGNED DEFAULT NULL,
  `name` varchar(32) COLLATE utf8mb4_unicode_ci NOT NULL,
  `uri_alias` varchar(32) COLLATE utf8mb4_unicode_ci NOT NULL,
  `year` int(11) NOT NULL,
  `deleted_at` timestamp NULL DEFAULT NULL
) ENGINE=InnoDB DEFAULT CHARSET=utf8mb4 COLLATE=utf8mb4_unicode_ci;

--
-- Dumping data for table `student_groups`
--

INSERT INTO `student_groups` (`id`, `created_by`, `name`, `uri_alias`, `year`, `deleted_at`) VALUES
(1, NULL, 'ПІ-182', 'example-pi-182', 2018, NULL),
(2, NULL, 'ПІ-171', 'example-pi-171', 2017, NULL),
(3, NULL, 'ПІ-161', 'example-pi-161', 2016, NULL),
(4, NULL, 'ПІ-162', 'example-pi-162', 2016, NULL);

-- --------------------------------------------------------

--
-- Table structure for table `tests`
--

CREATE TABLE `tests` (
  `id` bigint(20) UNSIGNED NOT NULL,
  `created_by` bigint(20) UNSIGNED DEFAULT NULL,
  `name` varchar(128) COLLATE utf8mb4_unicode_ci NOT NULL,
  `uri_alias` varchar(64) COLLATE utf8mb4_unicode_ci NOT NULL,
  `time` smallint(5) UNSIGNED NOT NULL,
  `test_subject_id` bigint(20) UNSIGNED NOT NULL,
  `deleted_at` timestamp NULL DEFAULT NULL
) ENGINE=InnoDB DEFAULT CHARSET=utf8mb4 COLLATE=utf8mb4_unicode_ci;

--
-- Dumping data for table `tests`
--

INSERT INTO `tests` (`id`, `created_by`, `name`, `uri_alias`, `time`, `test_subject_id`, `deleted_at`) VALUES
(1, NULL, 'Інкапсуляція', 'encapsulation', 20, 1, NULL),
(2, NULL, 'От як!.', 'et-velit-porro', 21, 1, NULL),
(3, NULL, 'Максим.', 'consequatur-est-dolore', 25, 1, NULL),
(4, NULL, 'Стрийської.', 'voluptatem-dignissimos-ut', 29, 1, NULL),
(5, NULL, 'Не дальше як.', 'neque-porro-ut', 28, 2, NULL),
(6, NULL, 'Максим.', 'voluptas-sed-qui', 22, 1, NULL);

-- --------------------------------------------------------

--
-- Table structure for table `test_composite`
--

CREATE TABLE `test_composite` (
  `id` bigint(20) UNSIGNED NOT NULL,
  `id_test` bigint(20) UNSIGNED NOT NULL,
  `id_include_test` bigint(20) UNSIGNED NOT NULL,
  `questions_quantity` smallint(5) UNSIGNED NOT NULL
) ENGINE=InnoDB DEFAULT CHARSET=utf8mb4 COLLATE=utf8mb4_unicode_ci;

--
-- Dumping data for table `test_composite`
--

INSERT INTO `test_composite` (`id`, `id_test`, `id_include_test`, `questions_quantity`) VALUES
(1, 1, 1, 999),
(2, 2, 2, 999),
(3, 3, 3, 999),
(4, 4, 4, 999),
(5, 5, 5, 999),
(6, 6, 6, 999);

-- --------------------------------------------------------

--
-- Table structure for table `test_results`
--

CREATE TABLE `test_results` (
  `id` bigint(20) UNSIGNED NOT NULL,
  `test_id` bigint(20) UNSIGNED DEFAULT NULL,
  `user_id` bigint(20) UNSIGNED DEFAULT NULL,
  `created_at` timestamp NOT NULL DEFAULT current_timestamp() ON UPDATE current_timestamp()
) ENGINE=InnoDB DEFAULT CHARSET=utf8mb4 COLLATE=utf8mb4_unicode_ci;

--
-- Dumping data for table `test_results`
--

INSERT INTO `test_results` (`id`, `test_id`, `user_id`, `created_at`) VALUES
(1, 1, 7, '2020-04-30 18:06:05'),
(2, 4, 7, '2020-04-30 18:06:05'),
(3, 4, 7, '2020-04-30 18:06:05'),
(4, 6, 6, '2020-04-30 18:06:05'),
(5, 2, 57, '2020-04-30 18:06:05'),
(6, 3, 20, '2020-04-30 18:06:05'),
(7, 4, 2, '2020-04-30 18:06:05'),
(8, 5, 11, '2020-04-30 18:06:05'),
(9, 5, 57, '2020-04-30 18:06:05'),
(10, 4, 30, '2020-04-30 18:06:05'),
(11, 6, 34, '2020-04-30 18:06:05'),
(12, 1, 53, '2020-04-30 18:06:05'),
(13, 3, 29, '2020-04-30 18:06:05'),
(14, 2, 27, '2020-04-30 18:06:05'),
(15, 2, 14, '2020-04-30 18:06:05'),
(16, 5, 44, '2020-04-30 18:06:05'),
(17, 1, 4, '2020-04-30 18:06:05'),
(18, 6, 63, '2020-04-30 18:06:05'),
(19, 6, 34, '2020-04-30 18:06:05'),
(20, 5, 25, '2020-04-30 18:06:05'),
(21, 5, 51, '2020-04-30 18:06:05'),
(22, 3, 13, '2020-04-30 18:06:05'),
(23, 3, 31, '2020-04-30 18:06:05'),
(24, 3, 70, '2020-04-30 18:06:05'),
(25, 1, 58, '2020-04-30 18:06:05'),
(26, 3, 60, '2020-04-30 18:06:05'),
(27, 3, 23, '2020-04-30 18:06:05'),
(28, 3, 78, '2020-04-30 18:06:05'),
(29, 2, 25, '2020-04-30 18:06:05'),
(30, 1, 7, '2020-04-30 18:06:05'),
(31, 1, 34, '2020-04-30 18:06:05'),
(32, 5, 71, '2020-04-30 18:06:05'),
(33, 6, 57, '2020-04-30 18:06:05'),
(34, 1, 26, '2020-04-30 18:06:05'),
(35, 3, 6, '2020-04-30 18:06:05'),
(36, 3, 49, '2020-04-30 18:06:05'),
(37, 5, 37, '2020-04-30 18:06:05'),
(38, 1, 48, '2020-04-30 18:06:05'),
(39, 3, 34, '2020-04-30 18:06:05'),
(40, 4, 65, '2020-04-30 18:06:05'),
(41, 4, 48, '2020-04-30 18:06:05'),
(42, 5, 72, '2020-04-30 18:06:05'),
(43, 2, 58, '2020-04-30 18:06:05'),
(44, 4, 77, '2020-04-30 18:06:05'),
(45, 2, 16, '2020-04-30 18:06:05'),
(46, 4, 51, '2020-04-30 18:06:05'),
(47, 2, 36, '2020-04-30 18:06:05'),
(48, 5, 71, '2020-04-30 18:06:05'),
(49, 2, 33, '2020-04-30 18:06:05'),
(50, 4, 37, '2020-04-30 18:06:05'),
(51, 1, 27, '2020-04-30 18:06:05'),
(52, 5, 60, '2020-04-30 18:06:05'),
(53, 4, 73, '2020-04-30 18:06:05'),
(54, 3, 17, '2020-04-30 18:06:05'),
(55, 3, 5, '2020-04-30 18:06:05'),
(56, 4, 6, '2020-04-30 18:06:05'),
(57, 4, 23, '2020-04-30 18:06:05'),
(58, 6, 23, '2020-04-30 18:06:05'),
(59, 5, 63, '2020-04-30 18:06:05'),
(60, 3, 55, '2020-04-30 18:06:05'),
(61, 4, 21, '2020-04-30 18:06:05'),
(62, 3, 24, '2020-04-30 18:06:06'),
(63, 5, 51, '2020-04-30 18:06:06'),
(64, 1, 16, '2020-04-30 18:06:06'),
(65, 4, 7, '2020-04-30 18:06:06'),
(66, 5, 39, '2020-04-30 18:06:06'),
(67, 2, 60, '2020-04-30 18:06:06'),
(68, 3, 36, '2020-04-30 18:06:06'),
(69, 2, 31, '2020-04-30 18:06:06'),
(70, 5, 2, '2020-04-30 18:06:06'),
(71, 2, 23, '2020-04-30 18:06:06'),
(72, 5, 16, '2020-04-30 18:06:06'),
(73, 5, 77, '2020-04-30 18:06:06'),
(74, 3, 16, '2020-04-30 18:06:06'),
(75, 1, 22, '2020-04-30 18:06:06'),
(76, 4, 7, '2020-04-30 18:06:06'),
(77, 3, 23, '2020-04-30 18:06:06'),
(78, 5, 60, '2020-04-30 18:06:06'),
(79, 6, 11, '2020-04-30 18:06:06'),
(80, 4, 59, '2020-04-30 18:06:06'),
(81, 6, 53, '2020-04-30 18:06:06'),
(82, 2, 17, '2020-04-30 18:06:06'),
(83, 1, 36, '2020-04-30 18:06:06'),
(84, 1, 35, '2020-04-30 18:06:06'),
(85, 1, 64, '2020-04-30 18:06:06'),
(86, 6, 80, '2020-04-30 18:06:06'),
(87, 2, 5, '2020-04-30 18:06:06'),
(88, 2, 73, '2020-04-30 18:06:06'),
(89, 3, 26, '2020-04-30 18:06:06'),
(90, 3, 76, '2020-04-30 18:06:06'),
(91, 4, 31, '2020-04-30 18:06:06'),
(92, 2, 44, '2020-04-30 18:06:06'),
(93, 4, 6, '2020-04-30 18:06:06'),
(94, 3, 29, '2020-04-30 18:06:06'),
(95, 4, 61, '2020-04-30 18:06:06'),
(96, 5, 4, '2020-04-30 18:06:06'),
(97, 3, 20, '2020-04-30 18:06:06'),
(98, 6, 18, '2020-04-30 18:06:06'),
(99, 5, 18, '2020-04-30 18:06:06'),
(100, 3, 66, '2020-04-30 18:06:06'),
(101, 5, 11, '2020-04-30 18:06:06'),
(102, 3, 63, '2020-04-30 18:06:06'),
(103, 2, 20, '2020-04-30 18:06:06'),
(104, 1, 45, '2020-04-30 18:06:06'),
(105, 4, 31, '2020-04-30 18:06:06'),
(106, 4, 16, '2020-04-30 18:06:06'),
(107, 5, 18, '2020-04-30 18:06:06'),
(108, 3, 26, '2020-04-30 18:06:06'),
(109, 5, 31, '2020-04-30 18:06:06'),
(110, 6, 47, '2020-04-30 18:06:06'),
(111, 2, 19, '2020-04-30 18:06:06'),
(112, 6, 50, '2020-04-30 18:06:06'),
(113, 1, 35, '2020-04-30 18:06:06'),
(114, 6, 60, '2020-04-30 18:06:06'),
(115, 4, 19, '2020-04-30 18:06:06'),
(116, 6, 19, '2020-04-30 18:06:06'),
(117, 1, 55, '2020-04-30 18:06:06'),
(118, 6, 68, '2020-04-30 18:06:06'),
(119, 2, 6, '2020-04-30 18:06:06'),
(120, 5, 27, '2020-04-30 18:06:06'),
(121, 1, 9, '2020-04-30 18:06:06'),
(122, 3, 48, '2020-04-30 18:06:06'),
(123, 4, 60, '2020-04-30 18:06:06'),
(124, 5, 69, '2020-04-30 18:06:06'),
(125, 1, 45, '2020-04-30 18:06:06'),
(126, 1, 9, '2020-04-30 18:06:06'),
(127, 3, 13, '2020-04-30 18:06:06'),
(128, 4, 37, '2020-04-30 18:06:06'),
(129, 5, 6, '2020-04-30 18:06:06'),
(130, 4, 49, '2020-04-30 18:06:06'),
(131, 1, 73, '2020-04-30 18:06:06'),
(132, 4, 5, '2020-04-30 18:06:06'),
(133, 2, 51, '2020-04-30 18:06:06'),
(134, 6, 43, '2020-04-30 18:06:06'),
(135, 6, 79, '2020-04-30 18:06:06'),
(136, 3, 17, '2020-04-30 18:06:06'),
(137, 5, 56, '2020-04-30 18:06:06'),
(138, 4, 14, '2020-04-30 18:06:07'),
(139, 6, 28, '2020-04-30 18:06:07'),
(140, 3, 75, '2020-04-30 18:06:07'),
(141, 6, 59, '2020-04-30 18:06:07'),
(142, 5, 56, '2020-04-30 18:06:07'),
(143, 3, 53, '2020-04-30 18:06:07'),
(144, 4, 79, '2020-04-30 18:06:07'),
(145, 2, 23, '2020-04-30 18:06:07'),
(146, 6, 9, '2020-04-30 18:06:07'),
(147, 1, 17, '2020-04-30 18:06:07'),
(148, 2, 31, '2020-04-30 18:06:07'),
(149, 5, 75, '2020-04-30 18:06:07'),
(150, 1, 15, '2020-04-30 18:06:07'),
(151, 6, 37, '2020-04-30 18:06:07'),
(152, 2, 67, '2020-04-30 18:06:07'),
(153, 2, 61, '2020-04-30 18:06:07'),
(154, 1, 29, '2020-04-30 18:06:07'),
(155, 2, 57, '2020-04-30 18:06:07'),
(156, 6, 2, '2020-04-30 18:06:07'),
(157, 1, 23, '2020-04-30 18:06:07'),
(158, 3, 35, '2020-04-30 18:06:07'),
(159, 3, 33, '2020-04-30 18:06:07'),
(160, 5, 12, '2020-04-30 18:06:07'),
(161, 3, 79, '2020-04-30 18:06:07'),
(162, 6, 44, '2020-04-30 18:06:07'),
(163, 6, 79, '2020-04-30 18:06:07'),
(164, 1, 6, '2020-04-30 18:06:07'),
(165, 5, 44, '2020-04-30 18:06:07'),
(166, 6, 68, '2020-04-30 18:06:07'),
(167, 2, 65, '2020-04-30 18:06:07'),
(168, 2, 31, '2020-04-30 18:06:07'),
(169, 5, 41, '2020-04-30 18:06:07'),
(170, 1, 73, '2020-04-30 18:06:07'),
(171, 3, 45, '2020-04-30 18:06:07'),
(172, 1, 8, '2020-04-30 18:06:07'),
(173, 5, 76, '2020-04-30 18:06:07'),
(174, 2, 43, '2020-04-30 18:06:07'),
(175, 4, 70, '2020-04-30 18:06:07'),
(176, 4, 58, '2020-04-30 18:06:07'),
(177, 1, 49, '2020-04-30 18:06:07'),
(178, 2, 30, '2020-04-30 18:06:07'),
(179, 1, 28, '2020-04-30 18:06:07'),
(180, 6, 73, '2020-04-30 18:06:07'),
(181, 5, 77, '2020-04-30 18:06:07'),
(182, 5, 41, '2020-04-30 18:06:07'),
(183, 6, 51, '2020-04-30 18:06:07'),
(184, 3, 43, '2020-04-30 18:06:07'),
(185, 6, 1, '2020-04-30 18:06:07'),
(186, 5, 5, '2020-04-30 18:06:07'),
(187, 6, 75, '2020-04-30 18:06:07'),
(188, 1, 16, '2020-04-30 18:06:07'),
(189, 2, 3, '2020-04-30 18:06:07'),
(190, 5, 23, '2020-04-30 18:06:07'),
(191, 1, 41, '2020-04-30 18:06:07'),
(192, 2, 49, '2020-04-30 18:06:07'),
(193, 1, 55, '2020-04-30 18:06:07'),
(194, 1, 74, '2020-04-30 18:06:07'),
(195, 5, 36, '2020-04-30 18:06:07'),
(196, 6, 14, '2020-04-30 18:06:07'),
(197, 2, 13, '2020-04-30 18:06:07'),
(198, 3, 35, '2020-04-30 18:06:07'),
(199, 5, 15, '2020-04-30 18:06:07'),
(200, 5, 32, '2020-04-30 18:06:07'),
(201, 6, 4, '2020-04-30 18:06:07'),
(202, 6, 9, '2020-04-30 18:06:07'),
(203, 6, 51, '2020-04-30 18:06:07'),
(204, 4, 72, '2020-04-30 18:06:07'),
(205, 3, 7, '2020-04-30 18:06:07'),
(206, 2, 46, '2020-04-30 18:06:07'),
(207, 6, 19, '2020-04-30 18:06:07'),
(208, 5, 68, '2020-04-30 18:06:07'),
(209, 2, 57, '2020-04-30 18:06:07'),
(210, 2, 33, '2020-04-30 18:06:07'),
(211, 4, 24, '2020-04-30 18:06:07'),
(212, 5, 5, '2020-04-30 18:06:07'),
(213, 6, 70, '2020-04-30 18:06:07'),
(214, 3, 23, '2020-04-30 18:06:07'),
(215, 1, 4, '2020-04-30 18:06:07'),
(216, 4, 55, '2020-04-30 18:06:07'),
(217, 3, 64, '2020-04-30 18:06:07'),
(218, 5, 75, '2020-04-30 18:06:07'),
(219, 5, 80, '2020-04-30 18:06:07'),
(220, 1, 53, '2020-04-30 18:06:07'),
(221, 2, 46, '2020-04-30 18:06:07'),
(222, 4, 44, '2020-04-30 18:06:07'),
(223, 5, 27, '2020-04-30 18:06:07'),
(224, 1, 55, '2020-04-30 18:06:07'),
(225, 4, 49, '2020-04-30 18:06:07'),
(226, 4, 74, '2020-04-30 18:06:07'),
(227, 5, 21, '2020-04-30 18:06:07'),
(228, 3, 14, '2020-04-30 18:06:07'),
(229, 2, 22, '2020-04-30 18:06:07'),
(230, 5, 2, '2020-04-30 18:06:07'),
(231, 5, 27, '2020-04-30 18:06:07'),
(232, 3, 1, '2020-04-30 18:06:08'),
(233, 5, 68, '2020-04-30 18:06:08'),
(234, 1, 58, '2020-04-30 18:06:08'),
(235, 2, 66, '2020-04-30 18:06:08'),
(236, 4, 35, '2020-04-30 18:06:08'),
(237, 4, 17, '2020-04-30 18:06:08'),
(238, 6, 67, '2020-04-30 18:06:08'),
(239, 1, 11, '2020-04-30 18:06:08'),
(240, 2, 30, '2020-04-30 18:06:08'),
(241, 2, 1, '2020-04-30 18:06:08'),
(242, 4, 52, '2020-04-30 18:06:08'),
(243, 4, 42, '2020-04-30 18:06:08'),
(244, 2, 75, '2020-04-30 18:06:08'),
(245, 2, 24, '2020-04-30 18:06:08'),
(246, 2, 60, '2020-04-30 18:06:08'),
(247, 1, 24, '2020-04-30 18:06:08'),
(248, 3, 22, '2020-04-30 18:06:08'),
(249, 6, 38, '2020-04-30 18:06:08'),
(250, 6, 76, '2020-04-30 18:06:08'),
(251, 4, 57, '2020-04-30 18:06:08'),
(252, 5, 16, '2020-04-30 18:06:08'),
(253, 6, 41, '2020-04-30 18:06:08'),
(254, 6, 8, '2020-04-30 18:06:08'),
(255, 2, 2, '2020-04-30 18:06:08'),
(256, 2, 7, '2020-04-30 18:06:08'),
(257, 2, 1, '2020-04-30 18:06:08'),
(258, 5, 44, '2020-04-30 18:06:08'),
(259, 5, 46, '2020-04-30 18:06:08'),
(260, 6, 25, '2020-04-30 18:06:08'),
(261, 1, 47, '2020-04-30 18:06:08'),
(262, 5, 75, '2020-04-30 18:06:08'),
(263, 2, 8, '2020-04-30 18:06:08'),
(264, 6, 56, '2020-04-30 18:06:08'),
(265, 5, 28, '2020-04-30 18:06:08'),
(266, 6, 28, '2020-04-30 18:06:08'),
(267, 3, 6, '2020-04-30 18:06:08'),
(268, 1, 36, '2020-04-30 18:06:08'),
(269, 4, 75, '2020-04-30 18:06:08'),
(270, 6, 14, '2020-04-30 18:06:08'),
(271, 2, 50, '2020-04-30 18:06:08'),
(272, 2, 61, '2020-04-30 18:06:08'),
(273, 4, 39, '2020-04-30 18:06:08'),
(274, 5, 19, '2020-04-30 18:06:08'),
(275, 2, 37, '2020-04-30 18:06:08'),
(276, 6, 20, '2020-04-30 18:06:08'),
(277, 5, 15, '2020-04-30 18:06:08'),
(278, 4, 48, '2020-04-30 18:06:08'),
(279, 6, 60, '2020-04-30 18:06:08'),
(280, 2, 28, '2020-04-30 18:06:08'),
(281, 5, 9, '2020-04-30 18:06:08'),
(282, 3, 21, '2020-04-30 18:06:08'),
(283, 2, 22, '2020-04-30 18:06:08'),
(284, 3, 74, '2020-04-30 18:06:08'),
(285, 4, 53, '2020-04-30 18:06:08'),
(286, 5, 27, '2020-04-30 18:06:08'),
(287, 4, 65, '2020-04-30 18:06:08'),
(288, 6, 37, '2020-04-30 18:06:08'),
(289, 5, 5, '2020-04-30 18:06:08'),
(290, 4, 14, '2020-04-30 18:06:08'),
(291, 6, 12, '2020-04-30 18:06:08'),
(292, 3, 13, '2020-04-30 18:06:08'),
(293, 1, 62, '2020-04-30 18:06:08'),
(294, 5, 28, '2020-04-30 18:06:08'),
(295, 3, 48, '2020-04-30 18:06:08'),
(296, 1, 51, '2020-04-30 18:06:08'),
(297, 6, 70, '2020-04-30 18:06:08'),
(298, 6, 66, '2020-04-30 18:06:08'),
(299, 5, 79, '2020-04-30 18:06:08'),
(300, 6, 9, '2020-04-30 18:06:08');

-- --------------------------------------------------------

--
-- Table structure for table `test_subjects`
--

CREATE TABLE `test_subjects` (
  `id` bigint(20) UNSIGNED NOT NULL,
  `name` varchar(128) COLLATE utf8mb4_unicode_ci NOT NULL,
  `uri_alias` varchar(48) COLLATE utf8mb4_unicode_ci NOT NULL,
  `course` enum('1','2','3','4') COLLATE utf8mb4_unicode_ci NOT NULL
) ENGINE=InnoDB DEFAULT CHARSET=utf8mb4 COLLATE=utf8mb4_unicode_ci;

--
-- Dumping data for table `test_subjects`
--

INSERT INTO `test_subjects` (`id`, `name`, `uri_alias`, `course`) VALUES
(1, 'ООП', 'oop', '3'),
(2, 'Алгоритми', 'algorithms', '2');

-- --------------------------------------------------------

--
-- Table structure for table `users`
--

CREATE TABLE `users` (
  `id` bigint(20) UNSIGNED NOT NULL,
  `name` varchar(255) COLLATE utf8_unicode_ci NOT NULL,
  `surname` varchar(255) COLLATE utf8_unicode_ci NOT NULL,
  `patronymic` varchar(255) COLLATE utf8_unicode_ci NOT NULL,
  `student_group_id` bigint(20) UNSIGNED NOT NULL,
  `email` varchar(127) COLLATE utf8_unicode_ci NOT NULL,
  `email_verified_at` timestamp NULL DEFAULT NULL,
  `password` varchar(255) COLLATE utf8_unicode_ci NOT NULL,
  `password_changed` tinyint(1) NOT NULL DEFAULT 0,
  `remember_token` varchar(100) COLLATE utf8_unicode_ci DEFAULT NULL,
  `created_at` timestamp NULL DEFAULT NULL,
  `updated_at` timestamp NULL DEFAULT NULL
) ENGINE=InnoDB DEFAULT CHARSET=utf8 COLLATE=utf8_unicode_ci;

--
-- Dumping data for table `users`
--

INSERT INTO `users` (`id`, `name`, `surname`, `patronymic`, `student_group_id`, `email`, `email_verified_at`, `password`, `password_changed`, `remember_token`, `created_at`, `updated_at`) VALUES
(1, 'Анна', 'Іванченко', 'Пономаренко', 4, 'lydmila.gnatyk', NULL, '$2y$10$iB5IomS6svSFRqXirtQVveTMz/s10k7SY1xC56xhQCASWHlisvm2u', 0, NULL, '2020-04-30 18:05:52', '2020-04-30 18:05:52'),
(2, 'Валерій', 'Пономаренко', 'Мельниченко', 2, 'gmikityk', NULL, '$2y$10$V//yk9FyORaaEO1RqzBSBO3b3aNbyagNKtJVfsrXUsNBkLviUoDVi', 0, NULL, '2020-04-30 18:05:52', '2020-04-30 18:05:52'),
(3, 'Максим', 'Дмитренко', 'Боднаренко', 4, 'lev.kramarenko', NULL, '$2y$10$jCABVBIgEpcl/uRfmb5G5eBKY2vg1YL6kO2fMNh/TRi7bfbOk0j5K', 0, NULL, '2020-04-30 18:05:52', '2020-04-30 18:05:52'),
(4, 'В\'ячеслав', 'Антоненко', 'Шинкаренко', 2, 'sevcenko.dana', NULL, '$2y$10$2nI9s8qclsOyyX1/1mxhU.rY.HOdMrhW2NiE4i8pI0esIap1g/V9a', 0, NULL, '2020-04-30 18:05:52', '2020-04-30 18:05:52'),
(5, 'Юлія', 'Крамаренко', 'Василенко', 2, 'kra10', NULL, '$2y$10$tZLFYVE3F9yYTPH7pOcgKeMtXrReaRSWjzMO4WWcme7/v1q80BmU2', 0, NULL, '2020-04-30 18:05:53', '2020-04-30 18:05:53'),
(6, 'Георгій', 'Кравченко', 'Василенко', 3, 'vktor.mikityk', NULL, '$2y$10$eLSD3FCxxGUZI2erp4CT..SbOjWUKZBrzWlybV671hWHg7XNofI52', 0, NULL, '2020-04-30 18:05:53', '2020-04-30 18:05:53'),
(7, 'Ірина', 'Захарчук', 'Романченко', 1, 'melnicenko.miroslav', NULL, '$2y$10$iRsLKtxJ9AbIf2ZWF4DXs.LpIStdZRuwVHHZHyTPFKl/EaMoDLfbW', 0, NULL, '2020-04-30 18:05:53', '2020-04-30 18:05:53'),
(8, 'Анатолій', 'Шевченко', 'Таращук', 3, 'wvasilcuk', NULL, '$2y$10$HkC8PRub7gBzgr2cnjDYwejMvzZEL8Jf.EPO7pkMQSqC4tZqSZEWW', 0, NULL, '2020-04-30 18:05:53', '2020-04-30 18:05:53'),
(9, 'Поліна', 'Шинкаренко', 'Василенко', 3, 'smrosnicenko', NULL, '$2y$10$PDA2LpCHRU6..W9FADvEnO75Uywj9sMBfmYjduowjswviEdexciFa', 0, NULL, '2020-04-30 18:05:53', '2020-04-30 18:05:53'),
(10, 'Анна', 'Середа', 'Лисенко', 4, 'bogdan80', NULL, '$2y$10$OOgy4pX8g7G/9dcCEGMyzu1dxaFXgJeYTSgLWg/p7mPMyYRzhGq0a', 0, NULL, '2020-04-30 18:05:53', '2020-04-30 18:05:53'),
(11, 'Марина', 'Романченко', 'Петренко', 4, 'van55', NULL, '$2y$10$i8Vryr8pLos1yNINCt/ciulX7tLdCMS1CQfFDT1cQL.29ZuizegUS', 0, NULL, '2020-04-30 18:05:53', '2020-04-30 18:05:53'),
(12, 'Всеволод', 'Сергієнко', 'Лисенко', 1, 'fedr33', NULL, '$2y$10$ZUXn1k1iBZG7NG6Ify/6heJGV10WuvORffSJIT80sNSCw3fAuulNm', 0, NULL, '2020-04-30 18:05:53', '2020-04-30 18:05:53'),
(13, 'Єлизавета', 'Іванченко', 'Захарчук', 3, 'tetyna.kramarcuk', NULL, '$2y$10$Ls2kg40VsUDNceA27Q8wPeKQdBTNTUIZ6tNEVa0zDw.9uwvhn5Hd6', 0, NULL, '2020-04-30 18:05:54', '2020-04-30 18:05:54'),
(14, 'Лариса', 'Крамарчук', 'Сергієнко', 4, 'anna.vasilv', NULL, '$2y$10$TFxGkgg2VIjuDreSqL56ReO8UxhFj0L/oE3A1Z9aINSbC4vYbzRSG', 0, NULL, '2020-04-30 18:05:54', '2020-04-30 18:05:54'),
(15, 'Надія', 'Боднаренко', 'Крамаренко', 3, 'lybov.melnicenko', NULL, '$2y$10$lsefAsJiR2lbX8t5oD.AoOjaFhi/u1h3e6o6a.j6WCpe0YsojWcj6', 0, NULL, '2020-04-30 18:05:54', '2020-04-30 18:05:54'),
(16, 'Микита', 'Дмитренко', 'Микитюк', 4, 'bogdan.kravcuk', NULL, '$2y$10$3eoTtLMgwgCe5fQ8DENE6.awuV8R6NBQ.6XLMf6kD71BjJ14HIdHu', 0, NULL, '2020-04-30 18:05:54', '2020-04-30 18:05:54'),
(17, 'Данил', 'Шевчук', 'Васильєв', 1, 'xtarasuk', NULL, '$2y$10$FHFLE/dpyD1xE.h0dJEO8OMxwbB0a0rB0Cv9Jis/z1LI7VHkPsEtS', 0, NULL, '2020-04-30 18:05:54', '2020-04-30 18:05:54'),
(18, 'Наташа', 'Крамарчук', 'Романченко', 3, 'artur.sevcuk', NULL, '$2y$10$vAHlDjM6VYVpbjp7h2v6pejHCqsZVko2Uj1LkEB8F6etui9r6JbYq', 0, NULL, '2020-04-30 18:05:54', '2020-04-30 18:05:54'),
(19, 'Тетяна', 'Романченко', 'Шевчук', 1, 'nna.kravcuk', NULL, '$2y$10$QucOc9Z4F030gSod4o4h2uZ7SGxiDQv1aNjkUO/7sOCYQ6D923QZO', 0, NULL, '2020-04-30 18:05:54', '2020-04-30 18:05:54'),
(20, 'Оксана', 'Дмитренко', 'Крамаренко', 4, 'vyceslav.tarasuk', NULL, '$2y$10$785HmfdNdIQKqx3fAfV.j.5ythkJbe.7ku/OmcozvsHg8giaMhaPy', 0, NULL, '2020-04-30 18:05:55', '2020-04-30 18:05:55'),
(21, 'Владислав', 'Захарчук', 'Микитюк', 3, 'anastasy97', NULL, '$2y$10$x36tVxQRCCDZg3y9ZGX.Te1Au3F5iPU.s/D8lplCGREyyDf7FdZ/u', 0, NULL, '2020-04-30 18:05:55', '2020-04-30 18:05:55'),
(22, 'Данило', 'Броваренко', 'Сергієнко', 2, 'bodnarenko.timofi', NULL, '$2y$10$W6xyEZVNkusKi3Xw2DFG4ujGX4u8wcdX1MezFQvMUe.cM7JSUQopa', 0, NULL, '2020-04-30 18:05:55', '2020-04-30 18:05:55'),
(23, 'Євгеній', 'Пономаренко', 'Павлюк', 1, 'mikola.vasilcuk', NULL, '$2y$10$a3rU0o0fJLT39jy91R/rPevtiw9/aoQmML6xXiI8lhc1Ef5TlU7ru', 0, NULL, '2020-04-30 18:05:55', '2020-04-30 18:05:55'),
(24, 'Григорій', 'Кравченко', 'Кравчук', 1, 'gnatyk.vtali', NULL, '$2y$10$7fffLVgcUBbxKufzNXSWSu1Jbn1vjXZwo1WOTtDuYje/aFCvK4Kwa', 0, NULL, '2020-04-30 18:05:55', '2020-04-30 18:05:55'),
(25, 'Раїса', 'Гнатюк', 'Крамарчук', 1, 'pavlyk.larisa', NULL, '$2y$10$SYjnq.hd.phV0QbjcmjUU.wL2wtaXZziiNHXLFcswWBJMy.urzH2W', 0, NULL, '2020-04-30 18:05:55', '2020-04-30 18:05:55'),
(26, 'Ілля', 'Дмитренко', 'Павлюк', 3, 'vladislav19', NULL, '$2y$10$luufG8JBEryiZ0V0OHs8a.XZO7DKu0Idrq1ktZDOS2yF/xrFFkGNO', 0, NULL, '2020-04-30 18:05:56', '2020-04-30 18:05:56'),
(27, 'Ніна', 'Васильєв', 'Броварчук', 1, 'kvasilv', NULL, '$2y$10$jkX3d5s464AR7H0eZ.8EYOcYGGXtAOSrev1YCzio6FEkmkPxz4nRa', 0, NULL, '2020-04-30 18:05:56', '2020-04-30 18:05:56'),
(28, 'Діана', 'Мірошниченко', 'Крамарчук', 4, 'valeri58', NULL, '$2y$10$LZ9ryqY72ROVE0.RJSgcze3.I0m30zR8sqN0ohuqZRnhcYstCdqYu', 0, NULL, '2020-04-30 18:05:56', '2020-04-30 18:05:56'),
(29, 'Олена', 'Крамарчук', 'Петренко', 2, 'mkravcenko', NULL, '$2y$10$S6czy5vDfyECLSRXgFGc6uNhttijEkNvcuui7CL0GV4WW5xFgNwGi', 0, NULL, '2020-04-30 18:05:56', '2020-04-30 18:05:56'),
(30, 'Станіслав', 'Микитюк', 'Романченко', 1, 'dary.mrosnicenko', NULL, '$2y$10$mIgcw3vaA4/IyVXmEaR6aeu2uyzACrm9sOuUlk4lDjJG5sVUgjh3e', 0, NULL, '2020-04-30 18:05:56', '2020-04-30 18:05:56'),
(31, 'Поліна', 'Антоненко', 'Микитюк', 1, 'vasilv.nna', NULL, '$2y$10$nBmcYqazkL9mRUiPR8a82eUV9n1J16Nr5.rRhnFXjgA3Pc7u0axzu', 0, NULL, '2020-04-30 18:05:56', '2020-04-30 18:05:56'),
(32, 'Наташа', 'Микитюк', 'Сергієнко', 2, 'kramarcuk.maksim', NULL, '$2y$10$.xPUYXwHyvR0QeUxlOkMg.lQrI8W5fsXNxOT300DSKr4F2NoCRdjm', 0, NULL, '2020-04-30 18:05:56', '2020-04-30 18:05:56'),
(33, 'В\'ячеслав', 'Васильєв', 'Кравчук', 1, 'brovarenko.anna', NULL, '$2y$10$g4vnmERiphX4kfipgKn2keM6YOVSa0MGCyfsiwZi.DgvGqr.Zq0qC', 0, NULL, '2020-04-30 18:05:56', '2020-04-30 18:05:56'),
(34, 'Іван', 'Петренко', 'Антоненко', 3, 'oleksandr.panasyk', NULL, '$2y$10$N6tLzTVW9JFUafzFXIE3G.aK1C49hQmCIesrKL1.kfd1e6/6YO5Oq', 0, NULL, '2020-04-30 18:05:56', '2020-04-30 18:05:56'),
(35, 'Катерина', 'Броварчук', 'Шевченко', 2, 'vancenko.dana', NULL, '$2y$10$fXeATkv5iYcLSG5Unh9eSeQGSqBjejkT7bK4lHlCKxUX7zWu0Ffem', 0, NULL, '2020-04-30 18:05:57', '2020-04-30 18:05:57'),
(36, 'Раїса', 'Антоненко', 'Пономарчук', 4, 'lpanasyk', NULL, '$2y$10$hGi1rztN9BEDY9BQ77wNd.v0dhTcXYOvVxcy/OoZcDd.4S.qZ8Kfy', 0, NULL, '2020-04-30 18:05:57', '2020-04-30 18:05:57'),
(37, 'Леонід', 'Мірошниченко', 'Пономаренко', 1, 'lisenko.valentina', NULL, '$2y$10$tneq0vlRsnys1u1wyPbvie3NjL463nSqyS3iTjmvEmNwovcs75NF.', 0, NULL, '2020-04-30 18:05:57', '2020-04-30 18:05:57'),
(38, 'Данило', 'Боднаренко', 'Мірошниченко', 4, 'anna.brovarcuk', NULL, '$2y$10$nFfCNHLpa0aheIDB.J90R.Oiw7qiu75iDWg1Ad6pqvLZqaOQMfnjW', 0, NULL, '2020-04-30 18:05:57', '2020-04-30 18:05:57'),
(39, 'Євгеній', 'Кравченко', 'Пономарчук', 1, 'brovarcuk.lizaveta', NULL, '$2y$10$XsnDh6virJVE87QVylHOIO.ItKFOdBtq9mvfsAMghca/.LlVSmuqC', 0, NULL, '2020-04-30 18:05:57', '2020-04-30 18:05:57'),
(40, 'Кирил', 'Шевченко', 'Таращук', 3, 'mikita.ponomarenko', NULL, '$2y$10$3rrSzCQnrZ98Jk3iXhS7JOVfPT5uVRiIuC9b7wMOqyGhzucNJ2w8i', 0, NULL, '2020-04-30 18:05:57', '2020-04-30 18:05:57'),
(41, 'Сергій', 'Кравчук', 'Пономаренко', 4, 'bogdan.vasilcuk', NULL, '$2y$10$lPM2CaSTTRG.AU6bi2ta4OZWwCoxymc8EmeZi4p3XbWIUHfP7hMTC', 0, NULL, '2020-04-30 18:05:57', '2020-04-30 18:05:57'),
(42, 'Дар\'я', 'Шевчук', 'Мірошниченко', 4, 'zmikityk', NULL, '$2y$10$XbK2ucBNmmmSQnk59cBcduMV0e2pVaIwZ.Ts/EwRw37kN/9g4uKOi', 0, NULL, '2020-04-30 18:05:57', '2020-04-30 18:05:57'),
(43, 'Віра', 'Васильчук', 'Іванченко', 1, 'utarasuk', NULL, '$2y$10$RmJgqWzsz18SzIihses5Sux4x2PCXJfeloLkndiStpcKzieBpSdi.', 0, NULL, '2020-04-30 18:05:57', '2020-04-30 18:05:57'),
(44, 'Діана', 'Васильєв', 'Пономарчук', 4, 'cromancenko', NULL, '$2y$10$VVvWOAgBkaz6DGNxToWZNOcX5J1nr/Favg1JLdf93mJseGUZdunw6', 0, NULL, '2020-04-30 18:05:58', '2020-04-30 18:05:58'),
(45, 'Валерія', 'Крамаренко', 'Микитюк', 3, 'antonenko.nna', NULL, '$2y$10$8qUKaFHOZt1YeJ6/LMccb.LH4Ui1glQh/A1umhTw7GwMJhRoeTZGu', 0, NULL, '2020-04-30 18:05:58', '2020-04-30 18:05:58'),
(46, 'Юлія', 'Петренко', 'Крамаренко', 2, 'olena10', NULL, '$2y$10$t66I5UTM7gQJkyr3/Kn.N.9x4sx6fWvU4q3pX0yyvEwzOuf/NfIlG', 0, NULL, '2020-04-30 18:05:58', '2020-04-30 18:05:58'),
(47, 'Кіра', 'Дмитренко', 'Шевченко', 1, 'sinkarenko.andri', NULL, '$2y$10$inGF.7WiJ820WYn93XWgzOGGwc73DK2fyvjmeCgXqcgPOXiI5SYzK', 0, NULL, '2020-04-30 18:05:58', '2020-04-30 18:05:58'),
(48, 'Поліна', 'Гнатюк', 'Павлюк', 3, 'zmrosnicenko', NULL, '$2y$10$BDtVRgot3uN14O4lcODCV.Y29dqRgkxiB7vzbm1yduoXazkxOEMs6', 0, NULL, '2020-04-30 18:05:58', '2020-04-30 18:05:58'),
(49, 'Валерій', 'Микитюк', 'Кравченко', 4, 'ksevcenko', NULL, '$2y$10$hWHLAzHWrec.8vVgmDLJ0OsFJrQkLATBB5L1xrzEiANiP6OsqSI/O', 0, NULL, '2020-04-30 18:05:58', '2020-04-30 18:05:58'),
(50, 'Софія', 'Сергієнко', 'Середа', 1, 'nbrovarenko', NULL, '$2y$10$1d0N2PvMN1sO584VZb/fXujijVO9cnOihRbXVyJI9H1MyNo8adJi6', 0, NULL, '2020-04-30 18:05:58', '2020-04-30 18:05:58'),
(51, 'Євгеній', 'Сергієнко', 'Мірошниченко', 2, 'sponomarenko', NULL, '$2y$10$/CAAS4wkutosVXPoeo0H4eZll31cFHrIpVZyYEl95EhZOuUNXwHIy', 0, NULL, '2020-04-30 18:05:58', '2020-04-30 18:05:58'),
(52, 'Діана', 'Шевчук', 'Васильчук', 4, 'vadim.romancenko', NULL, '$2y$10$fNuPjUNHYXdxOEPtGPV6cOMf0n5Fj6vyE2ImFGl/eeGU8PVnt9lyW', 0, NULL, '2020-04-30 18:05:58', '2020-04-30 18:05:58'),
(53, 'Всеволод', 'Пономаренко', 'Романченко', 4, 'hkramarenko', NULL, '$2y$10$lm9Gg0cx5cEo080IsFt3xeUCnW2lmHL/R2BQkWaA2moj.3pDB0HEq', 0, NULL, '2020-04-30 18:05:59', '2020-04-30 18:05:59'),
(54, 'Ірина', 'Середа', 'Захарчук', 3, 'nna75', NULL, '$2y$10$TxmWhgl0O5qU8xefg4pxs.6cFuGaAxupAjsAqboE3Hsbh.no36T8.', 0, NULL, '2020-04-30 18:05:59', '2020-04-30 18:05:59'),
(55, 'Всеволод', 'Романченко', 'Крамаренко', 2, 'melnicenko.olga', NULL, '$2y$10$lW0UJgTTV2WX13mYi00tDu0l2rgHr8Qj2Y8l38fh7Qnx7Nql9U96O', 0, NULL, '2020-04-30 18:05:59', '2020-04-30 18:05:59'),
(56, 'Юлія', 'Пономарчук', 'Сергієнко', 1, 'ibrovarcuk', NULL, '$2y$10$ZHcjcWEARiNBVelamHkQxu24Iy61GEEmQ8i7e1DzHjfd6w9n/4gJ6', 0, NULL, '2020-04-30 18:05:59', '2020-04-30 18:05:59'),
(57, 'Надія', 'Васильєв', 'Шинкаренко', 3, 'tkravcenko', NULL, '$2y$10$0Ic/UG.m/9xhncLxs64bC.mcXQZyA9o5XwK30fNJ.ESwlpsYiQhbe', 0, NULL, '2020-04-30 18:05:59', '2020-04-30 18:05:59'),
(58, 'Олена', 'Шевчук', 'Іванченко', 3, 'georgi73', NULL, '$2y$10$ropwsjuuE7OjWEQ7BXVb6.augMCRckPeQKA8F7orhSBUOXKkZYNtC', 0, NULL, '2020-04-30 18:05:59', '2020-04-30 18:05:59'),
(59, 'Микола', 'Мірошниченко', 'Шевчук', 3, 'gor.vancenko', NULL, '$2y$10$ki.3m0NALepollNjx7FUZOdIvTR/nRqfPX2qqi1om6pJbxgaAyUqi', 0, NULL, '2020-04-30 18:05:59', '2020-04-30 18:05:59'),
(60, 'Віталій', 'Гнатюк', 'Крамарчук', 3, 'nazar.vasilcuk', NULL, '$2y$10$jv9lrp.bYY1BilufbtOaK.ZVPRgFmab/OFXgJO2FsRt5/.YjvnVym', 0, NULL, '2020-04-30 18:05:59', '2020-04-30 18:05:59'),
(61, 'Наташа', 'Пономарчук', 'Васильчук', 2, 'nna.antonenko', NULL, '$2y$10$3ec1TTl02khyVeYJEFOo..oZIg/YdHiulkk0F0JZrXNtbZPFyYGHK', 0, NULL, '2020-04-30 18:05:59', '2020-04-30 18:05:59'),
(62, 'Григорій', 'Дмитренко', 'Іванченко', 1, 'lizaveta64', NULL, '$2y$10$lEpwZk9ocv0PluBoeFjssOswo.Os.K457Eac.n4eh36p.pPqXn2O2', 0, NULL, '2020-04-30 18:06:00', '2020-04-30 18:06:00'),
(63, 'Катерина', 'Шинкаренко', 'Микитюк', 2, 'vgen94', NULL, '$2y$10$Y5hQicZkWMnwgp4BH.IGZeQ/HFWDsiofCyGV0ULInpf1Tdf4Vlidq', 0, NULL, '2020-04-30 18:06:00', '2020-04-30 18:06:00'),
(64, 'Ірина', 'Василенко', 'Шевченко', 2, 'ponomarenko.marina', NULL, '$2y$10$jO87.tu6mWNTkgpElvQR7e6TSE4QxST8qJPeeMs7/O./GrcS02UE2', 0, NULL, '2020-04-30 18:06:00', '2020-04-30 18:06:00'),
(65, 'Катерина', 'Сергієнко', 'Боднаренко', 2, 'akravcuk', NULL, '$2y$10$4DYYukpUKvr5MI5oonOk0ecKuNbVEmttGTBGwdf3hiQvi/RACUxba', 0, NULL, '2020-04-30 18:06:00', '2020-04-30 18:06:00'),
(66, 'Катерина', 'Гнатюк', 'Шинкаренко', 1, 'vsevolod.ponomarcuk', NULL, '$2y$10$ZmMBeAbhDP6ASzx7ndBdmOd9Wq5NHl6bHIFigcSWHp71SWSvC0JUO', 0, NULL, '2020-04-30 18:06:00', '2020-04-30 18:06:00'),
(67, 'Олександра', 'Романченко', 'Крамаренко', 2, 'zbrovarcuk', NULL, '$2y$10$YpvQaVaPvGHwTJ3bNGTRq.iltZpWtjBajnWQprFMVrgT.PMKxR3.e', 0, NULL, '2020-04-30 18:06:00', '2020-04-30 18:06:00'),
(68, 'Тетяна', 'Мірошниченко', 'Антоненко', 2, 'kramarcuk.fedr', NULL, '$2y$10$s5EJNhY5MTYpUYfFpP3PdO13ffnecfFi67nn6fX4ysWlgzOozq.YS', 0, NULL, '2020-04-30 18:06:00', '2020-04-30 18:06:00'),
(69, 'Андрій', 'Лисенко', 'Василенко', 3, 'mikityk.dary', NULL, '$2y$10$mFfz3EIC0/JCK.l0Pej7yOEPHnfbvLxy7Y/e.TcdjytTr8XUjyuLm', 0, NULL, '2020-04-30 18:06:00', '2020-04-30 18:06:00'),
(70, 'Діана', 'Микитюк', 'Шинкаренко', 2, 'vasilenko.yri', NULL, '$2y$10$v0drFV8ViDV8xzvjR8kfTuHLwZEpl.UwErcGG.b2ofOsq3VfRUXiO', 0, NULL, '2020-04-30 18:06:00', '2020-04-30 18:06:00'),
(71, 'Анастасія', 'Гнатюк', 'Пономаренко', 4, 'timofi.vasilv', NULL, '$2y$10$Y1gV6c7wFYSGFIkRFpsasen2w4sfuVCsJLuF62Tp.KehbhnF6zBb.', 0, NULL, '2020-04-30 18:06:01', '2020-04-30 18:06:01'),
(72, 'Михайло', 'Боднаренко', 'Кравчук', 2, 'rlisenko', NULL, '$2y$10$NPeure8dp0/83Yzc4wE3iueCNSMENj7.NDSF1W2sAcdvrn90LnFbm', 0, NULL, '2020-04-30 18:06:01', '2020-04-30 18:06:01'),
(73, 'Єлизавета', 'Броваренко', 'Захарчук', 1, 'yly99', NULL, '$2y$10$92h0PqzLorWhVfzarQBUVOWRFO7vID9aHa5CB/NBjsKF4eSU6k.FK', 0, NULL, '2020-04-30 18:06:01', '2020-04-30 18:06:01'),
(74, 'Надія', 'Романченко', 'Боднаренко', 1, 'nady.sevcenko', NULL, '$2y$10$Yt1yaQpGgZu10Lpn.pzlweFSJBUS.rLejYKOxD39V9tFb6QHhbdrq', 0, NULL, '2020-04-30 18:06:01', '2020-04-30 18:06:01'),
(75, 'Валерій', 'Василенко', 'Броварчук', 1, 'dvancenko', NULL, '$2y$10$1tu.PrhfzowCY9JUusna7OL3Im.YI.irVNAlql0BfhKL/A1iZbpc.', 0, NULL, '2020-04-30 18:06:01', '2020-04-30 18:06:01'),
(76, 'Діана', 'Романченко', 'Василенко', 2, 'vsevolod26', NULL, '$2y$10$ulmlv.NFGjNDSIqz3fBgfuz/ZjuK8FuI9yWfA5VYYgKt4sU9l16fm', 0, NULL, '2020-04-30 18:06:01', '2020-04-30 18:06:01'),
(77, 'Катерина', 'Броварчук', 'Васильєв', 2, 'imelnicenko', NULL, '$2y$10$1zoYIK2OJemUbIwsqEh3eOHC7YAHc2jPW3JUjgJEeNNP2SansVFiS', 0, NULL, '2020-04-30 18:06:01', '2020-04-30 18:06:01'),
(78, 'Вадим', 'Шевченко', 'Пономарчук', 4, 'sevcuk.lybov', NULL, '$2y$10$5nFE3hiKlCM.n0Tt09h3NOjsg1FqfFzAkAmlLH6Kbu3f//Tp6pp1S', 0, NULL, '2020-04-30 18:06:01', '2020-04-30 18:06:01'),
(79, 'Денис', 'Мірошниченко', 'Іванченко', 2, 'gmrosnicenko', NULL, '$2y$10$lrroOEaP2PJ9H5yykpyPHOaJB0k8vGV4ep8y0XrNXuaAMQR416s0m', 0, NULL, '2020-04-30 18:06:01', '2020-04-30 18:06:01'),
(80, 'Андрій', 'Гнатюк', 'Павлюк', 4, 'okramarenko', NULL, '$2y$10$Cw9fddUxEWe0oSWtff6bqudYLtusKlzD0JRHNmHvcmr.8iYqpMqKG', 0, NULL, '2020-04-30 18:06:02', '2020-04-30 18:06:02');

--
-- Indexes for dumped tables
--

--
-- Indexes for table `administrators`
--
ALTER TABLE `administrators`
  ADD PRIMARY KEY (`id`),
  ADD UNIQUE KEY `administrators_email_unique` (`email`);

--
-- Indexes for table `answers`
--
ALTER TABLE `answers`
  ADD PRIMARY KEY (`id`),
  ADD KEY `answers_answer_option_id_foreign` (`answer_option_id`),
  ADD KEY `answers_asked_question_id_foreign` (`asked_question_id`);

--
-- Indexes for table `answer_options`
--
ALTER TABLE `answer_options`
  ADD PRIMARY KEY (`id`),
  ADD KEY `answer_options_question_id_foreign` (`question_id`);

--
-- Indexes for table `asked_questions`
--
ALTER TABLE `asked_questions`
  ADD PRIMARY KEY (`id`),
  ADD KEY `asked_questions_test_result_id_foreign` (`test_result_id`),
  ADD KEY `asked_questions_question_id_foreign` (`question_id`);

--
-- Indexes for table `failed_jobs`
--
ALTER TABLE `failed_jobs`
  ADD PRIMARY KEY (`id`);

--
-- Indexes for table `migrations`
--
ALTER TABLE `migrations`
  ADD PRIMARY KEY (`id`);

--
-- Indexes for table `model_has_permissions`
--
ALTER TABLE `model_has_permissions`
  ADD PRIMARY KEY (`permission_id`,`model_id`,`model_type`),
  ADD KEY `model_has_permissions_model_id_model_type_index` (`model_id`,`model_type`);

--
-- Indexes for table `model_has_roles`
--
ALTER TABLE `model_has_roles`
  ADD PRIMARY KEY (`role_id`,`model_id`,`model_type`),
  ADD KEY `model_has_roles_model_id_model_type_index` (`model_id`,`model_type`);

--
-- Indexes for table `password_resets`
--
ALTER TABLE `password_resets`
  ADD KEY `password_resets_email_index` (`email`);

--
-- Indexes for table `permissions`
--
ALTER TABLE `permissions`
  ADD PRIMARY KEY (`id`);

--
-- Indexes for table `questions`
--
ALTER TABLE `questions`
  ADD PRIMARY KEY (`id`),
  ADD KEY `questions_test_id_foreign` (`test_id`);

--
-- Indexes for table `roles`
--
ALTER TABLE `roles`
  ADD PRIMARY KEY (`id`);

--
-- Indexes for table `role_has_permissions`
--
ALTER TABLE `role_has_permissions`
  ADD PRIMARY KEY (`permission_id`,`role_id`),
  ADD KEY `role_has_permissions_role_id_foreign` (`role_id`);

--
-- Indexes for table `student_groups`
--
ALTER TABLE `student_groups`
  ADD PRIMARY KEY (`id`),
  ADD UNIQUE KEY `student_groups_uri_alias_unique` (`uri_alias`),
  ADD KEY `student_groups_year_index` (`year`),
  ADD KEY `student_groups_created_by_foreign` (`created_by`);

--
-- Indexes for table `tests`
--
ALTER TABLE `tests`
  ADD PRIMARY KEY (`id`),
  ADD UNIQUE KEY `tests_uri_alias_unique` (`uri_alias`),
  ADD KEY `tests_test_subject_id_foreign` (`test_subject_id`),
  ADD KEY `tests_created_by_foreign` (`created_by`);

--
-- Indexes for table `test_composite`
--
ALTER TABLE `test_composite`
  ADD PRIMARY KEY (`id`),
  ADD KEY `test_composite_id_test_foreign` (`id_test`),
  ADD KEY `test_composite_id_include_test_foreign` (`id_include_test`);

--
-- Indexes for table `test_results`
--
ALTER TABLE `test_results`
  ADD PRIMARY KEY (`id`),
  ADD KEY `test_results_test_id_foreign` (`test_id`),
  ADD KEY `test_results_user_id_foreign` (`user_id`);

--
-- Indexes for table `test_subjects`
--
ALTER TABLE `test_subjects`
  ADD PRIMARY KEY (`id`),
  ADD UNIQUE KEY `test_subjects_uri_alias_unique` (`uri_alias`);

--
-- Indexes for table `users`
--
ALTER TABLE `users`
  ADD PRIMARY KEY (`id`),
  ADD UNIQUE KEY `users_email_unique` (`email`),
  ADD KEY `users_student_group_id_foreign` (`student_group_id`);

--
-- AUTO_INCREMENT for dumped tables
--

--
-- AUTO_INCREMENT for table `administrators`
--
ALTER TABLE `administrators`
  MODIFY `id` bigint(20) UNSIGNED NOT NULL AUTO_INCREMENT, AUTO_INCREMENT=5;

--
-- AUTO_INCREMENT for table `answers`
--
ALTER TABLE `answers`
  MODIFY `id` bigint(20) UNSIGNED NOT NULL AUTO_INCREMENT, AUTO_INCREMENT=7384;

--
-- AUTO_INCREMENT for table `answer_options`
--
ALTER TABLE `answer_options`
  MODIFY `id` bigint(20) UNSIGNED NOT NULL AUTO_INCREMENT, AUTO_INCREMENT=148;

--
-- AUTO_INCREMENT for table `asked_questions`
--
ALTER TABLE `asked_questions`
  MODIFY `id` bigint(20) UNSIGNED NOT NULL AUTO_INCREMENT, AUTO_INCREMENT=2073;

--
-- AUTO_INCREMENT for table `failed_jobs`
--
ALTER TABLE `failed_jobs`
  MODIFY `id` bigint(20) UNSIGNED NOT NULL AUTO_INCREMENT;

--
-- AUTO_INCREMENT for table `migrations`
--
ALTER TABLE `migrations`
  MODIFY `id` int(10) UNSIGNED NOT NULL AUTO_INCREMENT, AUTO_INCREMENT=25;

--
-- AUTO_INCREMENT for table `permissions`
--
ALTER TABLE `permissions`
  MODIFY `id` bigint(20) UNSIGNED NOT NULL AUTO_INCREMENT, AUTO_INCREMENT=27;

--
-- AUTO_INCREMENT for table `questions`
--
ALTER TABLE `questions`
  MODIFY `id` bigint(20) UNSIGNED NOT NULL AUTO_INCREMENT, AUTO_INCREMENT=41;

--
-- AUTO_INCREMENT for table `roles`
--
ALTER TABLE `roles`
  MODIFY `id` bigint(20) UNSIGNED NOT NULL AUTO_INCREMENT, AUTO_INCREMENT=4;

--
-- AUTO_INCREMENT for table `student_groups`
--
ALTER TABLE `student_groups`
  MODIFY `id` bigint(20) UNSIGNED NOT NULL AUTO_INCREMENT, AUTO_INCREMENT=5;

--
-- AUTO_INCREMENT for table `tests`
--
ALTER TABLE `tests`
  MODIFY `id` bigint(20) UNSIGNED NOT NULL AUTO_INCREMENT, AUTO_INCREMENT=7;

--
-- AUTO_INCREMENT for table `test_composite`
--
ALTER TABLE `test_composite`
  MODIFY `id` bigint(20) UNSIGNED NOT NULL AUTO_INCREMENT, AUTO_INCREMENT=7;

--
-- AUTO_INCREMENT for table `test_results`
--
ALTER TABLE `test_results`
  MODIFY `id` bigint(20) UNSIGNED NOT NULL AUTO_INCREMENT, AUTO_INCREMENT=301;

--
-- AUTO_INCREMENT for table `test_subjects`
--
ALTER TABLE `test_subjects`
  MODIFY `id` bigint(20) UNSIGNED NOT NULL AUTO_INCREMENT, AUTO_INCREMENT=3;

--
-- AUTO_INCREMENT for table `users`
--
ALTER TABLE `users`
  MODIFY `id` bigint(20) UNSIGNED NOT NULL AUTO_INCREMENT, AUTO_INCREMENT=81;

--
-- Constraints for dumped tables
--

--
-- Constraints for table `answers`
--
ALTER TABLE `answers`
  ADD CONSTRAINT `answers_answer_option_id_foreign` FOREIGN KEY (`answer_option_id`) REFERENCES `answer_options` (`id`) ON DELETE CASCADE ON UPDATE CASCADE,
  ADD CONSTRAINT `answers_asked_question_id_foreign` FOREIGN KEY (`asked_question_id`) REFERENCES `asked_questions` (`id`) ON DELETE CASCADE ON UPDATE CASCADE;

--
-- Constraints for table `answer_options`
--
ALTER TABLE `answer_options`
  ADD CONSTRAINT `answer_options_question_id_foreign` FOREIGN KEY (`question_id`) REFERENCES `questions` (`id`) ON DELETE CASCADE ON UPDATE CASCADE;

--
-- Constraints for table `asked_questions`
--
ALTER TABLE `asked_questions`
  ADD CONSTRAINT `asked_questions_question_id_foreign` FOREIGN KEY (`question_id`) REFERENCES `questions` (`id`) ON DELETE CASCADE ON UPDATE CASCADE,
  ADD CONSTRAINT `asked_questions_test_result_id_foreign` FOREIGN KEY (`test_result_id`) REFERENCES `test_results` (`id`) ON DELETE CASCADE ON UPDATE CASCADE;

--
-- Constraints for table `model_has_permissions`
--
ALTER TABLE `model_has_permissions`
  ADD CONSTRAINT `model_has_permissions_permission_id_foreign` FOREIGN KEY (`permission_id`) REFERENCES `permissions` (`id`) ON DELETE CASCADE;

--
-- Constraints for table `model_has_roles`
--
ALTER TABLE `model_has_roles`
  ADD CONSTRAINT `model_has_roles_role_id_foreign` FOREIGN KEY (`role_id`) REFERENCES `roles` (`id`) ON DELETE CASCADE;

--
-- Constraints for table `questions`
--
ALTER TABLE `questions`
  ADD CONSTRAINT `questions_test_id_foreign` FOREIGN KEY (`test_id`) REFERENCES `tests` (`id`) ON DELETE CASCADE ON UPDATE CASCADE;

--
-- Constraints for table `role_has_permissions`
--
ALTER TABLE `role_has_permissions`
  ADD CONSTRAINT `role_has_permissions_permission_id_foreign` FOREIGN KEY (`permission_id`) REFERENCES `permissions` (`id`) ON DELETE CASCADE,
  ADD CONSTRAINT `role_has_permissions_role_id_foreign` FOREIGN KEY (`role_id`) REFERENCES `roles` (`id`) ON DELETE CASCADE;

--
-- Constraints for table `student_groups`
--
ALTER TABLE `student_groups`
  ADD CONSTRAINT `student_groups_created_by_foreign` FOREIGN KEY (`created_by`) REFERENCES `administrators` (`id`) ON DELETE SET NULL ON UPDATE CASCADE;

--
-- Constraints for table `tests`
--
ALTER TABLE `tests`
  ADD CONSTRAINT `tests_created_by_foreign` FOREIGN KEY (`created_by`) REFERENCES `administrators` (`id`) ON DELETE SET NULL ON UPDATE CASCADE,
  ADD CONSTRAINT `tests_test_subject_id_foreign` FOREIGN KEY (`test_subject_id`) REFERENCES `test_subjects` (`id`) ON DELETE CASCADE ON UPDATE CASCADE;

--
-- Constraints for table `test_composite`
--
ALTER TABLE `test_composite`
  ADD CONSTRAINT `test_composite_id_include_test_foreign` FOREIGN KEY (`id_include_test`) REFERENCES `tests` (`id`) ON DELETE CASCADE ON UPDATE CASCADE,
  ADD CONSTRAINT `test_composite_id_test_foreign` FOREIGN KEY (`id_test`) REFERENCES `tests` (`id`) ON DELETE CASCADE ON UPDATE CASCADE;

--
-- Constraints for table `test_results`
--
ALTER TABLE `test_results`
  ADD CONSTRAINT `test_results_test_id_foreign` FOREIGN KEY (`test_id`) REFERENCES `tests` (`id`) ON DELETE CASCADE ON UPDATE CASCADE,
  ADD CONSTRAINT `test_results_user_id_foreign` FOREIGN KEY (`user_id`) REFERENCES `users` (`id`) ON DELETE CASCADE ON UPDATE CASCADE;

--
-- Constraints for table `users`
--
ALTER TABLE `users`
  ADD CONSTRAINT `users_student_group_id_foreign` FOREIGN KEY (`student_group_id`) REFERENCES `student_groups` (`id`) ON DELETE CASCADE ON UPDATE CASCADE;
COMMIT;

/*!40101 SET CHARACTER_SET_CLIENT=@OLD_CHARACTER_SET_CLIENT */;
/*!40101 SET CHARACTER_SET_RESULTS=@OLD_CHARACTER_SET_RESULTS */;
/*!40101 SET COLLATION_CONNECTION=@OLD_COLLATION_CONNECTION */;
